Description,Test_ID,anger,boredom,enthusiasm,fun,happiness,hate,love,neutral,relief,sadness,surprise,worry
ive been really angry with r and i feel like an idiot for trusting him in the first place,3,1,0,0,0,0,0,0,0,0,0,0,0
i looked at what had happened to us in two generations and looked at what hadn t happened to them in two or three and instead of feeling outraged by their history of aggression i felt privileged by it,40,1,0,0,0,0,0,0,0,0,0,0,0
i feel morally outraged and furious more often than i d like,51,1,0,0,0,0,0,0,0,0,0,0,0
i also hope you understand why i feel so angry with you when you dont support the hat rule or when you turn up at a school event sans hat yourself,87,1,0,0,0,0,0,0,0,0,0,0,0
i p i could sit here and beat myself up over it all but im feeling far to rebellious for that today basically im feeling angry at the world and at myself all at the same time,110,1,0,0,0,0,0,0,0,0,0,0,0
i was going crazy thank god i have a craving for fruits and chocolate it made me go out in the cold with a gross wind blowing in my neck feeling mad and angry and crappy,128,1,0,0,0,0,0,0,0,0,0,0,0
i feel so enraged that i want to punch him but i don t because he s only years old,166,1,0,0,0,0,0,0,0,0,0,0,0
i find it hard to feel jolly when throngs of people around me are so lost in the fervor of getting stuff that they cant see their heart for the green in their wallet encouraged by the constant barrage and pressure from every angle to shop here and buy more,221,1,0,0,0,0,0,0,0,0,0,0,0
i was feeling angry at myself for feeling self conscious about my shorts or for wishing that i wasnt alone,249,1,0,0,0,0,0,0,0,0,0,0,0
i feel almost angry that i have been fed like a lab rat for so many years,368,1,0,0,0,0,0,0,0,0,0,0,0
i hurt and feel suspicious and definitely get angry,469,1,0,0,0,0,0,0,0,0,0,0,0
i feel outraged about this type of thing,591,1,0,0,0,0,0,0,0,0,0,0,0
i need to move past the grief and maybe even feel angry,730,1,0,0,0,0,0,0,0,0,0,0,0
i need to listen to a song where i can be angry and feel accepted at the same time,827,1,0,0,0,0,0,0,0,0,0,0,0
i know now makes me feel outraged,846,1,0,0,0,0,0,0,0,0,0,0,0
i cant abide the political mess the country is in though i feel equally enraged about the state of uk politics,849,1,0,0,0,0,0,0,0,0,0,0,0
i do feel angry,879,1,0,0,0,0,0,0,0,0,0,0,0
i feel that way makes me even more angry,1009,1,0,0,0,0,0,0,0,0,0,0,0
i remember as a child feeling totally scandalized and outraged when i found out that girls didnt play in the nfl,1059,1,0,0,0,0,0,0,0,0,0,0,0
i want to wimp out on feeling outraged,1064,1,0,0,0,0,0,0,0,0,0,0,0
i aint pissed angry mad or anything i just feel pretty much fuckin insulted,1086,1,0,0,0,0,0,0,0,0,0,0,0
i used to get the worthless feeling like i said previously my gear was going on ebay but now catch or not i m not bothered it is all about having a go i think a little more when fish are thin on the ground but not dejected or angry,1101,1,0,0,0,0,0,0,0,0,0,0,0
i can t even feel outraged by it,1103,1,0,0,0,0,0,0,0,0,0,0,0
i can see in myself a lot of the older son i m angry at god the father not giving me what i want even though i feel that i ve been pretty faithful to him though i ve screwed up plenty,1125,1,0,0,0,0,0,0,0,0,0,0,0
i was feeling pretty cranky about it but when i called the garage door guy this morning he said that his scheduler wasnt in because her husband had a massive heart attack over the weekend hes okay so he couldnt give me a time the repairman will call before he comes,1165,1,0,0,0,0,0,0,0,0,0,0,0
i am not even italian but i feel outraged by the stupidity of ppl on this blog,1167,1,0,0,0,0,0,0,0,0,0,0,0
i feel like my go to emotion is angry,1191,1,0,0,0,0,0,0,0,0,0,0,0
i get angry at myself when i feel bitter,1209,1,0,0,0,0,0,0,0,0,0,0,0
i get on new years eve but it makes me feel rebellious being underage and all,1301,1,0,0,0,0,0,0,0,0,0,0,0
i feel equally morally outraged regardless of whether its michigans or new yorks governor sleeping with prostitutes behind his wifes and daughters backs,1317,1,0,0,0,0,0,0,0,0,0,0,0
i feel as though sometimes i can be more clever than average,1330,1,0,0,0,0,0,0,0,0,0,0,0
i feel really petty at the moment because i am extremely angry because im broke at the moment and it sort of pisses me off,1400,1,0,0,0,0,0,0,0,0,0,0,0
i resent you as much as i do that i feel needlessly and unreasonably angry whenever you re around that the slightest idiosyncrasies of yours make me sick,1477,1,0,0,0,0,0,0,0,0,0,0,0
ive just spent the last half hour feeling ridiculously angry over insensitive comments from my partner but that all changed a few minutes ago to real pride over how much i have changed,1482,1,0,0,0,0,0,0,0,0,0,0,0
i kept feeling enraged that she was in too,1622,1,0,0,0,0,0,0,0,0,0,0,0
i feel like im so enraged,1702,1,0,0,0,0,0,0,0,0,0,0,0
i want to say how i want to feel just come out so bitter and angry,1783,1,0,0,0,0,0,0,0,0,0,0,0
i have every right to feel outraged that their legacy may be in danger,1832,1,0,0,0,0,0,0,0,0,0,0,0
i feel like drinkin drinkin angry someones gonna die whiskey and beer les paul a href http farm,1856,1,0,0,0,0,0,0,0,0,0,0,0
i know i probably shouldnt write with that sort of angry passion here on the blog but i never want to feel inhibited on what i can and cannot post,1865,1,0,0,0,0,0,0,0,0,0,0,0
i feel so impatient so easily annoyed so outraged by the blatant defiance that seems to be olivias most prominent characteristic these days,1874,1,0,0,0,0,0,0,0,0,0,0,0
i feel angry or resentful all i need do is remind myself that each day sober has been made possible by a fellowship which supports me all the way,1897,1,0,0,0,0,0,0,0,0,0,0,0
i read a story that left me feeling confused frustrated and a little angry,1899,1,0,0,0,0,0,0,0,0,0,0,0
i don t know what to do about it or how to do it almost feeling angry within myself that i can t do something tangible and pragmatic to help my sisters,1904,1,0,0,0,0,0,0,0,0,0,0,0
i cannot in good conscience encourage my young kids read stuff from someone i feel is so vile no matter how good it is,1935,1,0,0,0,0,0,0,0,0,0,0,0
im feeling really quite angry,1960,1,0,0,0,0,0,0,0,0,0,0,0
i know the pain parents feel when an enraged child becomes violent,1995,1,0,0,0,0,0,0,0,0,0,0,0
i was building with angie i m feeling profoundly betrayed and very angry,2020,1,0,0,0,0,0,0,0,0,0,0,0
i can feel this really effecting my attitude toward her i feel bitter and angry,2111,1,0,0,0,0,0,0,0,0,0,0,0
i had a horrible tragedy something that i was terribly ashamed of or something that was causing me great pain or that was making me feel vulnerable i have more than just one or two very trusted people who i know i could call for help,2194,1,0,0,0,0,0,0,0,0,0,0,0
i was incredibly youthful in my employment in which i had been angry stay when i was feeling i had been offended simply because i wasnt the professional decided on,2234,1,0,0,0,0,0,0,0,0,0,0,0
i have swung between feeling resentful that others need me to feeling ashamed and angry that i am not more with it and able to be a better daughter sister friend citizen,2237,1,0,0,0,0,0,0,0,0,0,0,0
i feel angry at him for being so selfish and giving me absolutely nothing to go on,2435,1,0,0,0,0,0,0,0,0,0,0,0
i can feel she still angry with me,2487,1,0,0,0,0,0,0,0,0,0,0,0
i dont like the way i feel when i am angry,2576,1,0,0,0,0,0,0,0,0,0,0,0
im feeling enraged at another persons actions i have to consider what i was thinking about in the moments prior to the incident,2655,1,0,0,0,0,0,0,0,0,0,0,0
i feel angry disgusted,2658,1,0,0,0,0,0,0,0,0,0,0,0
i was playing with friends then i decided to splash some sand into a car which was moving nearby the driver got angry and came to report to my parents,2719,1,0,0,0,0,0,0,0,0,0,0,0
i know i dont live in new york anymore but i feel so outraged that this could happen in my city,2727,1,0,0,0,0,0,0,0,0,0,0,0
i try to feel confident about it but when ever our eyes meet i feel strong like in gym we have the exercise machines and i could only do lbs on average and i always wanted to do,2813,1,0,0,0,0,0,0,0,0,0,0,0
i was feeling angry and jealous and deceived,2819,1,0,0,0,0,0,0,0,0,0,0,0
i feel like i am i the only one out there who is as angry as i am about suffering such loss about stupid cancer about unfairness about what is even though nothing about it is right,2827,1,0,0,0,0,0,0,0,0,0,0,0
i do feel apprehensive before meeting someone new particularly in a group situation but i just sign up for everything i can and hope that i ll have found the courage to do it by the time it comes round and i always have so far,2882,1,0,0,0,0,0,0,0,0,0,0,0
i have begun to feel irrationally resentful and angry towards people,2930,1,0,0,0,0,0,0,0,0,0,0,0
i don t want to feel annoyed resentful or angry at the fact that he s already had the experience of having and raising kids,2957,1,0,0,0,0,0,0,0,0,0,0,0
ive had a rather average career because i decided to work less to earn less no rolex anywhere to be seen but have managed to write and even publish some of the short story collections and novels i have in my mind and on my drafts today i will feel successful,2960,1,0,0,0,0,0,0,0,0,0,0,0
i feel like i can take on the world and even if it says no to me i wont be afraid and will not be discouraged,3003,1,0,0,0,0,0,0,0,0,0,0,0
i think its the case that whether people like anne coulter or ed schultz really feel as outraged as they do their viewers most certainly do feel that kind of outrage and anger about the substance of their collective tirades,3155,1,0,0,0,0,0,0,0,0,0,0,0
i didnt think i was angry but now that im typing away feeling my words evaporate into cyberspace i am very pissed that this is happening,3230,1,0,0,0,0,0,0,0,0,0,0,0
i feel angry thinking how much the government has gulped away over money,3272,1,0,0,0,0,0,0,0,0,0,0,0
i feel like normally i would be angry because thats what i actually think that i could never be beautiful at my size,3317,1,0,0,0,0,0,0,0,0,0,0,0
i remember feeling outraged to my core when i read a particularly heinous series of articles in the friday times where else if not this paper,3337,1,0,0,0,0,0,0,0,0,0,0,0
i ever feel anymore is when one of us gets angry,3417,1,0,0,0,0,0,0,0,0,0,0,0
i feel so angry that cancer is slowly killing my dad,3452,1,0,0,0,0,0,0,0,0,0,0,0
i found myself feeling so angry,3571,1,0,0,0,0,0,0,0,0,0,0,0
i feel wronged by certain people and my instinct was to get angry at them and stop speaking to them but two wrongs dont make a right i think,3585,1,0,0,0,0,0,0,0,0,0,0,0
i tackle political ideas only when something makes me feel angry and even then it is often personal,3635,1,0,0,0,0,0,0,0,0,0,0,0
i also feel angry and mad and bitter because we nor anyone should have to do it,3771,1,0,0,0,0,0,0,0,0,0,0,0
i have had some very emotional nights of crying feeling unsure and angry,3863,1,0,0,0,0,0,0,0,0,0,0,0
i cannot help but feel outraged to recognize that essentially children in america have no rights at all,3980,1,0,0,0,0,0,0,0,0,0,0,0
i feel very angry but once a simple msg made me blur really blur,4064,1,0,0,0,0,0,0,0,0,0,0,0
im feeling angry i think i strop about ruffling the air and inflating my position and exaggerating the issue,4108,1,0,0,0,0,0,0,0,0,0,0,0
im sure that the folks in virginia florida and the other handful of swing states agree feel not only put upon but insulted by the constant barrage,4316,1,0,0,0,0,0,0,0,0,0,0,0
i feel like i have to preface this post w a disclaimer of some sort before i have an enraged peta after me or something equally as horrible,4381,1,0,0,0,0,0,0,0,0,0,0,0
i feel angry man named muaz,4399,1,0,0,0,0,0,0,0,0,0,0,0
i feel so mad i feel so angry i feel so callous so lost confused again i feel so cheap so used unfaithful let s start over let s start over let s start over,4416,1,0,0,0,0,0,0,0,0,0,0,0
i have to confess to feeling quite angry when i read some of the negative reviews of uses for boys some of which are basically victim blaming and slut shaming,4570,1,0,0,0,0,0,0,0,0,0,0,0
i went ahead and did the shooting afterwards a few of the guys asked me to go out for drinks and i agreed i knew i should have rang you tried to work things out with you but i was angry and feeling stubborn,4640,1,0,0,0,0,0,0,0,0,0,0,0
i feel angry alone unwanted vexed irritable all the time,4684,1,0,0,0,0,0,0,0,0,0,0,0
i feel helpless about not being able to help him in feeling better but do my best to encourage him and think positively as mom is doing,4715,1,0,0,0,0,0,0,0,0,0,0,0
i start feeling angry i need to actually stop and figure out what im really feeling so i can deal with life in a more balanced way,4797,1,0,0,0,0,0,0,0,0,0,0,0
im feeling so angry because that was just wasted work from her side,4800,1,0,0,0,0,0,0,0,0,0,0,0
i feel outraged that my life is so easy so blessed,4883,1,0,0,0,0,0,0,0,0,0,0,0
i was feeling so angry so upset that i just want to run away,4927,1,0,0,0,0,0,0,0,0,0,0,0
i feel shaken or angry that my husband keeps lying to me and is a sexaholic i often start to feel mad at god,4955,1,0,0,0,0,0,0,0,0,0,0,0
my sister once stole my mothers money and made her very angry after this my mother would beat her up for unreasonable reasons one day my sister lent her book to a friend without telling my mother about it when my mother learnt this she beat her up and even threatened her with a pair of scissors,5049,1,0,0,0,0,0,0,0,0,0,0,0
i didnt feel angry i didnt feel bitter i felt,5053,1,0,0,0,0,0,0,0,0,0,0,0
i feel it is my solemn duty to share this divine knowledge of mine in order that others may benefit from it s truth and beauty and render their world just a tad closer to thearchitecturality that utopian perfectly set garage society to which we all strive,5116,1,0,0,0,0,0,0,0,0,0,0,0
i asked feeling outraged,5158,1,0,0,0,0,0,0,0,0,0,0,0
i was able to help chai lifeline with your support and encouragement is a great feeling and i am so glad you were able to help me,5361,1,0,0,0,0,0,0,0,0,0,0,0
i feel almost outraged that such a crap day should fall on my most favourite of days,5362,1,0,0,0,0,0,0,0,0,0,0,0
i feel anybody got angry to me in an awkward silence,5389,1,0,0,0,0,0,0,0,0,0,0,0
i came out freaked on the brink of tears feeling angry confused ridiculous small,5500,1,0,0,0,0,0,0,0,0,0,0,0
i want to not feel angry because i haven t the right to feel that way,5573,1,0,0,0,0,0,0,0,0,0,0,0
i feel that the life issue and posts like this one will just be met with violent and angry rhetoric,5614,1,0,0,0,0,0,0,0,0,0,0,0
i was not wrong to feel angry but i was wrong for what i said,5696,1,0,0,0,0,0,0,0,0,0,0,0
i was not going to be able to sleep until i knew how it ended and mostly because of another thing which i am not even going to talk about here because it makes me angry all over again and also because i feel horribly neurotic and immature getting upset about it and so we will gloss over that bit,5710,1,0,0,0,0,0,0,0,0,0,0,0
i often feel very angry seeing these things around,5762,1,0,0,0,0,0,0,0,0,0,0,0
i see and feel and who knew i could get so angry in putting a key in the lock i want to punch someone s face every single time i put my key in the lock i know that i must keep on going,5809,1,0,0,0,0,0,0,0,0,0,0,0
ive been angry and under that anger hurt are not gone but they feel resolved,5899,1,0,0,0,0,0,0,0,0,0,0,0
i feel angry because i have led myself to leading people to believe i couldnt do this,5928,1,0,0,0,0,0,0,0,0,0,0,0
i left feeling annoyed and angry thinking that i was the center of some stupid joke,5933,1,0,0,0,0,0,0,0,0,0,0,0
i feel wronged by certain people and my instinct was to get angry at them and stop speaking to them but two wrongs dont make a right i think,6008,1,0,0,0,0,0,0,0,0,0,0,0
i feel someone or something poses a threat to her and that i dont get angry with her,6073,1,0,0,0,0,0,0,0,0,0,0,0
i feel honoured to have this opportunity to work with different types of people and to experience their skills and have their encouragement,6115,1,0,0,0,0,0,0,0,0,0,0,0
i think i just remembered why i ve never bothered to watch election coverage i m left hoping my guy won but feeling completely helpless while all of these overly made up buffoons pretend to know what they re talking about,6155,1,0,0,0,0,0,0,0,0,0,0,0
i feel so mad i feel so angry i feel so callous so lost confused again i feel so cheap so used unfaithful let s start over let s start over let s start over,6191,1,0,0,0,0,0,0,0,0,0,0,0
i dont sense that i am feeling enraged until i throw something but i am getting better at recognizing the signs,6208,1,0,0,0,0,0,0,0,0,0,0,0
i feel angry i feel angry see me frown see me frown,6243,1,0,0,0,0,0,0,0,0,0,0,0
i am writing this so when addy gets the chance to be somebodys momma and she feels discouraged she will hold out and write this message to her own baby,6266,1,0,0,0,0,0,0,0,0,0,0,0
i feel betrayed i fell dismayed yet somehow i dont feel the rage,6287,1,0,0,0,0,0,0,0,0,0,0,0
i know she brought the subject up with good intentions in mind and while none of it changed my mind about homeschooling nothing can a few of the assumptions and other things said had me feeling offended and angry for a time afterward,6362,1,0,0,0,0,0,0,0,0,0,0,0
i have been mostly positive but i do have days where i feel discouraged from the bad side effects of the treatment,6453,1,0,0,0,0,0,0,0,0,0,0,0
i feel very humiliated angry at myself on those days,6524,1,0,0,0,0,0,0,0,0,0,0,0
i feel intensely resentful of them and angry with myself i am permitting a part of myself to be stolen,6569,1,0,0,0,0,0,0,0,0,0,0,0
i was feeling discouraged when it came to comic work so i ended up trying to work in the sketchbook instead,6604,1,0,0,0,0,0,0,0,0,0,0,0
i am feeling absolutely enraged right now as if the bathroom incident happened this morning when it happened over six years ago,6637,1,0,0,0,0,0,0,0,0,0,0,0
i woke up i was missing brody very much and had been feeling discouraged about my house hunt,6710,1,0,0,0,0,0,0,0,0,0,0,0
i thought id alwayz feel held back dissatisfied angry,6720,1,0,0,0,0,0,0,0,0,0,0,0
i feel dull and gross which encourages me to drink more coffee,6737,1,0,0,0,0,0,0,0,0,0,0,0
i felt just as you described and was feeling really discouraged,6751,1,0,0,0,0,0,0,0,0,0,0,0
im angry that we were born so far apart because i feel like i miss out on so much but a lot of the times im thankful because we have such a great relationship and i get to appreciate it so much more,6834,1,0,0,0,0,0,0,0,0,0,0,0
i do feel angry that its difficult to pick through the bullshit,6887,1,0,0,0,0,0,0,0,0,0,0,0
i can see in myself a lot of the older son i m angry at god the father not giving me what i want even though i feel that i ve been pretty faithful to him though i ve screwed up plenty,6927,1,0,0,0,0,0,0,0,0,0,0,0
i feel very stressed and angry with my children and i cried for hours yesterday,6997,1,0,0,0,0,0,0,0,0,0,0,0
i began to feel angry with him,7039,1,0,0,0,0,0,0,0,0,0,0,0
i was feeling so discouraged we are already robbing peter to pay paul to get our cow this year but we cant afford to not get the cow this way,7079,1,0,0,0,0,0,0,0,0,0,0,0
i could feel myself getting agitated little things i wouldn t notice any other time where starting to give me the sensation of impending rage,7203,1,0,0,0,0,0,0,0,0,0,0,0
i can stop feeling discouraged or full of self pity when another wave crashes down on us,7228,1,0,0,0,0,0,0,0,0,0,0,0
i feel it is very gentle but then flying carpet the same way as if to be angry you like to throw to i quickly grasp the handrail gradually it gently up,7248,1,0,0,0,0,0,0,0,0,0,0,0
id feel a bit discouraged languish in my pile of forgotten wips until the example of my failure was too much i wouldnt open a word document for ages,7302,1,0,0,0,0,0,0,0,0,0,0,0
i realized that i stay angry because it makes me feel strong,7412,1,0,0,0,0,0,0,0,0,0,0,0
i try to unpack how i feel about what s going on at work he becomes angry too which doesn t help,7475,1,0,0,0,0,0,0,0,0,0,0,0
i don t feel outraged i feel a little sorry her,7515,1,0,0,0,0,0,0,0,0,0,0,0
i feel so enraged at times,7534,1,0,0,0,0,0,0,0,0,0,0,0
i am trying to encourage is an active decision amongst those who feel a need to have a rock to be faithful to,7558,1,0,0,0,0,0,0,0,0,0,0,0
i sometimes feel angry or annoyed with my partner without knowing why,7637,1,0,0,0,0,0,0,0,0,0,0,0
i feel beaten and discouraged,7724,1,0,0,0,0,0,0,0,0,0,0,0
i guess i feel a little to socially repressed angry and emo anytime i write in here,7810,1,0,0,0,0,0,0,0,0,0,0,0
i will remove the skin in front and you will still have a wide midsection and saggy skin everywhere except the front yep i guess i will i said feeling offended and discouraged,7823,1,0,0,0,0,0,0,0,0,0,0,0
i was in her shoes i d feel devastated and angry that cancer had happened to me,7934,1,0,0,0,0,0,0,0,0,0,0,0
i was feeling rather discouraged until i remembered i,7947,1,0,0,0,0,0,0,0,0,0,0,0
im feel grouchy and angry and that is not a good combination and the being sick thing just makes it x worse,8008,1,0,0,0,0,0,0,0,0,0,0,0
i am feeling discouraged or doubting my life choices,8052,1,0,0,0,0,0,0,0,0,0,0,0
my mother and my sister carried on picking at me all day long for no reason at all and i ended up getting angry,8154,1,0,0,0,0,0,0,0,0,0,0,0
i can feel resentful and angry and have trash in the kitchen or i can feel resentful and angry and take the trash out myself,8174,1,0,0,0,0,0,0,0,0,0,0,0
i feel as though it drains me faster than simply being discouraged,8188,1,0,0,0,0,0,0,0,0,0,0,0
i no longer feel angry in the name of opposite to emotion mama,8327,1,0,0,0,0,0,0,0,0,0,0,0
i am in recovery feeling less groggy and ready for my beverage and snack a href http,8346,1,0,0,0,0,0,0,0,0,0,0,0
i am i felt the blood rushing and now im feeling angry and really annoyed and all the emotions mixed and went mumbo jumbo like a roller coaster ride,8402,1,0,0,0,0,0,0,0,0,0,0,0
i admit to comparing and having heart palpitations when i assessed her math s standard at being lower than average and feeling smug when she began reading year old books at,8574,1,0,0,0,0,0,0,0,0,0,0,0
i did not become angry nor did i feel humiliated a common shame based reaction of mine,8623,1,0,0,0,0,0,0,0,0,0,0,0
i want to look ahead to those good times but right now my focus is on the here and now and i am feeling discouraged,8947,1,0,0,0,0,0,0,0,0,0,0,0
im pushed around i feel resentful and angry and thats why i yell,9007,1,0,0,0,0,0,0,0,0,0,0,0
i feel angry i was about to say,9161,1,0,0,0,0,0,0,0,0,0,0,0
i remember feeling angry at that too,9251,1,0,0,0,0,0,0,0,0,0,0,0
i have been the person that has needed encouragement and uplifting and i just feel so needy,9318,1,0,0,0,0,0,0,0,0,0,0,0
im feeling quite disheartened and a little angry at certain people right now,9402,1,0,0,0,0,0,0,0,0,0,0,0
i always feel angry,9431,1,0,0,0,0,0,0,0,0,0,0,0
i arrived they were talking about what we can do when we feel discouraged,9642,1,0,0,0,0,0,0,0,0,0,0,0
i feel discouraged in every aspect of my life,9751,1,0,0,0,0,0,0,0,0,0,0,0
im feeling angry today at my stupid moods,9773,1,0,0,0,0,0,0,0,0,0,0,0
i shouldn t be feeling angry i shouldn t care that he is in town,9933,1,0,0,0,0,0,0,0,0,0,0,0
i still feel very grossed out bitchy guilty and angry,10048,1,0,0,0,0,0,0,0,0,0,0,0
i was feeling pretty discouraged about the state of my thankfulness this am and then i overturned this encouraging evidence of grace in my heart i am truly and deeply thankful for hard things in my life,10064,1,0,0,0,0,0,0,0,0,0,0,0
i feel so stupid feeling such rage within me whenever i see those girls whom he chose to go holiday with,10087,1,0,0,0,0,0,0,0,0,0,0,0
i went to bed last night feeling overwhelmed and discouraged by life and woke up this morning feeling blah,10190,1,0,0,0,0,0,0,0,0,0,0,0
i understand their anger at feeling duped and am just as outraged by this brazen incident as they are the backlash their reactions are having on indie and small press authors is significant,10217,1,0,0,0,0,0,0,0,0,0,0,0
i had some surprisingly good workouts at the start had a few moments of feeling completely discouraged again when the fast guys were leaving me in their dust then got my s t back together and finished the camp with some great workouts on the hardest and longest days,10239,1,0,0,0,0,0,0,0,0,0,0,0
im feeling angry today,10260,1,0,0,0,0,0,0,0,0,0,0,0
i was feeling a little bummed and discouraged and overwhelmed so ive been living with unattractive labels ever since strangely no one else in the family seems to mind,10281,1,0,0,0,0,0,0,0,0,0,0,0
i drank a double americano from cafe strada and now i feel enraged at the world,10315,1,0,0,0,0,0,0,0,0,0,0,0
ive alternated between feeling relieved feeling angry wanting to cry and desperately wanting to move on,10332,1,0,0,0,0,0,0,0,0,0,0,0
i wasnt feeling dazed in disbelief i was certainly angry,10401,1,0,0,0,0,0,0,0,0,0,0,0
i read the stereotype that young people are complacent and not interested in defending our rights because we re too busy going to yoga and checking our facebook all at once i feel devastated angry and defeated,10501,1,0,0,0,0,0,0,0,0,0,0,0
i had had some personal issues and events that had occurred and this left me feeling totally pissed off fed up and angry with the world,10624,1,0,0,0,0,0,0,0,0,0,0,0
i am feeling so discouraged today,10627,1,0,0,0,0,0,0,0,0,0,0,0
i started to feel angry,10682,1,0,0,0,0,0,0,0,0,0,0,0
i feel enraged and weak but i have no reasonable grounds to be,10720,1,0,0,0,0,0,0,0,0,0,0,0
i have been so angry that i have spent so much time struggling with being sick and feeling helpless,10827,1,0,0,0,0,0,0,0,0,0,0,0
i feel that someone is discouraged i have to encourage them,10902,1,0,0,0,0,0,0,0,0,0,0,0
i did struggle with these issues i feel like i would start to feel discouraged about how competent of a helper i would be,10904,1,0,0,0,0,0,0,0,0,0,0,0
i felt angry when my only pair of trousers was stolen and could not be able to find out who the thief was or anyone who knew about the story,10908,1,0,0,0,0,0,0,0,0,0,0,0
i did not encourage him which allowed me to feel innocent and virtuous,10953,1,0,0,0,0,0,0,0,0,0,0,0
i did give quite a bit of thought to yesterdays topic fear but ended up just feeling discouraged at the realization that motherhood and too many emergency room visits for my dad not my children,11069,1,0,0,0,0,0,0,0,0,0,0,0
i don t feel enraged as i did before,11146,1,0,0,0,0,0,0,0,0,0,0,0
i was misquoted in an interview and it made me feel really angry and frustrated,11206,1,0,0,0,0,0,0,0,0,0,0,0
ive done really well so far in terms of actual pounds but am feeling discouraged theres not a more visible result,11279,1,0,0,0,0,0,0,0,0,0,0,0
this situation keeps occurring when my little sister disagrees with me or viceversa we have very similar temperaments and i always end up feeling angry at her and myself for fighting so much over unimportant trivial matters,11359,1,0,0,0,0,0,0,0,0,0,0,0
i feel almost angry about it bored frustrated useless,11451,1,0,0,0,0,0,0,0,0,0,0,0
i want a relationship a healthy relationship that challenges me to be better than i am encourages me to take risks a relationship where i not only feel respected but cherished and safe,11469,1,0,0,0,0,0,0,0,0,0,0,0
i have trouble asserting myself and feel abused and angry much of the time,11609,1,0,0,0,0,0,0,0,0,0,0,0
im feeling enraged at another persons actions i have to consider what i was thinking about in the moments prior to the incident,11623,1,0,0,0,0,0,0,0,0,0,0,0
i feel angry each time i ask you once and then again,11671,1,0,0,0,0,0,0,0,0,0,0,0
i was laying in my bed the other night feeling angry,11676,1,0,0,0,0,0,0,0,0,0,0,0
i feel as though she s the patron goddess of the divine rage of women and i certainly have a lot of that,11709,1,0,0,0,0,0,0,0,0,0,0,0
i feel brave when i slide between the car and the garage wall and hope just hope i don t get stuck as i am taking something out to the garage refrigerator,11751,1,0,0,0,0,0,0,0,0,0,0,0
i read a story and feel the need to post an angry comment at a fellow poster or at the news media for posting a worthless story with no significance to the local area,11773,1,0,0,0,0,0,0,0,0,0,0,0
im feeling discouraged and totally uninspired by the project just voicing my honesty,11826,1,0,0,0,0,0,0,0,0,0,0,0
i really am confused about how i feel here they are less violent less angry with the compositon opened up and the colours brighter but the article suspects that politics are a bit more leached,11930,1,0,0,0,0,0,0,0,0,0,0,0
i walked back to my house feeling discouraged and took a nap,11955,1,0,0,0,0,0,0,0,0,0,0,0
i asked someone to bring some present to my father and found out that he is not a reliable person i was afraid if my father would not get the presents he would be angry with me,12136,1,0,0,0,0,0,0,0,0,0,0,0
i feel thankful for the encouragement and surety you give me,12163,1,0,0,0,0,0,0,0,0,0,0,0
i could pick myself up enough to feel angry with you but now every time i think about you i m overcome by a really visceral desire to slap you very hard,12212,1,0,0,0,0,0,0,0,0,0,0,0
i feel like i have more energy and i am still angry bitter but sometimes i forget about it for a bit and am actually in a good mood until i remember i can t run again,12214,1,0,0,0,0,0,0,0,0,0,0,0
i am not giving up but i am feeling discouraged,12228,1,0,0,0,0,0,0,0,0,0,0,0
im feeling a bit discouraged at the moment,12312,1,0,0,0,0,0,0,0,0,0,0,0
i can say to myself i m really angry right now i actually feel less angry overall,12354,1,0,0,0,0,0,0,0,0,0,0,0
i feel that harjo would have convinced me to her side were she able to successfully repudiate scientists in the fields of cultural anthropology or archaeology these scientists would probably be outraged to discover said bones buried in the ground forever,12398,1,0,0,0,0,0,0,0,0,0,0,0
i did not feel angry with brazilian players,12464,1,0,0,0,0,0,0,0,0,0,0,0
i was in the library of medical psychology and walked into the wrong direction a man who came out of a room threated me very denigrating and i became very angry in a resisting manner,12477,1,0,0,0,0,0,0,0,0,0,0,0
i would ve been extremely angry or feeling lonely,12528,1,0,0,0,0,0,0,0,0,0,0,0
i have been feeling very discouraged and broken about all of this and i have broken down to many times over this,12651,1,0,0,0,0,0,0,0,0,0,0,0
i imagine that so many of you will feel angry that i am not feeling grateful for life right now,12714,1,0,0,0,0,0,0,0,0,0,0,0
i was feeling completely shitty thanks to the chemo side effects therefore i ended up in a rage,12741,1,0,0,0,0,0,0,0,0,0,0,0
i feel discouraged or when i question why im doing what i am just seeing her smile reminds me why i am a music educator,12809,1,0,0,0,0,0,0,0,0,0,0,0
i feel humiliated and discouraged,12856,1,0,0,0,0,0,0,0,0,0,0,0
i write this i feel unsure maybe i shouldnt be angry but i need to write this down because for me writing things out is therapeutic,12896,1,0,0,0,0,0,0,0,0,0,0,0
i listen to tracks where the sound and or performers are angry excessively distorted or boisterous my spirit somehow feels agitated,13131,1,0,0,0,0,0,0,0,0,0,0,0
i think part of it is laziness at the effort of writing so many cover letters and fulfilling adult responsibilities but an even bigger part of it is feeling doubtful and discouraged at so many rejections and unsure of my capabilities,13421,1,0,0,0,0,0,0,0,0,0,0,0
i take the time to wonder about those things it gets awfully hard to feel angry and cynical towards them,13430,1,0,0,0,0,0,0,0,0,0,0,0
i was speaking to death but then feeling enraged,13471,1,0,0,0,0,0,0,0,0,0,0,0
i feel discouraged when i feel discouraged a href http abundantlygraceful,13502,1,0,0,0,0,0,0,0,0,0,0,0
i encourage uplift and care for students when i am feeling beaten up by life,13520,1,0,0,0,0,0,0,0,0,0,0,0
i feel discouraged enough to stay in my room the remainder of the night,13555,1,0,0,0,0,0,0,0,0,0,0,0
i am feeling so very festive as i have been dressing as an elf for work since saturday haha i will eventually have the courage to put up a pic a href http,13645,1,0,0,0,0,0,0,0,0,0,0,0
i get ready for bed that evening i am feeling really really discouraged and vow to do nothing but work on my cv the next day leave this silly writing behind buckle down and find real work,13647,1,0,0,0,0,0,0,0,0,0,0,0
i feel that i missed a lot of opportunities and i could have had some amazing experiences if i had plucked up enough courage to try things when i was asked,13713,1,0,0,0,0,0,0,0,0,0,0,0
im not dissing her i think its great that shes feeling so positive and i want to encourage that,13734,1,0,0,0,0,0,0,0,0,0,0,0
i staggered down the street telling shaun and i expect anyone who lived nearby i have a volume problem when drunk what an outrage it was that we were made to feel unwelcome i shouldnt have to apologise for not being over,13856,1,0,0,0,0,0,0,0,0,0,0,0
i wonder if some of what i feel is species repressed anger at the monstrous outrage of having full consciousness stolen away,13883,1,0,0,0,0,0,0,0,0,0,0,0
i was really angry at them since i feel that i am really sincere towards qiuyue and all i wanted is just to be together with her,13989,1,0,0,0,0,0,0,0,0,0,0,0
im trying to understand why i feel so enraged today,14119,1,0,0,0,0,0,0,0,0,0,0,0
i understood him too much at the time that he became angry the beard listenned respectfully then and waited he to finish venting very quick will feel compunction the violent wind delivers more bigly more such,14222,1,0,0,0,0,0,0,0,0,0,0,0
i understand that i chose to stay with and a and choose to stay with a ra i just feel so angry right now,14328,1,0,0,0,0,0,0,0,0,0,0,0
i have been feeling kind of discouraged about my writing lately for a lot of reasons,14377,1,0,0,0,0,0,0,0,0,0,0,0
i feel morally outraged and furious more often than i d like,14451,1,0,0,0,0,0,0,0,0,0,0,0
i remember back then i always feel like my friends are afraid to tell me something because i might get angry,14602,1,0,0,0,0,0,0,0,0,0,0,0
i have no hard feelings i am not angry at the world i am not angry with any one am juts angry at myself,14644,1,0,0,0,0,0,0,0,0,0,0,0
i feel so angry that cancer is slowly killing my dad,14659,1,0,0,0,0,0,0,0,0,0,0,0
i was beginning to feel discouraged at why i was even here as it seems like everyone i have met has gone to pharmacy school gotten their phd or have only worked in pharma,14764,1,0,0,0,0,0,0,0,0,0,0,0
i cannot tell you how often i hear people say they feel hurt when it is quite clear that they are angry but cannot bring themselves to express that anger,14790,1,0,0,0,0,0,0,0,0,0,0,0
i feel outraged to hear stories on the news about abandonment,14842,1,0,0,0,0,0,0,0,0,0,0,0
i like shopping there and i have a feeling such actions are discouraged,14871,1,0,0,0,0,0,0,0,0,0,0,0
i feel myself becoming enraged at people in the office laughing like obscenely loud hyenas when i m trying to work,14903,1,0,0,0,0,0,0,0,0,0,0,0
i was told i had to close a door and seek help where one will let me in this person made me feel shamed internally savaged by rage as to what i have brought upon myself,15033,1,0,0,0,0,0,0,0,0,0,0,0
i was left to wonder about and at times i still feel angry not knowing the truth,15034,1,0,0,0,0,0,0,0,0,0,0,0
i well remember its sudden appearance and my mixed feelings of being tremendously impressed by the soviets accomplishment and of anger outrage about our the u,15106,1,0,0,0,0,0,0,0,0,0,0,0
i feel like my go to emotion is angry,15264,1,0,0,0,0,0,0,0,0,0,0,0
i hold it in to try and attain some level of taoist energy i feel irritable angry and tired,15272,1,0,0,0,0,0,0,0,0,0,0,0
i live with my wife sometimes i will feel angry at her disappointed or no feelings at all,15286,1,0,0,0,0,0,0,0,0,0,0,0
i laid out my accusations to the bridge felt a small part of the numb helpless rage that one feels when someone dies and resolved that the bridge was not totally to blame,15354,1,0,0,0,0,0,0,0,0,0,0,0
i feel so impatient so easily annoyed so outraged by the blatant defiance that seems to be olivias most prominent characteristic these days,15391,1,0,0,0,0,0,0,0,0,0,0,0
im tired of being angry and feeling wronged,15408,1,0,0,0,0,0,0,0,0,0,0,0
i have feelings on marrage being a perverse contract,15503,1,0,0,0,0,0,0,0,0,0,0,0
i call company worthy and whether you are feeling skeptical or adventurous i would encourage you to try this while the summer days are still warm,15612,1,0,0,0,0,0,0,0,0,0,0,0
i stop this no thought eating after i am feeling fearful guilty angry or bored,15720,1,0,0,0,0,0,0,0,0,0,0,0
i was feeling bitter and angry and disappointed and unsettled,15749,1,0,0,0,0,0,0,0,0,0,0,0
i feel more isolated than i ve felt in a long time and it makes me even more angry each time i look out the window and think i ll go walk for some pineapple at whole foods,15758,1,0,0,0,0,0,0,0,0,0,0,0
i can feel his cold rage swirling about him like a palpable aura of unholy might,15782,1,0,0,0,0,0,0,0,0,0,0,0
i feel like my perineum has been subjected to hours of violent kicking from enraged footballers or maybe some form of world war torture technique i m grateful for any bit of additional meat on my bum that absorbed some of the hardship but there just isn t believe it or not enough there,15837,1,0,0,0,0,0,0,0,0,0,0,0
i held him in my sights for the last lap and whether it was having a target to aim for or just finally thawing out but at last i started to feel like i was properly running and i caught and passed to some friendly encouragement about half way round,15845,1,0,0,0,0,0,0,0,0,0,0,0
i am im sure you must feel outraged at being,15878,1,0,0,0,0,0,0,0,0,0,0,0
i want to feel insecure confused and angry,15886,1,0,0,0,0,0,0,0,0,0,0,0
i feel a bit angry tonight after having listened to the news about the old man whose wife died and the carer who subsequently worked for him privately afterwards sued him for redundancy,15987,1,0,0,0,0,0,0,0,0,0,0,0
i feel so outrageously heartbroken over the loss of that line of support,16002,1,0,0,0,0,0,0,0,0,0,0,0
i have to explain myself again and again and again i soon feel drained and angry,16069,1,0,0,0,0,0,0,0,0,0,0,0
i just got really angry that i feel like spank them but them again seeing their innocent stares amp grins my anger just vanished into thin air,16096,1,0,0,0,0,0,0,0,0,0,0,0
i know that i let the time passed me by feeling angry and worried all the time,16148,1,0,0,0,0,0,0,0,0,0,0,0
i feel more angry than guilty,16255,1,0,0,0,0,0,0,0,0,0,0,0
i feel enraged because its ridiculous,16278,1,0,0,0,0,0,0,0,0,0,0,0
i want to encourage everybody to get out on the streets today if they feel outraged about what happened to mike and what s happening to thousands of citizens and non citizens in the united states,16351,1,0,0,0,0,0,0,0,0,0,0,0
i am curious as to why i do not feel victimized traumatized outraged by these events because none of those feelings enter into it for me,16402,1,0,0,0,0,0,0,0,0,0,0,0
i hope that they wont feel so outraged when i tell them that sam isnt the mother of their messiah,16461,1,0,0,0,0,0,0,0,0,0,0,0
i wasnt going to feel anxious or despondent or angry anymore,16465,1,0,0,0,0,0,0,0,0,0,0,0
i feel angry over the injustices being carried out in jesus name,16531,1,0,0,0,0,0,0,0,0,0,0,0
i feel so enraged that i want to punch him but i don t because he s only years old,16560,1,0,0,0,0,0,0,0,0,0,0,0
i find myself feeling rather enraged or what ever it may be but i am curiouse if this has to do with just how i grew up or is it actually a genetic issue or maybe a bit of both,16599,1,0,0,0,0,0,0,0,0,0,0,0
i was feeling rather discouraged particularly since most projects get thrown over the fence to the ops team who have to work harder to simply try and clean things up,16618,1,0,0,0,0,0,0,0,0,0,0,0
i get a feeling the royals could be lucky to average a point per game,16624,1,0,0,0,0,0,0,0,0,0,0,0
i didn t say you shouldn t feel outraged by it but i was gt gt gt gt gt referring to people who d only feel outraged by this and not by gt let s gt gt gt gt gt say a person being thrown off that cliff or shot in the gt face,17009,1,0,0,0,0,0,0,0,0,0,0,0
i still feel angry about that from a href http finsterfinds,17010,1,0,0,0,0,0,0,0,0,0,0,0
im feeling bummed out i usually dont wait until i find someone who looks discouraged,17098,1,0,0,0,0,0,0,0,0,0,0,0
im angry that i am only now learning how to feel emotions without channelling them into something less dangerous,17123,1,0,0,0,0,0,0,0,0,0,0,0
i no longer need to feel anxious about losing him being irrational picturing tragedy etc,17153,1,0,0,0,0,0,0,0,0,0,0,0
i remember feeling so discouraged and worried that i would never be able to get back to well,17382,1,0,0,0,0,0,0,0,0,0,0,0
one day i was angry with my friend who went into my drawer and took a piece of paper on which i wanted to write a letter and used it for her business without my knowledge,17514,1,0,0,0,0,0,0,0,0,0,0,0
i guess that s the reason that i feel so angry now,17745,1,0,0,0,0,0,0,0,0,0,0,0
i am feeling discouraged exhausted and kind of lost,17805,1,0,0,0,0,0,0,0,0,0,0,0
i can only imagine they would feel outraged,17970,1,0,0,0,0,0,0,0,0,0,0,0
i am tired of feeling angry or guilty about something,17987,1,0,0,0,0,0,0,0,0,0,0,0
i feel discouraged when i read the bad news because i realize that even with all of our strides this still could end badly,18004,1,0,0,0,0,0,0,0,0,0,0,0
i feel like i have to treat everyone as important all the time or they ll think they re not important and then they ll be hurt or angry and they won t like me any more and they ll leave me,18017,1,0,0,0,0,0,0,0,0,0,0,0
i got to reading some blogs about the horrific death of jean charles de menezes and i have to say my blood is boiling my heart is racing and i feel so enraged that i want to scream,18070,1,0,0,0,0,0,0,0,0,0,0,0
i was feeling particularly discouraged at how little weve seen of him lately and i decided that i needed to stop being negative and instead refocus my thoughts and remember some of the many things we have to be grateful for right now,18288,1,0,0,0,0,0,0,0,0,0,0,0
i spend too much time reading or watching the news i start to feel discouraged and frustrated,18459,1,0,0,0,0,0,0,0,0,0,0,0
i left work feeling frustrated and angry,18504,1,0,0,0,0,0,0,0,0,0,0,0
the surname of my brother was different from ours he often grinned at home and provoked others for the pleasure of it this made me angry,18600,1,0,0,0,0,0,0,0,0,0,0,0
im so grateful but sometimes my mind just wonders and i find myself feeling angry,18719,1,0,0,0,0,0,0,0,0,0,0,0
i feel completely discouraged with my week postpartum check coming up,18813,1,0,0,0,0,0,0,0,0,0,0,0
i feel like i should be more outraged about this,18825,1,0,0,0,0,0,0,0,0,0,0,0
i could plod along in my life with my head down feeling envious of what i don t have and frustrated at the spectacle of what an average life has become,19064,1,0,0,0,0,0,0,0,0,0,0,0
i wouldnt have any guilt and im sure he wasnt feeling angry either,19072,1,0,0,0,0,0,0,0,0,0,0,0
i was feeling alarmed because my instant response to this conversation was to get angry but i told myself no no listen to him,19133,1,0,0,0,0,0,0,0,0,0,0,0
i have a feeling that they will be outraged but that they will pull together in support to encourage those affected,19210,1,0,0,0,0,0,0,0,0,0,0,0
i can admit that im scared that im hurt that im angry and that im trying to stop feeling numb,19234,1,0,0,0,0,0,0,0,0,0,0,0
i always feel a little suspicious when there is any kind of tradition that cannot be accessed by the average person it smacks more than a little of gnostic heresy,19258,1,0,0,0,0,0,0,0,0,0,0,0
i need not your pity but dont pretend that i dont feel discouraged each time someone close to me is expecting,19264,1,0,0,0,0,0,0,0,0,0,0,0
ill state that i am angry at myself for feeling so out of control and so hostile,19331,1,0,0,0,0,0,0,0,0,0,0,0
i feel like an angry gorilla all the time and always ready to chew someone s face off,19342,1,0,0,0,0,0,0,0,0,0,0,0
i feel like cold hands are clasping my life and my courage is cut from my knees but tonight i need to make it i dont have any strength to carry my legs i wish it was somehow different i dont know i wish i could still want you and tell you come ill take you with me,19358,1,0,0,0,0,0,0,0,0,0,0,0
i feel discouraged defeated worn by the complexities and challenges of life,19370,1,0,0,0,0,0,0,0,0,0,0,0
i feel outraged that india is a desperately poor country,19500,1,0,0,0,0,0,0,0,0,0,0,0
when i learnt that a friend of mine had talked about me to another friend and had said wrong things about my abilities and attitudes i was very angry,19626,1,0,0,0,0,0,0,0,0,0,0,0
i went home that day feeling very discouraged at all of the ground that i had to make up but with my heart set on fulfilling my destiny,19722,1,0,0,0,0,0,0,0,0,0,0,0
im not lying when i feel offended and angry within this storyline,19726,1,0,0,0,0,0,0,0,0,0,0,0
i left feeling discouraged that with all that is wrong in my blood they are taking this first step and then seeing what happens,19787,1,0,0,0,0,0,0,0,0,0,0,0
i have a habit of doing that putting how i feel in emails and a year later when im no longer angry thinking i really regret doing that,19793,1,0,0,0,0,0,0,0,0,0,0,0
i feel especially angry because since he was seeing his counselor things had been so much better for the last or months or so,19830,1,0,0,0,0,0,0,0,0,0,0,0
im feeling irritated and angry towards people and how they perceive me,19888,1,0,0,0,0,0,0,0,0,0,0,0
i feel outraged by how other children are being treated in my immediate surroundings,19908,1,0,0,0,0,0,0,0,0,0,0,0
i had a feeling there was a lot more to his meetings and frantic emails then he was texting me but i was too stressed about the shit going down at work and i was angry and he had managed to fall off for a day or two and didnt bother to address it again,20025,1,0,0,0,0,0,0,0,0,0,0,0
i would encourage you the you out there who feels alone,20036,1,0,0,0,0,0,0,0,0,0,0,0
i remember tearing around the house down the halls and into the rooms watching them get bare listening to my father be angry about the injustice of it i remember everything feeling very violent like my house was getting raped and i couldnt save it,20084,1,0,0,0,0,0,0,0,0,0,0,0
i didnt know what to feel was i glad because if i had shaved my hair and it never fell out i would be totally discouraged,20258,1,0,0,0,0,0,0,0,0,0,0,0
i feel kinda of sort angry too,20330,1,0,0,0,0,0,0,0,0,0,0,0
ive moved back from california that i truly feel enraged hurt angry and out of control in terms of my relationship with my mom,20430,1,0,0,0,0,0,0,0,0,0,0,0
i had exchanged some angry words earlier in the day that i regretted she s a good kid but not perfect and can hold a grudge when she feels she s been wronged,20455,1,0,0,0,0,0,0,0,0,0,0,0
i was left feeling angry and hurt though,20465,1,0,0,0,0,0,0,0,0,0,0,0
i empathize with everyone who is feeling outraged i have to conclude reserving the right to change my mind completely that the life sentence is all told probably for the best,20513,1,0,0,0,0,0,0,0,0,0,0,0
i got angry and tired of them hurting me and making me feel less then but god is faithful,20516,1,0,0,0,0,0,0,0,0,0,0,0
i feel the blasts in my being feeling the violence and terrible tragedy and suffering that they bring,20613,1,0,0,0,0,0,0,0,0,0,0,0
i feel that responding with mostly encouragement and praise encourages the writer to produce more work which eventually lead to more and better quality work due to experience,20635,1,0,0,0,0,0,0,0,0,0,0,0
in form three we were taking our mock exams and someone else a friend was making noise when the examinateur picked on me and said that he would tear up my answer sheet i got very angry with the girls involved,20720,1,0,0,0,0,0,0,0,0,0,0,0
i once overheard a coworker tell a patient that they understood what she was feeling and it enraged me,21144,1,0,0,0,0,0,0,0,0,0,0,0
i feel more angry hurt and helpless to affect anything in my world,21233,1,0,0,0,0,0,0,0,0,0,0,0
i feel a bit discouraged over the last week,21278,1,0,0,0,0,0,0,0,0,0,0,0
i dont know what i can say to them now they look like innocent but inside i feel so confuse i am angry and empathetic with their emotion,21302,1,0,0,0,0,0,0,0,0,0,0,0
ive had a week and a half of feeling pretty discouraged with the state of public schools and the lack of a work ethic of so many of our students,21315,1,0,0,0,0,0,0,0,0,0,0,0
i compare my weaknesses to their strengths or even some of my strengths to theirs i feel discouraged,21431,1,0,0,0,0,0,0,0,0,0,0,0
i feel like im so enraged,21471,1,0,0,0,0,0,0,0,0,0,0,0
i feel angry because we fought so hard,21494,1,0,0,0,0,0,0,0,0,0,0,0
once in my work it happened a fight between the person in charge and me i got so angry and spoke out everything i felt at the moment,21524,1,0,0,0,0,0,0,0,0,0,0,0
im too weak when midterms girl problems too much pot guilt over spending cash and feeling like your only friends are getting pissed at you or just dont want to see you anymore rains down on the weak one typing this bullshit harder than your average individual,21546,1,0,0,0,0,0,0,0,0,0,0,0
i dont know how long do i have to take to not feel heartbroken how long do i have to continue shedding tears how long do i need to take to move on or how long would i have to take the courage to face you with a smile from the bottom of my heart,21558,1,0,0,0,0,0,0,0,0,0,0,0
i was feeling very discouraged this morning,21587,1,0,0,0,0,0,0,0,0,0,0,0
i dont know what else to do at this point i feel hopeless and i hope im wrong by feeling so discouraged after this city council meeting,21666,1,0,0,0,0,0,0,0,0,0,0,0
i can encourage others n their advocacy efforts by telling them to do their best and to feel passionate for what they are doing to accomplish their goals in what you are advocating for,21681,1,0,0,0,0,0,0,0,0,0,0,0
i have a million unsorted bookmarks on my web browser but i feel like delicious would encourage me to use sorting for future reference,21763,1,0,0,0,0,0,0,0,0,0,0,0
i was bullied and guilt tripped into taking the decisions that led to the surgery and i still feel very angry about it,21894,1,0,0,0,0,0,0,0,0,0,0,0
im back in kindergarten dressed up in my homemade simba costume feeling lost discouraged and wondering who the heck i am,21916,1,0,0,0,0,0,0,0,0,0,0,0
i didn t feel a sense of contradiction about how i admired the courage on their faces before the conflicts,22014,1,0,0,0,0,0,0,0,0,0,0,0
i family today priyanka vadra is feeling outraged since her husband is being accused of ma,22323,1,0,0,0,0,0,0,0,0,0,0,0
ive been watching celebrity big brother and feeling more enraged and appalled each night,22493,1,0,0,0,0,0,0,0,0,0,0,0
i do feel enraged when i feel there is an injustice,22551,1,0,0,0,0,0,0,0,0,0,0,0
i reduce my chances of feeling resentful angry and irritable around my children i become nicer to be around,22574,1,0,0,0,0,0,0,0,0,0,0,0
i can t do so without feeling very angry,22595,1,0,0,0,0,0,0,0,0,0,0,0
i encourage them to date themselves they typically greet me with a myriad of excuses they feel like everyone will stare at them theyre afraid to be alone with their thoughts they dont have the time they feel like theyll look too fat too weird too lonely,22649,1,0,0,0,0,0,0,0,0,0,0,0
i feel that supporting the publishers that are putting out fair priced quality products for book and cd will encourage more quality books,22659,1,0,0,0,0,0,0,0,0,0,0,0
i feel rage for the innocent people who are put to death by the state in my name in the name of justice,22710,1,0,0,0,0,0,0,0,0,0,0,0
i say can make you feel less confused less guilty or less angry,22781,1,0,0,0,0,0,0,0,0,0,0,0
i just feel enraged a lot,22856,1,0,0,0,0,0,0,0,0,0,0,0
i recall feeling inspired by a samhain social event hosted by a large anchorage based organization a href http www,22872,1,0,0,0,0,0,0,0,0,0,0,0
i wake up every morning feeling angry and dissatisfied with myself and the world,22995,1,0,0,0,0,0,0,0,0,0,0,0
ive been feeling distracted all week by the hurricane coverage,23112,1,0,0,0,0,0,0,0,0,0,0,0
i feel a bit outraged and angry at how stupid people have gotten,23131,1,0,0,0,0,0,0,0,0,0,0,0
i feel much like the main character the idiot prince who isnt really an idiot maybe a little foolish but mostly just more honest and sincere than the average person,23166,1,0,0,0,0,0,0,0,0,0,0,0
im not feeling bitter or angry or something and i get over those things rather fast,23172,1,0,0,0,0,0,0,0,0,0,0,0
i feel afraid or angry,23203,1,0,0,0,0,0,0,0,0,0,0,0
ive been feeling discouraged and its taken me until just the past couple of weeks to feel like myself again,23237,1,0,0,0,0,0,0,0,0,0,0,0
i feel fantastic and am extremely well rested with my average sleep time being pm am in the past week or so,23342,1,0,0,0,0,0,0,0,0,0,0,0
i still feel angry sometimes wondering why me,23403,1,0,0,0,0,0,0,0,0,0,0,0
i feel angry rather than act it out,23477,1,0,0,0,0,0,0,0,0,0,0,0
i feel more outraged about a video game than someone using my stolen credit card to go to home depot where i imagine someone finally able to afford the materials to fix their plumbing,23548,1,0,0,0,0,0,0,0,0,0,0,0
i have to be angry to say how i really feel sometimes or to get in your face and not be afraid of how it will affect us if i tell you the truth,23645,1,0,0,0,0,0,0,0,0,0,0,0
i can read when i feel discouraged and experience god on a more personal level,23694,1,0,0,0,0,0,0,0,0,0,0,0
i know i said i was gonna stop going out but i just feel so agitated i felt like punching someone i get so angry an i feel so helpless hes got someone what does he know how it feels like to be in my position,23707,1,0,0,0,0,0,0,0,0,0,0,0
im just feeling angry and grumpy but thats what happens when quitting and i knew that would happen,23772,1,0,0,0,0,0,0,0,0,0,0,0
i feel so wronged so incredibly angry,23911,1,0,0,0,0,0,0,0,0,0,0,0
i encourage you to speak your truth and there is nothing wrong with telling the other person i did not like that interaction or i feel like we can communicate in a less hostile manner something along those lines,23926,1,0,0,0,0,0,0,0,0,0,0,0
i offer an i feel statement like i feel like im not making any progress its me saying im defeated i need encouragement,23980,1,0,0,0,0,0,0,0,0,0,0,0
i feel really outraged and feel for you very much just like everyone whos commented here already,24244,1,0,0,0,0,0,0,0,0,0,0,0
i feel so angry at everyone and everything,24430,1,0,0,0,0,0,0,0,0,0,0,0
i refuse to feel stressed out angry about this because well why the fuck would i do that,24461,1,0,0,0,0,0,0,0,0,0,0,0
i stop this no thought eating when i am feeling fearful guilty angry or bored,24471,1,0,0,0,0,0,0,0,0,0,0,0
i can feel that it is a little angry at me,24630,1,0,0,0,0,0,0,0,0,0,0,0
i might feel scared or angry but once i calm down and think things through i often realize i overreacted,24654,1,0,0,0,0,0,0,0,0,0,0,0
i feel bad that i made her angry,24985,1,0,0,0,0,0,0,0,0,0,0,0
i am also feeling slightly out of sync and a little bit angry,25059,1,0,0,0,0,0,0,0,0,0,0,0
i thought i was doing really well amp have been buying a few items or just on a certain item of food but then last week i spoke to my friend who has a complete one year supply amp i feel really discouraged,25143,1,0,0,0,0,0,0,0,0,0,0,0
i have been feeling a little discouraged lately there have been many things the lord has used to build me up,25261,1,0,0,0,0,0,0,0,0,0,0,0
i go to bed feeling a little discouraged that i didnt accomplish more,25422,1,0,0,0,0,0,0,0,0,0,0,0
im not talking little pet peeves here im talking about the things that make you feel outraged that give you a strong sense of injustice,25558,1,0,0,0,0,0,0,0,0,0,0,0
i left therapy today feeling quite discouraged,25568,1,0,0,0,0,0,0,0,0,0,0,0
i want to get into the whole antidepressant discussion again i am no medical expert i can only give you my story and what i feel god has impressed upon my heart for my situation and in doing so pray that it will encourage you to seek out his good and perfect will for your life as well,25630,1,0,0,0,0,0,0,0,0,0,0,0
i feel just like everybody else does outraged that this experience has to happen and then that it is invisible and then that it makes you invisible and then that everyone knows but is too chickenshit to do anything,25683,1,0,0,0,0,0,0,0,0,0,0,0
i wasn t angry or feeling rejected i just moved away,25691,1,0,0,0,0,0,0,0,0,0,0,0
i woke up the next morning feeling a bit fearful of if he would be angry with me,25706,1,0,0,0,0,0,0,0,0,0,0,0
i feel outraged about the way he died it was his time to go,25740,1,0,0,0,0,0,0,0,0,0,0,0
i feel like im carrying the weight of it and feeling discouraged and angry when things are not going our way,25805,1,0,0,0,0,0,0,0,0,0,0,0
i feel angry at his wife too for allowing him to treat her and the children that way,25831,1,0,0,0,0,0,0,0,0,0,0,0
i was feeling completely discouraged and like i wanted to be anywhere else than this house,25925,1,0,0,0,0,0,0,0,0,0,0,0
i am feeling discouraged,25935,1,0,0,0,0,0,0,0,0,0,0,0
i am feeling extremely discouraged and not feeling very positive at all about finding a job,25978,1,0,0,0,0,0,0,0,0,0,0,0
i was feeling enraged,25988,1,0,0,0,0,0,0,0,0,0,0,0
i value speaking to seeing and feeling a person in real life this advancement simply cannot be ignored because it is making an impact on my small world and what this community in courage is offering now can make in impact on yours too,26019,1,0,0,0,0,0,0,0,0,0,0,0
i feel discouraged hungry and malnourished,26100,1,0,0,0,0,0,0,0,0,0,0,0
i can imagine that with the proper education a gifted person can use all their abilities for special purposes and be and feel useful but if you were raised as average not being average you just end up feeling lost misunderstood and frustrated,26274,1,0,0,0,0,0,0,0,0,0,0,0
i have spent a lot of time feeling discouraged by rather involved yogurt recipes,26529,1,0,0,0,0,0,0,0,0,0,0,0
i doubt that i will ever have to sit in the back of a conversation about israel feeling useless and helpless but more importantly angry because i couldn t defend israel when i wanted to,26543,1,0,0,0,0,0,0,0,0,0,0,0
im feeling i would tell you that i am angry,26556,1,0,0,0,0,0,0,0,0,0,0,0
i sat down to write the story feeling reluctant angry and full of doubt i heard his voice in my head try making an outline he said,26558,1,0,0,0,0,0,0,0,0,0,0,0
i think the meditation had made me sufficiently passive so as not to feel scared or angry at this,26599,1,0,0,0,0,0,0,0,0,0,0,0
i feel neurotic and angry at the whole world,26659,1,0,0,0,0,0,0,0,0,0,0,0
i can t deny how many times i ve entered a church feeling beaten down and angry asking myself why i continue to do it only to leave the church feeling renewed and reminded that that is exactly why i do it,26709,1,0,0,0,0,0,0,0,0,0,0,0
im feeling a little discouraged,26726,1,0,0,0,0,0,0,0,0,0,0,0
we lived with persons in the loft of a house it often occurred that other persons again and again climbed the stairs with much noise when i was studying i couldnt concentrate and got angry,26730,1,0,0,0,0,0,0,0,0,0,0,0
i feel so enraged that i would not see and protect myself,26853,1,0,0,0,0,0,0,0,0,0,0,0
i feel angry and moved sometimes about certain causes but other than that for me personally,26872,1,0,0,0,0,0,0,0,0,0,0,0
i have very quickly decorated my newly tarted pencil pot and i am feeling quite smug that i have now actually got two little storage item that sort of match,26916,1,0,0,0,0,0,0,0,0,0,0,0
i was very hungry and just wanted to start eating when a friend called me who usually talks for a long time i was angry because i was prevented from eating,26964,1,0,0,0,0,0,0,0,0,0,0,0
i was feeling very angry about something,26975,1,0,0,0,0,0,0,0,0,0,0,0
im tired of being stressed out all the time and im tired of making my friend feel stressed angry and guilty all of the time,26984,1,0,0,0,0,0,0,0,0,0,0,0
i feel this way because if they get positive feedback on their writing that in itself will encourage them to write and produce more work,27008,1,0,0,0,0,0,0,0,0,0,0,0
i feel drained of positive energy and filled with rage after hearing the confidence of a dear friend of mine about the verbal abuse she endures every day on her husbands behalf,27064,1,0,0,0,0,0,0,0,0,0,0,0
im hoping they will feel sympathetic toward us and not be angry,27082,1,0,0,0,0,0,0,0,0,0,0,0
i accept good gifts from god and i feel angry that others don t get the same,27122,1,0,0,0,0,0,0,0,0,0,0,0
i got angry with a stranger in a train who behaved impertinently and immorally,27135,1,0,0,0,0,0,0,0,0,0,0,0
im not even that heavy anymore but i continue to feel outraged at the concept,27201,1,0,0,0,0,0,0,0,0,0,0,0
i can kick myself for that stupid mistake to top it worst i lost my sporting manner i feel very angry about myself,27232,1,0,0,0,0,0,0,0,0,0,0,0
i feel stupid angry and disappointment at myself,27257,1,0,0,0,0,0,0,0,0,0,0,0
i feel very angry when i think about those final moments that changed my friend from a normal human being to what most would consider a monster,27359,1,0,0,0,0,0,0,0,0,0,0,0
i was feeling discouraged because the best angle i could sail in the easterly winds was degrees while the course for bermuda is degrees and a wave had just come through the partially open hatch and doused my bed the rest of the interior is much drier than before though,27427,1,0,0,0,0,0,0,0,0,0,0,0
i am angry at all the times he has ever taken me for granted and made me feel less than worth his precious time and made me feel bad about myself and made me cry,27516,1,0,0,0,0,0,0,0,0,0,0,0
i was feeling a little discouraged because last year i started running,27571,1,0,0,0,0,0,0,0,0,0,0,0
i do not want to feel angry upset frustrated but i feel i do not have any power to stop those strong emotions,27581,1,0,0,0,0,0,0,0,0,0,0,0
when i was faced with writing an essay and i didnt want to do it i was angry that i had to write an essay and angry at myself for not having the time to write a good essay,27721,1,0,0,0,0,0,0,0,0,0,0,0
i feel so enraged by the fact that i am yet an even more under achiever than i was a year ago,27775,1,0,0,0,0,0,0,0,0,0,0,0
i feel discouraged and think my work s in vain but then the holy spirit revives my soul again,27927,1,0,0,0,0,0,0,0,0,0,0,0
i can only do it when i feel really angry or snarky,28072,1,0,0,0,0,0,0,0,0,0,0,0
i started to feel a gentle steady pull of encouragement,28124,1,0,0,0,0,0,0,0,0,0,0,0
i was feeling really discouraged,28129,1,0,0,0,0,0,0,0,0,0,0,0
im not sure about this way im feeling now when before i know id been so submissive and subservient to people to parents partners people in fucking traffic nowadays if anyone fucks me around i absolutely fill up with rage,28219,1,0,0,0,0,0,0,0,0,0,0,0
i feel so angry i want to scream at him to kick and to claw at him to get this rage out,28277,1,0,0,0,0,0,0,0,0,0,0,0
i feel that if i want to encourage and create a culture of innovation i need to create a safe place for teachers,28622,1,0,0,0,0,0,0,0,0,0,0,0
i have had different experiences and learned many new lessons but i definitely remember having tough times in canada too feeling discouraged feeling annoyed and frustrated,28775,1,0,0,0,0,0,0,0,0,0,0,0
i feel humiliated violated angry,28939,1,0,0,0,0,0,0,0,0,0,0,0
i am feeling discouraged uninspired and like i just dont measure up,28941,1,0,0,0,0,0,0,0,0,0,0,0
i feel enraged violated,29002,1,0,0,0,0,0,0,0,0,0,0,0
i am feeling discouraged i call supportive people in my growth group to remind me of my capabilities gifts and when i am thinking thoughts that are not true,29291,1,0,0,0,0,0,0,0,0,0,0,0
my parents were having a typical family argument i came in and saw the scene and became angry,29305,1,0,0,0,0,0,0,0,0,0,0,0
i still feel quite discouraged though,29402,1,0,0,0,0,0,0,0,0,0,0,0
i began to feel discouraged withdrawn,29442,1,0,0,0,0,0,0,0,0,0,0,0
i feel disillusioned about our emphasis on disingenuous rage over the latest transgression from the other side the false anger and indignation the posturing the obvious belief on the part of many of our elected officials that we are idiots who couldnt find our asses with both hands,29566,1,0,0,0,0,0,0,0,0,0,0,0
i feel beaten you are there to hold me and encourage me to go on,29612,1,0,0,0,0,0,0,0,0,0,0,0
i feel a lot less angry and im saying stuff out loud and im letting anger out like today in our last session when i taught the quack a lesson cause he said im not progressing said i wasnt moving forward so i said lets see how you move without your fucking legs,29686,1,0,0,0,0,0,0,0,0,0,0,0
i went to the gym and i was back to feeling discouraged by my backsliding,29724,1,0,0,0,0,0,0,0,0,0,0,0
im so angry i feel violent,29745,1,0,0,0,0,0,0,0,0,0,0,0
i don t feel mad at all much less angry,29760,1,0,0,0,0,0,0,0,0,0,0,0
i fully understand and encourage nonetheless i feel a longing t,29863,1,0,0,0,0,0,0,0,0,0,0,0
im tired of feeling impatient and angry,29882,1,0,0,0,0,0,0,0,0,0,0,0
i cant deny that i felt a sharp pang of jealousy but who am i to feel jealous when i cant even muster up the courage to do anything about it or to put myself out there,29899,1,0,0,0,0,0,0,0,0,0,0,0
i get angry with people who attain certain status without deserving it,29902,1,0,0,0,0,0,0,0,0,0,0,0
im making good progress according to her though i am feeling a little discouraged at times,29966,1,0,0,0,0,0,0,0,0,0,0,0
i want to be angry and feel miserable,29991,1,0,0,0,0,0,0,0,0,0,0,0
i feel so glad that i made such an indelible mark on this student who so desperately needed encouragement and positivity in his life,30168,1,0,0,0,0,0,0,0,0,0,0,0
i cant help but feel just as frightened and angry when i read comments like these posted under the videos,30175,1,0,0,0,0,0,0,0,0,0,0,0
i would cry along with you and feel so discouraged so desperate so helpless sometimes even asking myself what i had gotten myself into,30462,1,0,0,0,0,0,0,0,0,0,0,0
i believe in a feeling angry sexual jesus,30633,1,0,0,0,0,0,0,0,0,0,0,0
im feeling pretty betrayed and angry,30895,1,0,0,0,0,0,0,0,0,0,0,0
i feel discouraged a lot of the time thinking that its all garbage,30919,1,0,0,0,0,0,0,0,0,0,0,0
i receive in response to the messages from ophelius and the circle of seven have encouraged me to take this next step in faith to expand the reach of spirit by educating the truth hungry souls of sincere men and women who feel the gravity of eternity and hear the divine call to action,31135,1,0,0,0,0,0,0,0,0,0,0,0
i feel that supporting the five students who stepped forward shows a massive amount of courage and incredible ethical and moral responsibility which should be commended,31189,1,0,0,0,0,0,0,0,0,0,0,0
i get very disappointed or discouraged with all this and with the way i feel on all these drugs my sweet husband reminds me that these drug side effects are better than having cancer or going blind,31256,1,0,0,0,0,0,0,0,0,0,0,0
i suppose we were supposed to feel enraged by that but i just found it a bit ridiculous,31541,1,0,0,0,0,0,0,0,0,0,0,0
i left feeling really quite angry and frustrated,31549,1,0,0,0,0,0,0,0,0,0,0,0
i feel ugly no one really is around to give me a hug and say dont be stupid and maybe just give me an ice cream at the same time to make me feel better although i really did appreciate all the fb comments from friends who tried to encourage me,31631,1,0,0,0,0,0,0,0,0,0,0,0
i feel outraged when i hear about thousands of crores of my country s money being looted by those filthy politicians,31647,1,0,0,0,0,0,0,0,0,0,0,0
i have never been one who wanted to carry the burden of feeling hostile angry or hurt by so,31826,1,0,0,0,0,0,0,0,0,0,0,0
i understand that your lot is not a parking garage for the masses but i feel i was wronged,31881,1,0,0,0,0,0,0,0,0,0,0,0
i am about our afternoon activities im also feeling quite distraught about the tragedy this morning in ct,31929,1,0,0,0,0,0,0,0,0,0,0,0
i feel faithful when i can encourage someone to trust in god,31936,1,0,0,0,0,0,0,0,0,0,0,0
i feel will really encourage you in your walk your pursuit of things you are passionate about and seeing how the lord can use those who are willing,31976,1,0,0,0,0,0,0,0,0,0,0,0
ive just found some of the wood in the garage and i feel so relieved that we might be able to make something,32098,1,0,0,0,0,0,0,0,0,0,0,0
i am feeling frustrated or angry with my husband in general,32107,1,0,0,0,0,0,0,0,0,0,0,0
i dun feel as enraged as b feel dissapointed and im over it,32118,1,0,0,0,0,0,0,0,0,0,0,0
i was having a minor meltdown and all of your comments and encouragement really made me feel better,32202,1,0,0,0,0,0,0,0,0,0,0,0
ive had a little experience lately with grief i want to offer some kind encouragement to those who are on the other side looking at one in grief and feeling helpless on what to do,32207,1,0,0,0,0,0,0,0,0,0,0,0
i am use to having limitations and pain but when those are magnified i begin to feel angry,32209,1,0,0,0,0,0,0,0,0,0,0,0
i sat down feeling discouraged,32223,1,0,0,0,0,0,0,0,0,0,0,0
marriage crises boredom,8233,0,1,0,0,0,0,0,0,0,0,0,0
i feel suffocated when im part of something dull safe convention makes my brain scream in boredom,10842,0,1,0,0,0,0,0,0,0,0,0,0
i glimpsed that boredom and loss of impetus can arise when feeling uncertain of your goals,11212,0,1,0,0,0,0,0,0,0,0,0,0
i need to do for work tomorrow feeling burdened by the tedium of the mundane world wishing for something or someone to appear and have a conversation with me about magick tarot wands spells meditation etc,11783,0,1,0,0,0,0,0,0,0,0,0,0
i like a challenge when i feel like i m doing something productive or working towards an achievement i do not like a challenge when it s a battle between staying focused and positive or all too easily plummeting into boredom frustration and uselessness,16524,0,1,0,0,0,0,0,0,0,0,0,0
i was influenced by some friends and the boredom i somerimes feel for not being so creative lately,31849,0,1,0,0,0,0,0,0,0,0,0,0
i too feel this even now this longing to read read read despite my boredom of it just to say i have done this,47599,0,1,0,0,0,0,0,0,0,0,0,0
i indulge that boredom by browsing the internet or doing insane things that just pass the time but leave me feeling disappointed that i didnt accomplish anything,50917,0,1,0,0,0,0,0,0,0,0,0,0
i mention this because it means rather than the anger this issue would have induced had i still given a crap i just feel aching boredom,54989,0,1,0,0,0,0,0,0,0,0,0,0
i speak of is your overwhelming feeling of boredom though i am uncertain that that darkness have ever left you,74061,0,1,0,0,0,0,0,0,0,0,0,0
i feel so cooped up amp annoyed at the monotony of my every day life but i feel like there is no way to change the direction that i have chosen,80250,0,1,0,0,0,0,0,0,0,0,0,0
i am going through a period where i have been there done that with my natural hair and i feel a little frustrated actually more like frustrated with boredom,88397,0,1,0,0,0,0,0,0,0,0,0,0
i was feeling exhausted and shear boredom to do anything else i would commonly flip on the tv internet or radio sit back in the chair and veg for a good hour or so,103735,0,1,0,0,0,0,0,0,0,0,0,0
i still feel a dull monotony of life working on that day and night,119267,0,1,0,0,0,0,0,0,0,0,0,0
i was writing and feeling frustrated experiencing a lot of tedium in the process when i remembered to write down what i was actually thinking rather than what i thought i should be writing about and thinking about,123273,0,1,0,0,0,0,0,0,0,0,0,0
i had a feeling that everythings got a lot boring but ive found ways to tackle the boredom by interactive methods most important being practicality,124002,0,1,0,0,0,0,0,0,0,0,0,0
i am bored a lot but i also feel like my boredom is a valuable asset,128451,0,1,0,0,0,0,0,0,0,0,0,0
i am relieved but now burden with the thing called boredom which is in a sense odd seeing that i do not have a heart thus should not be able to feel petty things like that,141161,0,1,0,0,0,0,0,0,0,0,0,0
i feel like my good friend narcissism might have something to do with that well that and a spoonful of boredom,145992,0,1,0,0,0,0,0,0,0,0,0,0
i am someone who needs to be challenged and stimulated otherwise i quickly become bored and the boredom soon moves into overthinking which then leads to feeling low if im not careful,146832,0,1,0,0,0,0,0,0,0,0,0,0
i feel the blank bareness and boredom,172253,0,1,0,0,0,0,0,0,0,0,0,0
im again feeling like ive been tortured by boredom i shall write some crap,177330,0,1,0,0,0,0,0,0,0,0,0,0
i feel like i am going at a snail pace everything has slowed around me and the discomfort and boredom of the boring straight canal has started to play on my mind,190038,0,1,0,0,0,0,0,0,0,0,0,0
i feel was largely ignored in the material i read this am is boredom,191675,0,1,0,0,0,0,0,0,0,0,0,0
i get it out for a sniff when i feel jaded by my surroundings on the move or when i m momentarily struck by boredom at home,193376,0,1,0,0,0,0,0,0,0,0,0,0
i am still bored but im starting to think it might not be just work or more likely that the boredom my mind is in during work hours has created a habit of mental state and i feel dissatisfied generally,201405,0,1,0,0,0,0,0,0,0,0,0,0
i already start to feel the tedium of post holiday austerity and i am thrilled to find phoebe slice and crumble her way into a january meal with a shiitake dish that is a little apart from the same old same old,202853,0,1,0,0,0,0,0,0,0,0,0,0
i feel insincere like a fake like that any moment the student will be able to see through the veil of politeness i wear over my extreme boredom,206427,0,1,0,0,0,0,0,0,0,0,0,0
i have more than enough to keep myself busy almost too much in fact but i cant help feel dissatisfied with the monotony of day to day life,209666,0,1,0,0,0,0,0,0,0,0,0,0
im again feeling like ive been tortured by boredom i shall write some crap,221741,0,1,0,0,0,0,0,0,0,0,0,0
ive realized the adult is actually more annoying than the child the kid is usually motivated through boredom and feels they are being tortured,232397,0,1,0,0,0,0,0,0,0,0,0,0
i is not the illness of the boredom of not having anything to do but the more serious illness of feeling that it s not worthwhile doing anything,238816,0,1,0,0,0,0,0,0,0,0,0,0
i sat down to watch the opening ceremony last night feeling curious but expecting boredom or disappointment,248333,0,1,0,0,0,0,0,0,0,0,0,0
i wanted to go back to the house i had brought my laptop with me and hoped that it would solve my lonely boredom and i kept hinting that i was feeling ignored and bored but they continued their frolic through the rainy town me following in a slump,257049,0,1,0,0,0,0,0,0,0,0,0,0
i guess my boredom also stemmed from feeling dissatisfied,267486,0,1,0,0,0,0,0,0,0,0,0,0
i feel like i am angry all the time that i resent my family and that all i really want to do is get out of my house my minivan the monotony,268316,0,1,0,0,0,0,0,0,0,0,0,0
i feel i should use my boredom in a more productive manner and not just numb my brain with endless advertisements telling me what to spend my hard earned money on and horrific dumbed down tv programmes that drain my intelligence every second i mindlessly conform to watching them,282093,0,1,0,0,0,0,0,0,0,0,0,0
i was starting to feel anxious and trapped as i have been in a car for too much time over the past three months so i decided to break up the monotony by playing golf,286069,0,1,0,0,0,0,0,0,0,0,0,0
im not sure if kevin was struck with momentary insanity or absolute boredom or was feeling especially benevolent to his year old daughter but he agreed to watch high school musical even though he found high school musical excruciating to watch,290387,0,1,0,0,0,0,0,0,0,0,0,0
i feel vain when i do a ton of self portraits too but theyre usually out of boredom,298505,0,1,0,0,0,0,0,0,0,0,0,0
i like it although the mood is mellow and just a while ago i was feeling a bit disturbed mainly because of boredom,302681,0,1,0,0,0,0,0,0,0,0,0,0
i still think we need to talk about feelings and depression and boredom and withdrawl from people symptoms that my mom is exhibiting but then again maybe i will just ask her directly how she is feeling and not shy away from telling her what i am observing or worried about,305566,0,1,0,0,0,0,0,0,0,0,0,0
i wish i didnt feel so doomed to boredom and loneliness,307098,0,1,0,0,0,0,0,0,0,0,0,0
i want that chance to feel shaken out of the dull tedium of daily living,314162,0,1,0,0,0,0,0,0,0,0,0,0
i feel like an ugly teddy bear you took the stuffing from in boredom but maybe someone will come by and find a puppet cram a flashlight in the hole in me to say i glow or blow some other smoke up my ass,325314,0,1,0,0,0,0,0,0,0,0,0,0
i don t mind so much because it kinda breaks the monotony but i feel it s just sooo lame for the kids to be having tests all morning and then oh,325623,0,1,0,0,0,0,0,0,0,0,0,0
i need to feel productive cruising sounds tiresome in its monotony,325729,0,1,0,0,0,0,0,0,0,0,0,0
i feel ignored i feel this boredom like a little sword straight to my chest straight to my chest to my chest to my chest straight to my chest straight to my chest to my chest to my chest straight to my chest straight to my,327958,0,1,0,0,0,0,0,0,0,0,0,0
i honestly just feel too awful to work but i really need to start saving money and i know ill go crazy with boredom,339460,0,1,0,0,0,0,0,0,0,0,0,0
i also feel rather resigned to the monotony and broken record feeling that i get during the weekdays,351936,0,1,0,0,0,0,0,0,0,0,0,0
i feel when i m out there for a super long run loneliness boredom goofiness super mood swings peace focus confidence the list goes on and for every runner it is different,361995,0,1,0,0,0,0,0,0,0,0,0,0
i feel its important to continue the engagement in the summer or maybe its simply out of sheer boredom but this summer cruz and i have started school,363255,0,1,0,0,0,0,0,0,0,0,0,0
i feel cold and stick and icky and all i want to do is go home and sleep but i can t because i have to be at work even though there isn t any work to do and there hasn t been all week and i m going insane from boredom,363681,0,1,0,0,0,0,0,0,0,0,0,0
i can feel rest assured that a hospital is just a walking distance away in case i fail to kill myself due to boredom,365696,0,1,0,0,0,0,0,0,0,0,0,0
i suppose i can begin with my not eating yet i am eating overeating actually which my belt has been cruel to remind me but i feel so isolated from and doing it only out of boredom,373812,0,1,0,0,0,0,0,0,0,0,0,0
i know in the modern world people change jobs all the time for random reasons a little more money a shorter commute benefits boredom feeling generally dissatisfied or unappreciated,382219,0,1,0,0,0,0,0,0,0,0,0,0
ive realized the adult is actually more annoying than the child the kid is usually motivated through boredom and feels they are being tortured,386143,0,1,0,0,0,0,0,0,0,0,0,0
i feel is listless boredom,389477,0,1,0,0,0,0,0,0,0,0,0,0
i have a very low boredom threshold and i like to feel that i can escape from tedium any time i feel like it by a clever tactical retreat involving my car or public transport,390829,0,1,0,0,0,0,0,0,0,0,0,0
i think i associate not having the coffee with a feeling of boredom or of things being dull and uneventful,396421,0,1,0,0,0,0,0,0,0,0,0,0
i do not feel mournful of this for its own sake but for the sake of a desire to feel mournful as an alternative to a moment of boredom,397685,0,1,0,0,0,0,0,0,0,0,0,0
i was forever trapped in a monotonous cycle of work and abuse both potentially occurring simultaneously if limpdick was feeling particularly savage that day despite having nothing in my life keeping me tethered to such monotony,399287,0,1,0,0,0,0,0,0,0,0,0,0
i cant feel myself my heart is so aching and the boredom i should say is digging deeper inch by inch,407025,0,1,0,0,0,0,0,0,0,0,0,0
marriage crises boredom,425042,0,1,0,0,0,0,0,0,0,0,0,0
i feel suffocated when im part of something dull safe convention makes my brain scream in boredom,427651,0,1,0,0,0,0,0,0,0,0,0,0
i glimpsed that boredom and loss of impetus can arise when feeling uncertain of your goals,428021,0,1,0,0,0,0,0,0,0,0,0,0
i need to do for work tomorrow feeling burdened by the tedium of the mundane world wishing for something or someone to appear and have a conversation with me about magick tarot wands spells meditation etc,428592,0,1,0,0,0,0,0,0,0,0,0,0
i like a challenge when i feel like i m doing something productive or working towards an achievement i do not like a challenge when it s a battle between staying focused and positive or all too easily plummeting into boredom frustration and uselessness,433333,0,1,0,0,0,0,0,0,0,0,0,0
i was influenced by some friends and the boredom i somerimes feel for not being so creative lately,448658,0,1,0,0,0,0,0,0,0,0,0,0
i too feel this even now this longing to read read read despite my boredom of it just to say i have done this,464408,0,1,0,0,0,0,0,0,0,0,0,0
i indulge that boredom by browsing the internet or doing insane things that just pass the time but leave me feeling disappointed that i didnt accomplish anything,467726,0,1,0,0,0,0,0,0,0,0,0,0
i mention this because it means rather than the anger this issue would have induced had i still given a crap i just feel aching boredom,471798,0,1,0,0,0,0,0,0,0,0,0,0
i speak of is your overwhelming feeling of boredom though i am uncertain that that darkness have ever left you,490870,0,1,0,0,0,0,0,0,0,0,0,0
i feel so cooped up amp annoyed at the monotony of my every day life but i feel like there is no way to change the direction that i have chosen,497059,0,1,0,0,0,0,0,0,0,0,0,0
i am going through a period where i have been there done that with my natural hair and i feel a little frustrated actually more like frustrated with boredom,505206,0,1,0,0,0,0,0,0,0,0,0,0
i was feeling exhausted and shear boredom to do anything else i would commonly flip on the tv internet or radio sit back in the chair and veg for a good hour or so,520544,0,1,0,0,0,0,0,0,0,0,0,0
i still feel a dull monotony of life working on that day and night,536076,0,1,0,0,0,0,0,0,0,0,0,0
i was writing and feeling frustrated experiencing a lot of tedium in the process when i remembered to write down what i was actually thinking rather than what i thought i should be writing about and thinking about,540082,0,1,0,0,0,0,0,0,0,0,0,0
i had a feeling that everythings got a lot boring but ive found ways to tackle the boredom by interactive methods most important being practicality,540811,0,1,0,0,0,0,0,0,0,0,0,0
i am bored a lot but i also feel like my boredom is a valuable asset,545260,0,1,0,0,0,0,0,0,0,0,0,0
i am relieved but now burden with the thing called boredom which is in a sense odd seeing that i do not have a heart thus should not be able to feel petty things like that,557970,0,1,0,0,0,0,0,0,0,0,0,0
i feel like my good friend narcissism might have something to do with that well that and a spoonful of boredom,562801,0,1,0,0,0,0,0,0,0,0,0,0
i am someone who needs to be challenged and stimulated otherwise i quickly become bored and the boredom soon moves into overthinking which then leads to feeling low if im not careful,563641,0,1,0,0,0,0,0,0,0,0,0,0
i feel the blank bareness and boredom,589062,0,1,0,0,0,0,0,0,0,0,0,0
im again feeling like ive been tortured by boredom i shall write some crap,594139,0,1,0,0,0,0,0,0,0,0,0,0
i feel like i am going at a snail pace everything has slowed around me and the discomfort and boredom of the boring straight canal has started to play on my mind,606847,0,1,0,0,0,0,0,0,0,0,0,0
i feel was largely ignored in the material i read this am is boredom,608484,0,1,0,0,0,0,0,0,0,0,0,0
i get it out for a sniff when i feel jaded by my surroundings on the move or when i m momentarily struck by boredom at home,610185,0,1,0,0,0,0,0,0,0,0,0,0
i am still bored but im starting to think it might not be just work or more likely that the boredom my mind is in during work hours has created a habit of mental state and i feel dissatisfied generally,618214,0,1,0,0,0,0,0,0,0,0,0,0
i already start to feel the tedium of post holiday austerity and i am thrilled to find phoebe slice and crumble her way into a january meal with a shiitake dish that is a little apart from the same old same old,619662,0,1,0,0,0,0,0,0,0,0,0,0
i feel insincere like a fake like that any moment the student will be able to see through the veil of politeness i wear over my extreme boredom,623236,0,1,0,0,0,0,0,0,0,0,0,0
i have more than enough to keep myself busy almost too much in fact but i cant help feel dissatisfied with the monotony of day to day life,626475,0,1,0,0,0,0,0,0,0,0,0,0
im again feeling like ive been tortured by boredom i shall write some crap,638550,0,1,0,0,0,0,0,0,0,0,0,0
ive realized the adult is actually more annoying than the child the kid is usually motivated through boredom and feels they are being tortured,649206,0,1,0,0,0,0,0,0,0,0,0,0
i is not the illness of the boredom of not having anything to do but the more serious illness of feeling that it s not worthwhile doing anything,655625,0,1,0,0,0,0,0,0,0,0,0,0
i sat down to watch the opening ceremony last night feeling curious but expecting boredom or disappointment,665142,0,1,0,0,0,0,0,0,0,0,0,0
i wanted to go back to the house i had brought my laptop with me and hoped that it would solve my lonely boredom and i kept hinting that i was feeling ignored and bored but they continued their frolic through the rainy town me following in a slump,673858,0,1,0,0,0,0,0,0,0,0,0,0
i guess my boredom also stemmed from feeling dissatisfied,684295,0,1,0,0,0,0,0,0,0,0,0,0
i feel like i am angry all the time that i resent my family and that all i really want to do is get out of my house my minivan the monotony,685125,0,1,0,0,0,0,0,0,0,0,0,0
i feel i should use my boredom in a more productive manner and not just numb my brain with endless advertisements telling me what to spend my hard earned money on and horrific dumbed down tv programmes that drain my intelligence every second i mindlessly conform to watching them,698902,0,1,0,0,0,0,0,0,0,0,0,0
i was starting to feel anxious and trapped as i have been in a car for too much time over the past three months so i decided to break up the monotony by playing golf,702878,0,1,0,0,0,0,0,0,0,0,0,0
im not sure if kevin was struck with momentary insanity or absolute boredom or was feeling especially benevolent to his year old daughter but he agreed to watch high school musical even though he found high school musical excruciating to watch,707196,0,1,0,0,0,0,0,0,0,0,0,0
i feel vain when i do a ton of self portraits too but theyre usually out of boredom,715314,0,1,0,0,0,0,0,0,0,0,0,0
i like it although the mood is mellow and just a while ago i was feeling a bit disturbed mainly because of boredom,719490,0,1,0,0,0,0,0,0,0,0,0,0
i still think we need to talk about feelings and depression and boredom and withdrawl from people symptoms that my mom is exhibiting but then again maybe i will just ask her directly how she is feeling and not shy away from telling her what i am observing or worried about,722375,0,1,0,0,0,0,0,0,0,0,0,0
i wish i didnt feel so doomed to boredom and loneliness,723907,0,1,0,0,0,0,0,0,0,0,0,0
i want that chance to feel shaken out of the dull tedium of daily living,730971,0,1,0,0,0,0,0,0,0,0,0,0
i feel like an ugly teddy bear you took the stuffing from in boredom but maybe someone will come by and find a puppet cram a flashlight in the hole in me to say i glow or blow some other smoke up my ass,742123,0,1,0,0,0,0,0,0,0,0,0,0
i don t mind so much because it kinda breaks the monotony but i feel it s just sooo lame for the kids to be having tests all morning and then oh,742432,0,1,0,0,0,0,0,0,0,0,0,0
i need to feel productive cruising sounds tiresome in its monotony,742538,0,1,0,0,0,0,0,0,0,0,0,0
i feel ignored i feel this boredom like a little sword straight to my chest straight to my chest to my chest to my chest straight to my chest straight to my chest to my chest to my chest straight to my chest straight to my,744767,0,1,0,0,0,0,0,0,0,0,0,0
i honestly just feel too awful to work but i really need to start saving money and i know ill go crazy with boredom,756269,0,1,0,0,0,0,0,0,0,0,0,0
i also feel rather resigned to the monotony and broken record feeling that i get during the weekdays,768745,0,1,0,0,0,0,0,0,0,0,0,0
i feel when i m out there for a super long run loneliness boredom goofiness super mood swings peace focus confidence the list goes on and for every runner it is different,778804,0,1,0,0,0,0,0,0,0,0,0,0
i feel its important to continue the engagement in the summer or maybe its simply out of sheer boredom but this summer cruz and i have started school,780064,0,1,0,0,0,0,0,0,0,0,0,0
i feel cold and stick and icky and all i want to do is go home and sleep but i can t because i have to be at work even though there isn t any work to do and there hasn t been all week and i m going insane from boredom,780490,0,1,0,0,0,0,0,0,0,0,0,0
i can feel rest assured that a hospital is just a walking distance away in case i fail to kill myself due to boredom,782505,0,1,0,0,0,0,0,0,0,0,0,0
i suppose i can begin with my not eating yet i am eating overeating actually which my belt has been cruel to remind me but i feel so isolated from and doing it only out of boredom,790621,0,1,0,0,0,0,0,0,0,0,0,0
i know in the modern world people change jobs all the time for random reasons a little more money a shorter commute benefits boredom feeling generally dissatisfied or unappreciated,799028,0,1,0,0,0,0,0,0,0,0,0,0
ive realized the adult is actually more annoying than the child the kid is usually motivated through boredom and feels they are being tortured,802952,0,1,0,0,0,0,0,0,0,0,0,0
i feel is listless boredom,806286,0,1,0,0,0,0,0,0,0,0,0,0
i have a very low boredom threshold and i like to feel that i can escape from tedium any time i feel like it by a clever tactical retreat involving my car or public transport,807638,0,1,0,0,0,0,0,0,0,0,0,0
i think i associate not having the coffee with a feeling of boredom or of things being dull and uneventful,813230,0,1,0,0,0,0,0,0,0,0,0,0
i do not feel mournful of this for its own sake but for the sake of a desire to feel mournful as an alternative to a moment of boredom,814494,0,1,0,0,0,0,0,0,0,0,0,0
i was forever trapped in a monotonous cycle of work and abuse both potentially occurring simultaneously if limpdick was feeling particularly savage that day despite having nothing in my life keeping me tethered to such monotony,816096,0,1,0,0,0,0,0,0,0,0,0,0
i cant feel myself my heart is so aching and the boredom i should say is digging deeper inch by inch,823834,0,1,0,0,0,0,0,0,0,0,0,0
im so excited but feeling kind of shy about it smile,169,0,0,1,0,0,0,0,0,0,0,0,0
i walked away feeling inspired and excited about realistic things i could do to increase my blog s chances for being found,173,0,0,1,0,0,0,0,0,0,0,0,0
im feeling so excited and eager,360,0,0,1,0,0,0,0,0,0,0,0,0
i find that i never stop feeling excited for our company s future,362,0,0,1,0,0,0,0,0,0,0,0,0
i also feel a little selfish when i get excited about hitting it off with our friends friends because it makes me feel victorious in our choices,406,0,0,1,0,0,0,0,0,0,0,0,0
i understand that students must pass the mcas and fulfill other tasks but as idealized in freedom writers students will respond better learn and understand faster if they feel respected and valued and if they are excited about their education,711,0,0,1,0,0,0,0,0,0,0,0,0
i feel eager to tell my parents,750,0,0,1,0,0,0,0,0,0,0,0,0
i feel eager and anxious and antsy in regards to it,765,0,0,1,0,0,0,0,0,0,0,0,0
i wonder if this is what master is feeling i am r wanting and eager to please and i am master who could very much enjoy his my attentions but won t because it is wrong as i he has no desire to return his my affections,874,0,0,1,0,0,0,0,0,0,0,0,0
i remember feeling excited about that particular day because i considered myself a grown up and woop,912,0,0,1,0,0,0,0,0,0,0,0,0
i am also in an exciting space i have to admit i am feeling curiously excitedly optimistic about the future,1129,0,0,1,0,0,0,0,0,0,0,0,0
i feel so excited about it,1249,0,0,1,0,0,0,0,0,0,0,0,0
i want to go in feeling eager and come out with a dazzling cert whilst on the phone with my mum feeling that at least ive made her proud,1262,0,0,1,0,0,0,0,0,0,0,0,0
i also did feel like i was excited to come back like i have two homes now,1265,0,0,1,0,0,0,0,0,0,0,0,0
im so excited but feeling scared too,1351,0,0,1,0,0,0,0,0,0,0,0,0
i wasn t thinking negatively about any of those things often the feeling was benign or actually an excited anticipation,1450,0,0,1,0,0,0,0,0,0,0,0,0
im feeling so invigorated and ready for whats ahead and very excited to share all that information with all of you,1526,0,0,1,0,0,0,0,0,0,0,0,0
i was just randomly talking about it and how i found the once more with feeling cd and listened to it and was quite eager to watch the show again,1605,0,0,1,0,0,0,0,0,0,0,0,0
i remember waking up feeling anxious and excited to read the bible its amazing how god will change your desires,1631,0,0,1,0,0,0,0,0,0,0,0,0
i feel very excited for my familys future,1715,0,0,1,0,0,0,0,0,0,0,0,0
i guess i just need to see how it goes so while im feeling very nervous im also very excited,1760,0,0,1,0,0,0,0,0,0,0,0,0
i was feeling eager to press on,1795,0,0,1,0,0,0,0,0,0,0,0,0
i actually just feel really eager,1936,0,0,1,0,0,0,0,0,0,0,0,0
i taught him what it can look like and how it could make him feel scared confused excited nervous,1951,0,0,1,0,0,0,0,0,0,0,0,0
i was feeling over eager and hopped on to the tube to ride the eye of london,2088,0,0,1,0,0,0,0,0,0,0,0,0
i sat down at the computer feeling nervous excited and more than a little silly,2127,0,0,1,0,0,0,0,0,0,0,0,0
i love autumn and everything that comes with it although i feel i am getting excited for christmas way too early this year me and my friends including a href http andthenwear,2162,0,0,1,0,0,0,0,0,0,0,0,0
i would feel so excited waiting for the mailman to come to our house handing me these letters,2188,0,0,1,0,0,0,0,0,0,0,0,0
i think i was feeling so excited today,2225,0,0,1,0,0,0,0,0,0,0,0,0
i am feeling excited and also nervous worrying about all the little details and hoping that our first day goes well,2432,0,0,1,0,0,0,0,0,0,0,0,0
i want them to feel eager to attend a amp m i want them to feel like they belong,2609,0,0,1,0,0,0,0,0,0,0,0,0
i should be feeling eager to leap into stash of fabric and make something,2636,0,0,1,0,0,0,0,0,0,0,0,0
ive gone through stages of nervousness and sheer terror but now i am feeling relaxed and excited,2776,0,0,1,0,0,0,0,0,0,0,0,0
i am so relieved and excited and i feel confident again,2786,0,0,1,0,0,0,0,0,0,0,0,0
im really excited for her birthday but feeling super nostalgic about it,2849,0,0,1,0,0,0,0,0,0,0,0,0
i feel pretty eager to get it done as i have a fun plan for quilting it,2856,0,0,1,0,0,0,0,0,0,0,0,0
i feel excited about what im doing again i feel like i have a ton of catching up to do,2908,0,0,1,0,0,0,0,0,0,0,0,0
im so excited but at the same time i feel a little nervous,2943,0,0,1,0,0,0,0,0,0,0,0,0
i feel really honored and excited to have met her,2998,0,0,1,0,0,0,0,0,0,0,0,0
i dont know how to explain it very well its like i am happily bobbing along exploring an abstract universe all on my own but when i make contact with something i get excited and happy and i feel satisfied like ive formed a special bond with whatever ive encountered,3090,0,0,1,0,0,0,0,0,0,0,0,0
i am feeling so excited for many of the bloggers i follow who are anxiously bearing through a ww of the first few weeks of pregnancy,3175,0,0,1,0,0,0,0,0,0,0,0,0
i knew i wanted to somehow include the idea of natural healing and holistic living but the site is also about feeling radiant vibrant and enthusiastic about life at any age,3307,0,0,1,0,0,0,0,0,0,0,0,0
a certain friend tried to push me off a seat in a very violent way for no apparent reason it may be that he was excited about something,3353,0,0,1,0,0,0,0,0,0,0,0,0
i feel energized and eager to write tomorrow,3440,0,0,1,0,0,0,0,0,0,0,0,0
i feel this strange shift between us the heat between us intensifying and i get excited my nerves bubbling up inside me,3495,0,0,1,0,0,0,0,0,0,0,0,0
i want to be able to declare how excited i am in the most sickening sing songy voice that anyone has ever heard but frankly i feel more terrified than anything,3639,0,0,1,0,0,0,0,0,0,0,0,0
i have the distinct sickening feeling he paused glancing up at kakashi and the rest of his eager audience that i m going to regret this,3797,0,0,1,0,0,0,0,0,0,0,0,0
im feeling a bit apprehensive but excited as well,3935,0,0,1,0,0,0,0,0,0,0,0,0
i feel he was eager to help,3949,0,0,1,0,0,0,0,0,0,0,0,0
i want to get up in the mornings feeling excited about going to work instead of wanting to hit the snooze button,3990,0,0,1,0,0,0,0,0,0,0,0,0
i remember sitting in class actually feeling eager to learn a amp p,4074,0,0,1,0,0,0,0,0,0,0,0,0
i feel so eager now to please,4083,0,0,1,0,0,0,0,0,0,0,0,0
im supposed to be excited about my tattoo today but instead all im feeling is pissed off,4116,0,0,1,0,0,0,0,0,0,0,0,0
im going to go do my anti dance flow now and if i feel eager since ill be on the mat anyhow i might even do a few circuits of grow a spine,4222,0,0,1,0,0,0,0,0,0,0,0,0
ive to admit im feeling excited yet so unprepared for the surgery,4317,0,0,1,0,0,0,0,0,0,0,0,0
i feel inspired and eager to press on when the sun shines,4440,0,0,1,0,0,0,0,0,0,0,0,0
i can feel it and look with eager anticipation for what is to come,4598,0,0,1,0,0,0,0,0,0,0,0,0
i feel very happy and excited since i learned so many things,4721,0,0,1,0,0,0,0,0,0,0,0,0
i feel this way i know it has a reputation for a student population eager to join this culture but somehow i doubt its just northwestern,4723,0,0,1,0,0,0,0,0,0,0,0,0
i am feeling super excited as the weeks seem to be flying by and we are getting closer and closer to our due date,4785,0,0,1,0,0,0,0,0,0,0,0,0
im feeling quite excited because i get to introduce you to my newest fabulous sponsor,4798,0,0,1,0,0,0,0,0,0,0,0,0
i was talking to elder ditlevsen the other day about my plans at college and things and how you guys were all way excited for me to get back and he told me that he remembered feeling a little nervous as a parent,4861,0,0,1,0,0,0,0,0,0,0,0,0
i am excited i hope they will be a it more personal with us and i wont feel like i am being rushed in and out,4901,0,0,1,0,0,0,0,0,0,0,0,0
i feel with aconfident heart i can be the overcomet that god wants me to be so i am eager to learn,4981,0,0,1,0,0,0,0,0,0,0,0,0
i thought i should be excited that im starting work but im feeling reluctant as ever,5014,0,0,1,0,0,0,0,0,0,0,0,0
i once knew a quaker who announced quite excitedly that he was feeling absolutely wonderful because for a period of about a fortnight nothing much had been happening in his brain,5175,0,0,1,0,0,0,0,0,0,0,0,0
i am feeling terrified anxious excited and apprehensive among a million other things,5181,0,0,1,0,0,0,0,0,0,0,0,0
i am designing games it really makes me feel excited,5201,0,0,1,0,0,0,0,0,0,0,0,0
i keep wondering why im hitting walls of grief and loss even while im having fun or feeling excited or enjoying some wonderful friends and pre summer time experiences,5207,0,0,1,0,0,0,0,0,0,0,0,0
ive been feeling a little bit anxious of late as far as my relations or lack thereof with some of the ward and some of the investigators go so im excited to be able to ponder that in the temple and see if i can come up with a plan with the lords help,5213,0,0,1,0,0,0,0,0,0,0,0,0
i feel excited about something that is soley for me here is the video about it,5378,0,0,1,0,0,0,0,0,0,0,0,0
i am feeling is also a blossoming eager anxiety,5484,0,0,1,0,0,0,0,0,0,0,0,0
i feel more like the girl i was when i was at i was fearless excited for life and discovery,5488,0,0,1,0,0,0,0,0,0,0,0,0
im excited to get home and spend time with everyone please feel free to email call or text and let me know if youre available for dinner or coffee or anything,5527,0,0,1,0,0,0,0,0,0,0,0,0
i was around and feeling fearless and excited,5610,0,0,1,0,0,0,0,0,0,0,0,0
i feel invigorated and enthusiastic,5786,0,0,1,0,0,0,0,0,0,0,0,0
i have the emotions but have learned that to feel them to let myself become agitated or excited means that my heart and heat jumps the regulated limits of what can be sustained,5822,0,0,1,0,0,0,0,0,0,0,0,0
i still feel like a kid eager to blow the candle open gifts and all that good stuff,5837,0,0,1,0,0,0,0,0,0,0,0,0
i feel like ecstatic i feel joy i feel love and particularly all the devotees have come and that mood is also eagerly moving moving and moving said andri a visitor from abroad,5842,0,0,1,0,0,0,0,0,0,0,0,0
i am feeling mellow excited about it partly because i know annie will churn all kinds of emotions inside of me esp,5853,0,0,1,0,0,0,0,0,0,0,0,0
i feel my portfolio demonstrates how eager i am to learn but some who know me better might call it annoyingly persistent,5951,0,0,1,0,0,0,0,0,0,0,0,0
i feel like i have been eager to get my undergrad finished for the last three years,6126,0,0,1,0,0,0,0,0,0,0,0,0
i was feeling somewhat excited about the graduation ceremony which will start at pm,6189,0,0,1,0,0,0,0,0,0,0,0,0
i feel eager for things to really start happening,6221,0,0,1,0,0,0,0,0,0,0,0,0
i was so excited and it came at the perfect time when i was feeling a little homesick,6237,0,0,1,0,0,0,0,0,0,0,0,0
i began to feel eager to leave i felt uncomfortable like an elevator at rush hour,6307,0,0,1,0,0,0,0,0,0,0,0,0
i say compassion which make me willing to return to martyrs whereas i never feel myself eager to play more funny games,6472,0,0,1,0,0,0,0,0,0,0,0,0
i am in that shoe i know the feeling and how excited it is to commemorate our childs one year milestone,6562,0,0,1,0,0,0,0,0,0,0,0,0
i started out super excited to see all the kids and do the crafts w them but by the end of the week i was feeling a little resentful toward all those blessed parents,6576,0,0,1,0,0,0,0,0,0,0,0,0
i remember going to nyc and not feeling very excited and being shocked that i was quite blas about the whole trip,6788,0,0,1,0,0,0,0,0,0,0,0,0
i hate it when i feel so eager to shop spend then even if i bought things that i like i kinda regret cos i bought a bunch of things,7059,0,0,1,0,0,0,0,0,0,0,0,0
i cant help but to imagine myself wrap in those precious masterpieces feeling cool and warm at the same time getting excited for no reason and get a boost of confidence even though im actually a life coyote cartoon,7125,0,0,1,0,0,0,0,0,0,0,0,0
im excited to feel the special spirit she will bring to our home,7275,0,0,1,0,0,0,0,0,0,0,0,0
i feel deeply appreciative of this and so excited to see them,7347,0,0,1,0,0,0,0,0,0,0,0,0
i should take more initiative and feel more excited about this project that i am working on,7404,0,0,1,0,0,0,0,0,0,0,0,0
i just found myself never feeling eager to wear them so back they went,7431,0,0,1,0,0,0,0,0,0,0,0,0
i chose to trust that these feelings and beliefs are being resolved on a deep level and cheer on that larger part of me ready and eager to change,7631,0,0,1,0,0,0,0,0,0,0,0,0
i was feeling proud of myself when i had finished it and felt eager to present it to the class,7642,0,0,1,0,0,0,0,0,0,0,0,0
i feel strongly for a lot of their principles but ive not devoted a lot to learning this path so im excited to be presented this opportunity,7749,0,0,1,0,0,0,0,0,0,0,0,0
im really feeling eager to get everything filed so that it can be processing,7756,0,0,1,0,0,0,0,0,0,0,0,0
i go to bed feeling excited just thinking about waking up and getting to have breakfast again,7762,0,0,1,0,0,0,0,0,0,0,0,0
im feeling eager to get to the gym and workout,7809,0,0,1,0,0,0,0,0,0,0,0,0
i wish i were more excited about it all but i just feel a bit reluctant about full time work again,7979,0,0,1,0,0,0,0,0,0,0,0,0
i feel overwhelmed and excited for the future,8139,0,0,1,0,0,0,0,0,0,0,0,0
i feel that less gave me insights i m excited about as well as a whole bunch more stuff to learn about,8157,0,0,1,0,0,0,0,0,0,0,0,0
im also feeling excited about the possibilities of what home as a place means,8214,0,0,1,0,0,0,0,0,0,0,0,0
i feel that the eager souls in us wanted to know what next,8236,0,0,1,0,0,0,0,0,0,0,0,0
im excited again and not feeling the least bit tortured by robert even his message didnt rattle me,8253,0,0,1,0,0,0,0,0,0,0,0,0
i am weeks days today shit just got real i feel like she is finally almost here with only weeks left i am just getting so excited and nervous for life with two girls,8282,0,0,1,0,0,0,0,0,0,0,0,0
im so excited and starting to feel a little bit nervous,8403,0,0,1,0,0,0,0,0,0,0,0,0
i am excited just to feel out of touch pissed off or misunderstood,8557,0,0,1,0,0,0,0,0,0,0,0,0
i just feel so vulnerable to it yet so excited to be in this situation,8591,0,0,1,0,0,0,0,0,0,0,0,0
im feeling angry betrayed jealous flattered or excited then im going to say it,8605,0,0,1,0,0,0,0,0,0,0,0,0
i feel eager at times and so angry at myself,8732,0,0,1,0,0,0,0,0,0,0,0,0
i feel like the lord has been preparing me for all that he has for me and i am so excited,8745,0,0,1,0,0,0,0,0,0,0,0,0
i was eager to try them on and feel super special,8764,0,0,1,0,0,0,0,0,0,0,0,0
i feel very very excited to dive into,8765,0,0,1,0,0,0,0,0,0,0,0,0
i cant afford to buy a trip to anthropologie leaves me feeling invigorated and excited,8859,0,0,1,0,0,0,0,0,0,0,0,0
i want him to feel excited about his lunch,8887,0,0,1,0,0,0,0,0,0,0,0,0
i have definitely enjoyed every bite i have had today and already feel excited about all the new foods i am going to finally let myself eat because she says it s ok which is all i really needed,8922,0,0,1,0,0,0,0,0,0,0,0,0
i get excited when i see an outfit that i think i might actually be able to recreate cheaply and feel comfortable wearing,8963,0,0,1,0,0,0,0,0,0,0,0,0
im very excited about that i cant help but feel somewhat heartbroken at what would have been,9153,0,0,1,0,0,0,0,0,0,0,0,0
im neither fearful or excited but feel somewhat like a casual observer to my own life standing on the sidelines just watching amazed that so much change can take place in such a short period of time,9215,0,0,1,0,0,0,0,0,0,0,0,0
i feel very excited about the future of gaming right now,9693,0,0,1,0,0,0,0,0,0,0,0,0
i love the poisitions that i could aim to be the writing is more creative and i keep feeling eager to learn more and more,9719,0,0,1,0,0,0,0,0,0,0,0,0
i finished my mile run feeling a little mentally defeated a little more eager to figure out what works for me nutritionally and not nearly as physically exhausted as i had expected by the increase in miles,9726,0,0,1,0,0,0,0,0,0,0,0,0
i feel bad that im excited for this lecture but i feel like i know it,9835,0,0,1,0,0,0,0,0,0,0,0,0
i feel really honored and excited to have met her,9857,0,0,1,0,0,0,0,0,0,0,0,0
im running and happy and my legs feel good and im excited to see what this crazy loop is all about,9883,0,0,1,0,0,0,0,0,0,0,0,0
i am excited grateful feeling more confident and less trapped in the house,9898,0,0,1,0,0,0,0,0,0,0,0,0
i still feel excited by my chest,10473,0,0,1,0,0,0,0,0,0,0,0,0
i feel so excited about this come to homecoming wearing a dress from dressv and of course i will look so pretty hihi am i too much saying that i look pretty,10517,0,0,1,0,0,0,0,0,0,0,0,0
i remember being at the ultrasound in my first pregnancy and feeling so excited to see the baby in that screen for the first time,10518,0,0,1,0,0,0,0,0,0,0,0,0
i am enthusiastic i feel like doing things in a positive state of mind and i find that this helps me,10597,0,0,1,0,0,0,0,0,0,0,0,0
i kwang s tongue explore his tight hole y yes i promise kwangie that s the truth hellip he buried his head against his hands hiding his face feeling ki kwang s eager tongue violate him,10607,0,0,1,0,0,0,0,0,0,0,0,0
i want them to feel eager to attend a amp m i want them to feel like they belong,10664,0,0,1,0,0,0,0,0,0,0,0,0
i feel extremely excited some days i feel extremely bummed and some days i feel extremely nervous and anxious,10667,0,0,1,0,0,0,0,0,0,0,0,0
i am so excited for this new chapter of my life and i feel the thrill of eager anticipation as i wait for the future to flow my way,10781,0,0,1,0,0,0,0,0,0,0,0,0
i am excited about some aspects of commencing phase of my transition but i do feel a little bit apprehensive but only because i am stepping into new and unwarranted territory,10786,0,0,1,0,0,0,0,0,0,0,0,0
i don t feel the need to sell the film i only feel eager to share it,10845,0,0,1,0,0,0,0,0,0,0,0,0
i believe it is only necessary to work your own will and those who are not capable of keeping up will fall back and those who feel eager to step up and run at your level will do likewise,11315,0,0,1,0,0,0,0,0,0,0,0,0
im beyond excited and i feel so privileged,11339,0,0,1,0,0,0,0,0,0,0,0,0
i am feeling much better and am so excited to come back to school tomorrow,11358,0,0,1,0,0,0,0,0,0,0,0,0
i am not sure if i should feel excited the fact that i can meet new people and learn new skills or scared of the fact that i am clueless and little which is the same feeling when i first entered high school,11575,0,0,1,0,0,0,0,0,0,0,0,0
i can actually feel my lats has me completely excited,11600,0,0,1,0,0,0,0,0,0,0,0,0
im currently feeling veeery excited right now as im going to portugal tomorrow,11832,0,0,1,0,0,0,0,0,0,0,0,0
im not really sure what the book is going for am i supposed to feel scared amused grossed out suspenseful excited,12033,0,0,1,0,0,0,0,0,0,0,0,0
i remember feeling stronger and faster week after week of training and by the time we reached the weekend for our tune up run i was curious excited and only slightly nervous,12217,0,0,1,0,0,0,0,0,0,0,0,0
im super excited about but without an apartment and nursery to get ready i feel a little useless,12283,0,0,1,0,0,0,0,0,0,0,0,0
i feel really positive and excited about all my r choices so i would without a doubt accept an offer,12307,0,0,1,0,0,0,0,0,0,0,0,0
i just want to go out there and uplift some people and let people walk away feeling like they saw something and are excited,12451,0,0,1,0,0,0,0,0,0,0,0,0
i see myself making a beautiful and artistic home from earthen materials feeling excited inspired happy joyful and to be working creatively with other people,12533,0,0,1,0,0,0,0,0,0,0,0,0
i feel unthreatened by popup dominator s lightbox presentation i was eager to read what it said and was more interested in subscribing than if i were to glace at a sidebar image a tactic most blogs employ for product promotion,12581,0,0,1,0,0,0,0,0,0,0,0,0
ive been soo excited for him to feel and it was amazing,12683,0,0,1,0,0,0,0,0,0,0,0,0
i feel kind of shamed that i could be spooked bad enough to actually run from something but at the same time am a little excited that i did have such a significant and extraordinary experience that i feel like my adventures are really paying off,12694,0,0,1,0,0,0,0,0,0,0,0,0
im feeling excited to meet will happy to have a doula for delivery wishing we had able to do a home birth instead maybe next time,12754,0,0,1,0,0,0,0,0,0,0,0,0
im feeling eager,12772,0,0,1,0,0,0,0,0,0,0,0,0
i didnt feel particularly bothered about it even a week ago but now i am officially excited,12786,0,0,1,0,0,0,0,0,0,0,0,0
i didnt feel that i really liked him or was happy or excited to be with him just felt kind of flat,12976,0,0,1,0,0,0,0,0,0,0,0,0
i feel eager to write this book which is a great feeling,13012,0,0,1,0,0,0,0,0,0,0,0,0
i feel very excited after my graduated what kind of lifestyle well have at the same time cafe are going to open but not that soon and we have to think about before a coffee shop what job we have to work as well to me i already fixed and i think youll be soon too,13448,0,0,1,0,0,0,0,0,0,0,0,0
i know it s too early to be feeling eager for the end of school but that s where i am,13563,0,0,1,0,0,0,0,0,0,0,0,0
i lost about pounds already and i feel so much stronger and eager to work out,13979,0,0,1,0,0,0,0,0,0,0,0,0
i really be feeling so eager to put a noose around my neck the second i get to work every day,14001,0,0,1,0,0,0,0,0,0,0,0,0
i am feeling excited about getting into writing again once my health has returned,14085,0,0,1,0,0,0,0,0,0,0,0,0
im usually so excited wrapping pressies nbuying hampers putting up christmas decorations filling stockings and blaring neil diamond but this year just doesnt feel as festive maybe its the uncharacteristic weather,14118,0,0,1,0,0,0,0,0,0,0,0,0
i feel differently because i don t know if i can be that excited when i m tired,14149,0,0,1,0,0,0,0,0,0,0,0,0
i didnt feel eager to leave the south anymore,14179,0,0,1,0,0,0,0,0,0,0,0,0
i didnt hold back feeling excited or happy or thankful or alive because the morning didnt matter,14266,0,0,1,0,0,0,0,0,0,0,0,0
i was feeling excited proud even for finishing what i started,14310,0,0,1,0,0,0,0,0,0,0,0,0
i am feeling so happy and excited about being on holiday mood but this time it is kind of spoiled by the fact that i will be transferring to the new campus when the next semester starts,14492,0,0,1,0,0,0,0,0,0,0,0,0
i always feel passionate about what i want to say and seeing as my imagination supports background music to truly create the ultimate scene i start getting excited about changing peoples lives and inevitably this resulted in high expectations and a very disappointing actual outcome,14773,0,0,1,0,0,0,0,0,0,0,0,0
i could delve into this over nine paragraphs that reach no conclusion or resort to the expressive probably misunderstood solution of stating that in the current mood i feel theres not a soul around me with whom i can get excited and touched swooning gasping yearning,14966,0,0,1,0,0,0,0,0,0,0,0,0
i am excited to draw paint collage and get my hands dirty but for whatever reason i am feeling a bit overwhelmed,15079,0,0,1,0,0,0,0,0,0,0,0,0
i have realized that people are what make me feel inspired energized excited and happy,15152,0,0,1,0,0,0,0,0,0,0,0,0
im feeling quite excited to build her up as i said using what i have in stock,15361,0,0,1,0,0,0,0,0,0,0,0,0
i want them to feel like i m eager to learn yet confident in the knowledge that i ve attained through my previous experiences,15436,0,0,1,0,0,0,0,0,0,0,0,0
i was a bit younger id feel very curious and excited wondering what sorts of presents my father and stepmother or mother had waiting for me on my birthday,15504,0,0,1,0,0,0,0,0,0,0,0,0
i think given the fact that my own mother had the very same type of cancer just four years back makes me feel particularly eager to help out as much as i can,15535,0,0,1,0,0,0,0,0,0,0,0,0
i feel excited also because they bring good song hap,15668,0,0,1,0,0,0,0,0,0,0,0,0
i remember feeling so eager to get out in the world and kick all the butt within kicking distance and then some,15893,0,0,1,0,0,0,0,0,0,0,0,0
i feel restless anxious excited hopeful contemplative and a few other things,15950,0,0,1,0,0,0,0,0,0,0,0,0
i am always excited to read about what my friends strangers are up to in their training i havent even been able to read a running blog in weeks because its just been too hard and im feeling a little resentful that im not out there in full training,15973,0,0,1,0,0,0,0,0,0,0,0,0
i feel nostalgic reminiscent homesick and excited too,15989,0,0,1,0,0,0,0,0,0,0,0,0
i feel eager to start my day and my productivity is good,16034,0,0,1,0,0,0,0,0,0,0,0,0
i understand if people are feeling eager but don t you think it would have been a little bit early for everyone to see it,16048,0,0,1,0,0,0,0,0,0,0,0,0
i was up just after this morning and instead of feeling exhausted as i did yesterday im excited to head out to the library this morning,16057,0,0,1,0,0,0,0,0,0,0,0,0
i had a trainer i dont think i ever weighed as little as i do now so im feeling pretty excited,16071,0,0,1,0,0,0,0,0,0,0,0,0
i wouldnt feel any glimmer of hope if it wasnt for him spelling that word out to me and being so eager to see him soon,16162,0,0,1,0,0,0,0,0,0,0,0,0
i am feeling such peace and truly excited for the event to take place,16211,0,0,1,0,0,0,0,0,0,0,0,0
i am going to visit my high school tomorrow with an old friend which i am excited for but i dont know if will completely fix how i feel i feel so ungrateful sometimes,16348,0,0,1,0,0,0,0,0,0,0,0,0
i feel so happy and hopeful and excited,16475,0,0,1,0,0,0,0,0,0,0,0,0
i feel as excited or more excited about this period amp from the writing to the recording to the playing to the anticipation of going on tour amp as i ve ever felt about anything that we ve done from the beginning rhcp frontman anthony kiedis told mtv news,16504,0,0,1,0,0,0,0,0,0,0,0,0
i feel so shocked happy excited when i look into my blogger,16537,0,0,1,0,0,0,0,0,0,0,0,0
i was almost feeling eager to write it to get started and put pen to paper or fingers to keys and crank it out,16644,0,0,1,0,0,0,0,0,0,0,0,0
i hate feeling like a lame un fun unenthusiastic person to be around and i have this vague sense of wanting to compensate for that by making everyone elses christmas morning spectacular,16958,0,0,1,0,0,0,0,0,0,0,0,0
i begin to feel joyful excited inspired loving compassionate,17183,0,0,1,0,0,0,0,0,0,0,0,0
i came away feeling excited,17196,0,0,1,0,0,0,0,0,0,0,0,0
i feel valued i go balls to the wall and i dont see any reason to inhibit myself if im a positive whirling force of eager energy and hope and spirited volition,17283,0,0,1,0,0,0,0,0,0,0,0,0
i feel energized delighted and excited,17389,0,0,1,0,0,0,0,0,0,0,0,0
i feel like a child eager to do something,17390,0,0,1,0,0,0,0,0,0,0,0,0
i am at the missouri fine arts academy again as a ra and am feeling very excited but unsure of what is in store,17402,0,0,1,0,0,0,0,0,0,0,0,0
i feel she doesn t love me because she doesn t call hardly sends text messages she is not always eager to see me,17461,0,0,1,0,0,0,0,0,0,0,0,0
i feel groggy anxious excited and impatient with just a touch of dread knowing that once i start writing again i have signed on for the year,17563,0,0,1,0,0,0,0,0,0,0,0,0
i feel incredibly blessed happy optimistic hopeful calm and excited about the road ahead,17705,0,0,1,0,0,0,0,0,0,0,0,0
i know i was giggling a few times last night and feeling so bouncy and excited,17756,0,0,1,0,0,0,0,0,0,0,0,0
im starting to feel a little or maybe a lot impatient and mostly just really excited to meet jackson,17818,0,0,1,0,0,0,0,0,0,0,0,0
i read one of your articles i feel recharged and eager to re,18153,0,0,1,0,0,0,0,0,0,0,0,0
i wasn t sure how to feel when i got ecstatic and excited i felt guilty for having fun when the band was visibly upset,18206,0,0,1,0,0,0,0,0,0,0,0,0
i feel eager for the day when god shall wipe away every tear,18223,0,0,1,0,0,0,0,0,0,0,0,0
i feel very excited too,18272,0,0,1,0,0,0,0,0,0,0,0,0
im already feeling playful and excited,18694,0,0,1,0,0,0,0,0,0,0,0,0
i feel that i want you eager a permanent delivery,18710,0,0,1,0,0,0,0,0,0,0,0,0
i actually feel i don t want to seem too eager,18729,0,0,1,0,0,0,0,0,0,0,0,0
i kinda get real attached and excited when i feel that way and i never handle things as well as others would,18996,0,0,1,0,0,0,0,0,0,0,0,0
i reckon if i wasnt feeling so eager that probably wouldnt have been a problem,19328,0,0,1,0,0,0,0,0,0,0,0,0
im feeling pretty eager and im confident about what the new year is bringing in,19356,0,0,1,0,0,0,0,0,0,0,0,0
im feeling so freaking excited,19387,0,0,1,0,0,0,0,0,0,0,0,0
i feel really excited knowing that it may have met needs of others for inspiration,19797,0,0,1,0,0,0,0,0,0,0,0,0
i have this feeling of getting excited about lovelife lol it seems like everyone around me have someone special,19961,0,0,1,0,0,0,0,0,0,0,0,0
i feel pretty anxious nervous quite giddy and excited,20135,0,0,1,0,0,0,0,0,0,0,0,0
im feeling really excited about,20157,0,0,1,0,0,0,0,0,0,0,0,0
i feel so excited and cant wait to go back but another moment i feel like im not ready to go back and face all the dramas or the people,20203,0,0,1,0,0,0,0,0,0,0,0,0
i left that day feeling excited about this new opportunity relieved that i wouldnt have to work alone anymore and happy that id be able to take the financial stress of starting a business off my family,20295,0,0,1,0,0,0,0,0,0,0,0,0
i feel she is eager to learn,20303,0,0,1,0,0,0,0,0,0,0,0,0
i started to feel less emotional about not being pregnant anymore and more and more excited to meet the baby i had been excited about that all along of course,20360,0,0,1,0,0,0,0,0,0,0,0,0
i am so excited about this opportunity but also feel very nervous and inadequate to do such a thing,20362,0,0,1,0,0,0,0,0,0,0,0,0
i feel quite jaded and unenthusiastic about life on most days,20485,0,0,1,0,0,0,0,0,0,0,0,0
im always feeling so agitated overly excited and impatient to those who are close to me,20564,0,0,1,0,0,0,0,0,0,0,0,0
i am feeling pretty excited commented artemis offshore academy sailor nick cherry,20574,0,0,1,0,0,0,0,0,0,0,0,0
i feel excited anxious nervous adventurous happy boisterous,20643,0,0,1,0,0,0,0,0,0,0,0,0
ive know that ive been pregnant ive had the luxury of feeling relaxed and excited for less than of them,20798,0,0,1,0,0,0,0,0,0,0,0,0
i feel lots of things excited nervous anxious but mostly relief that this week has finally come after months of delay i just want to get to work,21000,0,0,1,0,0,0,0,0,0,0,0,0
i am perpetually afraid of jumping on the wrong solution bandwagon but at the same time the sense of urgency i feel about the need for positive change in public education makes me eager to start going somewhere even if it turns out to be the wrong direction,21028,0,0,1,0,0,0,0,0,0,0,0,0
i know how shes feeling and i understand why she wasnt very eager to share the details of her time in china,21073,0,0,1,0,0,0,0,0,0,0,0,0
i didnt feel all these things those many yesteryears i was eager to see the end of the year and now it doesnt feel so much like that at all,21102,0,0,1,0,0,0,0,0,0,0,0,0
i am now leaving feeling hopeful excited and grateful,21135,0,0,1,0,0,0,0,0,0,0,0,0
i had almost forgotten how addictive this feeling is the excitement before bedtime eager to step on the scale the next morning and see results,21148,0,0,1,0,0,0,0,0,0,0,0,0
i feel kinda lame getting excited about a brown eyeshadow with so many great flashy colors out there and all,21579,0,0,1,0,0,0,0,0,0,0,0,0
i feel really excited to be at home for that long,21661,0,0,1,0,0,0,0,0,0,0,0,0
i know about it i feel eager to see it and if i feel i can adequately discuss it with my children without impairing their spiritual development then i want to share it with them as a talking point,21798,0,0,1,0,0,0,0,0,0,0,0,0
i think about the scenes coming up i get this tingly excited feeling in the pit of my stomach almost like butterflies except that these butterflies are sweet and pleasant unlike the ones you get when you have a crush,21857,0,0,1,0,0,0,0,0,0,0,0,0
i know it and that makes me feel eager to make my own film,22138,0,0,1,0,0,0,0,0,0,0,0,0
i feel like a dick when i say im thrilled and relieved and excited about the way the november election turned out,22158,0,0,1,0,0,0,0,0,0,0,0,0
i havent been able to set up a dinner date with a girlfriend or feel excited about bridesmaid duties,22165,0,0,1,0,0,0,0,0,0,0,0,0
i feel the eager to continuously fill myself with more of these solid moments,22172,0,0,1,0,0,0,0,0,0,0,0,0
i was feeling so overwhelmed and david was just as overwhelmed and excited as i was and minutes later i felt a big tug and out came kyle david grigsby into the world,22188,0,0,1,0,0,0,0,0,0,0,0,0
i don t feel excited and impatient as i was last year,22208,0,0,1,0,0,0,0,0,0,0,0,0
i have the opportunity i have raced in over races in less than a year and this is the one time that i am not feeling excited about this particular race when the time comes,22339,0,0,1,0,0,0,0,0,0,0,0,0
i just have a feeling that i will be more thankful for your obsession with my love life when i do finally find my future husband and you assumingly will be so ecstatic for me maybe even more excited for me than i am,22405,0,0,1,0,0,0,0,0,0,0,0,0
i know i was feeling very excited can you tell,22406,0,0,1,0,0,0,0,0,0,0,0,0
i feel quite excited by the development of this new on line tool and a system closely linking mentors and prts for attestation,22413,0,0,1,0,0,0,0,0,0,0,0,0
i just dont want to be in walsall for any great length of time but i feel a bit heartless saying that to my mom especially with it being my st which although i dont care about everyone else seems to its my birthday dammiit why is everyone more excited about it than me,22573,0,0,1,0,0,0,0,0,0,0,0,0
i can t help but feel relieved safe and excited with his arm around me,22588,0,0,1,0,0,0,0,0,0,0,0,0
i feel like when it was other girls she was very eager to tell me but now that its one of my friends i have to ask her about it,22679,0,0,1,0,0,0,0,0,0,0,0,0
i am very excited to get back to making time for the things i feel passionate about,22779,0,0,1,0,0,0,0,0,0,0,0,0
i do feel energized by them and am eager to finish the two paintings which are now well underway,22859,0,0,1,0,0,0,0,0,0,0,0,0
i am going through a phase in my life right now that i dont know how to articulate into words how i really feel its something that ive been feeling for quite some time and i am eager to let things roll out and see how everything turns out,22914,0,0,1,0,0,0,0,0,0,0,0,0
i feel like an addict going through withdrawals eager for a fix,23171,0,0,1,0,0,0,0,0,0,0,0,0
i just needed some sun but for the first time in a long time im feeling really excited about my life,23254,0,0,1,0,0,0,0,0,0,0,0,0
i hope i m still waking up every morning feeling eager to write,23470,0,0,1,0,0,0,0,0,0,0,0,0
i feel like this trip is a real thing and i could not be more excited about it,23729,0,0,1,0,0,0,0,0,0,0,0,0
i am back feeling more positive and excited about music than ever,23762,0,0,1,0,0,0,0,0,0,0,0,0
i feel we live in a world eager to embrace such inconsistencies,23880,0,0,1,0,0,0,0,0,0,0,0,0
im so excited for our family to grow but im also feeling a bit nostalgic as well,23955,0,0,1,0,0,0,0,0,0,0,0,0
im feeling particularly festive amp excited for all that this season brings,23962,0,0,1,0,0,0,0,0,0,0,0,0
i feel excited or scared,24141,0,0,1,0,0,0,0,0,0,0,0,0
i feel mellow and nervous and excited and focused and scattered,24422,0,0,1,0,0,0,0,0,0,0,0,0
i remember feeling excited that i finally got to experience some sort of pre labor signs since i hadnt had any throughout the tail end of my pregnancy,24451,0,0,1,0,0,0,0,0,0,0,0,0
i hope they are feeling excited for our year to begin,24641,0,0,1,0,0,0,0,0,0,0,0,0
i appreciate the dreamy feel and im eager to see which direction races takes next,24667,0,0,1,0,0,0,0,0,0,0,0,0
i have plans to see him this weekend and not getting too excited about it because i just am sensing something off and quite honestly im feeling discouraged and fed up once again,24791,0,0,1,0,0,0,0,0,0,0,0,0
i feel lighter clearer and more excited about what i get to create next in life,24819,0,0,1,0,0,0,0,0,0,0,0,0
i feel like just the other day we were anxious and excited about our little ones first day in kinder and now were all done,24823,0,0,1,0,0,0,0,0,0,0,0,0
i am so excited to see so many young girls anxious to serve the lord and spread the gospel of the church of jesus christ of latter day saints but that doesnt mean that im not feeling a little selfish and wishing that they were staying with me,24855,0,0,1,0,0,0,0,0,0,0,0,0
i will feel like am eager but bumbling a href www,25146,0,0,1,0,0,0,0,0,0,0,0,0
im excited about feel free to ask,25215,0,0,1,0,0,0,0,0,0,0,0,0
i feel excited and privileged to observe this things closely and try to portray that fleeting moments in a blink of an eye,25257,0,0,1,0,0,0,0,0,0,0,0,0
im already feeling so inadequate just thinking about exchanges because sister nay is like the ultimate sister missionary but im excited to learn so much from her,25272,0,0,1,0,0,0,0,0,0,0,0,0
i don t feel as eager and joyful about leaving school for good and i am certainly not jumping up and down on my bed screaming that i m free,25473,0,0,1,0,0,0,0,0,0,0,0,0
i guess i just feel like i dont see many who seem like they would be excited for me to approach them,25635,0,0,1,0,0,0,0,0,0,0,0,0
i meet someone who is ready to commit and willing to admit to it i feel excited because it takes a strong person to stand by his belief and do what he can to get it,25696,0,0,1,0,0,0,0,0,0,0,0,0
i was not chosen to play any game i could feel that every player on the court was so eager to win and worked so hard that i could not help scream out for every nice ball,25779,0,0,1,0,0,0,0,0,0,0,0,0
i am feeling very excited and just a teeny bit fan girly as these guys are fantastic experienced podcasters,25787,0,0,1,0,0,0,0,0,0,0,0,0
i show signs of clinical depression im not sure if giving it a definitive term would cure how i feel but im only too eager to agree with him since nothing else explains this sudden lowness,26029,0,0,1,0,0,0,0,0,0,0,0,0
i feel like i m being obnoxious about how excited i am to go back to school,26061,0,0,1,0,0,0,0,0,0,0,0,0
i had been doing quite a bit of training and was starting to feel in shape so was excited to give the race scene a shot again,26091,0,0,1,0,0,0,0,0,0,0,0,0
i just had to share because this is a fitness program that has this year old feeling excited and not afraid of celebrating my future birthdays,26167,0,0,1,0,0,0,0,0,0,0,0,0
i wouldnt swap my torch for saws ahahah d just knowing how many options it gives and how many things i am yet to learn with it makes me feel all excited about working,26194,0,0,1,0,0,0,0,0,0,0,0,0
i was tired tension and at last feeling excited,26213,0,0,1,0,0,0,0,0,0,0,0,0
i feel really pumped and also am eager to try hiit high intensity interval training thanks to my new friend sarah,26258,0,0,1,0,0,0,0,0,0,0,0,0
ive been feeling the stagnation of this place and my readiness to create some change but not too eager to create this because we still have and need more months here,26334,0,0,1,0,0,0,0,0,0,0,0,0
i was feeling pretty eager to get to a place soon so i could sit on an actual chair of some kind,26443,0,0,1,0,0,0,0,0,0,0,0,0
i walked away feeling inspired and excited about realistic things i could do to increase my blog s chances for being found,26563,0,0,1,0,0,0,0,0,0,0,0,0
i was feeling excited to see juniors coming in,26645,0,0,1,0,0,0,0,0,0,0,0,0
im feeling somewhat eager,26819,0,0,1,0,0,0,0,0,0,0,0,0
i am already feeling less overwhelmed by reading the posts here and am excited and scared at the same time,26968,0,0,1,0,0,0,0,0,0,0,0,0
i tried i just couldnt make that joyful feeling last or find the effort to get revved up and excited about being away,26976,0,0,1,0,0,0,0,0,0,0,0,0
i was feeling more stressed than excited about it this year until i finally settled on a costume idea,26987,0,0,1,0,0,0,0,0,0,0,0,0
i wasnt feeling super inspired to write about a random airbrushed card today but i was pretty excited abo,27000,0,0,1,0,0,0,0,0,0,0,0,0
i hate these feelings and thats why im not eager to make them anymore,27080,0,0,1,0,0,0,0,0,0,0,0,0
i feel a bit like a child being escorted by parents who are eager to do more advanced things than i can manage but don t want to be discouraging either,27171,0,0,1,0,0,0,0,0,0,0,0,0
im doing at the moment feels so much more worthwhile i dont want to go back to my old department and feel unenthusiastic,27192,0,0,1,0,0,0,0,0,0,0,0,0
i want everyone to feel eager enough to express them here,27193,0,0,1,0,0,0,0,0,0,0,0,0
i get the feeling they would be an eager audience if given the chance,27279,0,0,1,0,0,0,0,0,0,0,0,0
i sebagai takwarians feel so scared worried frightened cold but at the same time still feel so excited and hoping for the best results tomorrow is our last day at school at class,27399,0,0,1,0,0,0,0,0,0,0,0,0
i am feeling nostalgic and emotional and excited and happy and in a blog writing mood,27445,0,0,1,0,0,0,0,0,0,0,0,0
im really excited and im so glad to not have to feel so burdened,27458,0,0,1,0,0,0,0,0,0,0,0,0
i feel invigorated excited scared no terrified,27673,0,0,1,0,0,0,0,0,0,0,0,0
im slightly excited to go back into the workforce full time but at the same time feeling a little afraid that its going to take all the time away from being able to do stand up comedy,27677,0,0,1,0,0,0,0,0,0,0,0,0
i feel excited today writing this comeback post after almost months,28020,0,0,1,0,0,0,0,0,0,0,0,0
i feel invigorated excited about a lot of different things in a way that i havent been for a while,28038,0,0,1,0,0,0,0,0,0,0,0,0
i need to clarify that i am far from being a perfect scriptorian but now instead of feeling inadequate with my meager abilities i believe the lord can teach me what i need to know in the time i am able to offer him,28051,0,0,1,0,0,0,0,0,0,0,0,0
i feel so excited and im not the one getting married i think we need more women like tania in this world,28120,0,0,1,0,0,0,0,0,0,0,0,0
i feel lg is not really eager go home,28303,0,0,1,0,0,0,0,0,0,0,0,0
i am very excited to get back to making time for the things i feel passionate about,28369,0,0,1,0,0,0,0,0,0,0,0,0
i can watch korean drama feel excited happy damn nice la weyh today i didnt atte,28473,0,0,1,0,0,0,0,0,0,0,0,0
i feel like i ve got a lot of music in me i m excited about where music is gonna take me and where i m gonna take my music and it s taking him to september,28573,0,0,1,0,0,0,0,0,0,0,0,0
ive had terribly mixed feelings over this im eager to go home but i also dont want to leave here,28759,0,0,1,0,0,0,0,0,0,0,0,0
i have mixed feelings im really eager to go back and see everyone again and have fun and stuff,28801,0,0,1,0,0,0,0,0,0,0,0,0
i should feel excited shouldnt i,28819,0,0,1,0,0,0,0,0,0,0,0,0
i suppose i shouldn t get excited about the day anymore but i like an excuse to feel important,28875,0,0,1,0,0,0,0,0,0,0,0,0
i may feel mellow like i want to go back to bed but really i was excited to race,28898,0,0,1,0,0,0,0,0,0,0,0,0
i am breaking my fast with some fruit and i feel so eager to get there already,29073,0,0,1,0,0,0,0,0,0,0,0,0
i have never been one to take pictures like artistically but im excited to feel the cold fresh air and see some of these homes,29124,0,0,1,0,0,0,0,0,0,0,0,0
i am only few steps away from becoming a catechist and honestly though at one hand i am extremely excited on the other hand i am feeling somewhat intimidated,29176,0,0,1,0,0,0,0,0,0,0,0,0
i feel disheartened confused frazzled joyous silly excited or absolutely in awe i know i can reach god at any time with an open heart,29243,0,0,1,0,0,0,0,0,0,0,0,0
i feel slightly hesitant i am eager and interested to learn about a different way of life,29297,0,0,1,0,0,0,0,0,0,0,0,0
i got there around i could feel all the nervous excited adrenaline in the air,29354,0,0,1,0,0,0,0,0,0,0,0,0
im still feeling excited over my a href http melissa hurst,29366,0,0,1,0,0,0,0,0,0,0,0,0
i feel like i can eat sweets again i am excited to share that with our friends in houston,29384,0,0,1,0,0,0,0,0,0,0,0,0
i do feel like the blank slate leads for a ton of possibilities which gets me really excited,29392,0,0,1,0,0,0,0,0,0,0,0,0
i am perfectly content with our decision have most of our curriculum picked out for next year and am really excited for this new journey i must also admit i am feeling a bit sentimental,29403,0,0,1,0,0,0,0,0,0,0,0,0
i left yesterday morning for another century ride and i wasn t feeling really eager for it,29517,0,0,1,0,0,0,0,0,0,0,0,0
i truly feel i m talented at committed to interested in excited by,29773,0,0,1,0,0,0,0,0,0,0,0,0
i feel very passionate and excited about the work im doing and i really hope these feelings only continue to grow,29893,0,0,1,0,0,0,0,0,0,0,0,0
im feeling pretty eager to live in a small rural community where we can grow our own food and find our own solutions to our problems,30006,0,0,1,0,0,0,0,0,0,0,0,0
i was almost there when i didnt feel makes me excited to continue improving,30016,0,0,1,0,0,0,0,0,0,0,0,0
i hope you feel eager to try and knit your own boscobel shawl i assure you its a quick and interesting knit,30110,0,0,1,0,0,0,0,0,0,0,0,0
i feel that i simply have to publish them and i wait in eager anticipation of the reaction of my loyal few readers and then everyone else just doesn t get half as excited by it as i was,30133,0,0,1,0,0,0,0,0,0,0,0,0
i get a wonderful idea something i feel passionate about i get excited and then poof i manage to put myself into a situation where i procrastinate,30214,0,0,1,0,0,0,0,0,0,0,0,0
i walk through our humble apartment it feels as if it were only yesterday when i knocked at the door eager to meet my room mates in person,30303,0,0,1,0,0,0,0,0,0,0,0,0
i feel joyful and excited to get up everyday,30348,0,0,1,0,0,0,0,0,0,0,0,0
ill reserve posting any more about them at present as ive only read them but i will say that i have a good feeling about them and am eager to give them a try,30361,0,0,1,0,0,0,0,0,0,0,0,0
ive been feeling so lethargic these few days and being excited at work when i see mr,30427,0,0,1,0,0,0,0,0,0,0,0,0
i feel all kinds of stupid that a i admire people on twitter and b that i would get that excited about getting twitter acknowledged,30480,0,0,1,0,0,0,0,0,0,0,0,0
i feel like i am less and less nervous and more and more excited about welcoming bryce into our family we had my husbands work baby shower and got some much needed things,30711,0,0,1,0,0,0,0,0,0,0,0,0
i find out about people being pregnant i sometimes feel afraid for them before i feel excited for them,30879,0,0,1,0,0,0,0,0,0,0,0,0
i was tired and didnt talk a lot though and i kind of feel bad because they kept asking why i wasnt excited to see them and i swear i was but,30986,0,0,1,0,0,0,0,0,0,0,0,0
i feel this is a slope companies could be all to eager to slide,31010,0,0,1,0,0,0,0,0,0,0,0,0
im slowly transforming to insan yang boleh menyumbang kepada masyarakat lol bullshit and bad being i feel very eager to get something to do to prove myself a productive kid and feel upset for not being able to do anything in the end,31069,0,0,1,0,0,0,0,0,0,0,0,0
i feel like this summer has helped me grow as a person and i feel very eager to apply myself to something productive,31076,0,0,1,0,0,0,0,0,0,0,0,0
im not a weak person physically minus my wrists so it surprises me that i feel all wimpy and meager,31383,0,0,1,0,0,0,0,0,0,0,0,0
i am feeling excited about my new channeling crystals sided face with an isis face also,31559,0,0,1,0,0,0,0,0,0,0,0,0
im about to embark on a whole new adventure in life and im excited and a little intimidated so this feeling of content is not in the least bit taken for granted,31719,0,0,1,0,0,0,0,0,0,0,0,0
i feel blessed amazed and yes very excited,31740,0,0,1,0,0,0,0,0,0,0,0,0
i am wanting to start spinning at gym feeling a little intimidated but very excited,31771,0,0,1,0,0,0,0,0,0,0,0,0
i havent seen these bruises yet but i feel very eager to,31834,0,0,1,0,0,0,0,0,0,0,0,0
ive been feeling from my adoring fans that would be teh whole like of you who are my friends here i felt brave and excited and ventrured forth with guitar in hand to a local open mic night,31845,0,0,1,0,0,0,0,0,0,0,0,0
i remember feeling eager to catch up,32009,0,0,1,0,0,0,0,0,0,0,0,0
i am a deliberate allower i am a good feeling loving person passionate and eager for this game called life,32126,0,0,1,0,0,0,0,0,0,0,0,0
i actually feel like im something again i am so excited to meet the person who will love me then it will be amazing,32138,0,0,1,0,0,0,0,0,0,0,0,0
i am in connecting with a thousand who may or may not be excited to hear about my latest release a review that brought tears to my eyes or a message from a girl in sri lanka who did a book report on one of my books for school yes that one made me feel as cool as cat woman,32171,0,0,1,0,0,0,0,0,0,0,0,0
i feel an excited anticipation like the kind you get after youve just said hit me while playing black jack,32176,0,0,1,0,0,0,0,0,0,0,0,0
i had to wrestle with my demons of feeling that im failure because i didnt pack a classroom with or more eager students,32311,0,0,1,0,0,0,0,0,0,0,0,0
i walked with her past the school towards the road leading to her house she laughed prettily and told me about a funny video she wanted to show me i smiled and nodded feeling eager to see it,32319,0,0,1,0,0,0,0,0,0,0,0,0
ive been reading in the newspaper and hearing on npr i thought we might have some trouble getting a decent rate or even the amount we feel we might need but they were pretty eager to give us all the coin we asked for and even told us we have much more buying power than were requesting,32581,0,0,1,0,0,0,0,0,0,0,0,0
i did feel honoured to have been invited to an event that many people never get the opportunity to attend so whilst all around me got excited about me seeing the queen i was looking forward to an experience i wouldnt have every day and a little people watching,32601,0,0,1,0,0,0,0,0,0,0,0,0
i love this feeling and i m super excited about the next days,32676,0,0,1,0,0,0,0,0,0,0,0,0
i left feeling excited about all the magical things to come,32697,0,0,1,0,0,0,0,0,0,0,0,0
i feel very excited nba in european senior vice president benjamin moore said in recent years have in spain nba game and other activities the fans here is enthusiastic,32827,0,0,1,0,0,0,0,0,0,0,0,0
i are co hosting her baby shower and im feeling super inspired and super excited about it,32891,0,0,1,0,0,0,0,0,0,0,0,0
i was feeling unusually eager i might try to crook my head around the door jamb to sneak a peek at the two of them,32944,0,0,1,0,0,0,0,0,0,0,0,0
i approached central park i did not feel particularly inspired or excited,33124,0,0,1,0,0,0,0,0,0,0,0,0
i am feeling very excited because i have a yummy treat and amazing flowers,33402,0,0,1,0,0,0,0,0,0,0,0,0
i feel reluctant to inherit all of the new things im allowed to do not because i dont want to do them i am definitely excited to go out on saturday for a drink with my college friends but because i dont know how,33453,0,0,1,0,0,0,0,0,0,0,0,0
i was getting more and more excited but now that this is the last week it feels a little weird,33661,0,0,1,0,0,0,0,0,0,0,0,0
i do find something special and so far detached from the main stream fashion industry i feel really excited by the prospect of integrating it with my own personal style,33756,0,0,1,0,0,0,0,0,0,0,0,0
i feel like a lot of the bloggers i read who are from elsewhere are always excited about hot weather im always excited for the rain,34033,0,0,1,0,0,0,0,0,0,0,0,0
i supposed to fucking feel energized and eager to expand my lessons when i get shit on all the time by these kids,34184,0,0,1,0,0,0,0,0,0,0,0,0
i have this reaction sometimes as i tend to subdue and control my feelings so when i think that i should be excited and i find that i am not i feel disappointed,34294,0,0,1,0,0,0,0,0,0,0,0,0
i alternate between feeling embarrassed and excited that my almost teen sister and i share some similar interests in books,34371,0,0,1,0,0,0,0,0,0,0,0,0
i feel so blessed to be able to take months off to be with her and learn to be a mom and i couldnt be more excited about having our first thanksgiving and christmas together,34373,0,0,1,0,0,0,0,0,0,0,0,0
i was eager to vote when i got to this country i couldn t help but feel skeptical about what i could do beyond vote,34590,0,0,1,0,0,0,0,0,0,0,0,0
i feel excited and pretty well prepared,34624,0,0,1,0,0,0,0,0,0,0,0,0
i feel excited to even be at this point to be receiving them,34743,0,0,1,0,0,0,0,0,0,0,0,0
i started to feel doubtful about the purchase and i wasnt excited like i normally would be,34876,0,0,1,0,0,0,0,0,0,0,0,0
i feel excited and so i asked why and he responded because i have spanish class,34901,0,0,1,0,0,0,0,0,0,0,0,0
i am super excited but at the same time im feeling quite apprehensive this will crazily be the longest ive ever been away from home and for a twenty one year old i think thats pretty unusual,34905,0,0,1,0,0,0,0,0,0,0,0,0
i haven t gotten very far into this book but i do know i feel quite eager to return to it,35016,0,0,1,0,0,0,0,0,0,0,0,0
i feel like although extremely excited to meet our new daughter i didnt have time to get super impatient bc they moved my due date up we were so busy with a milling stressful things etc etc,35134,0,0,1,0,0,0,0,0,0,0,0,0
i feel so jaded that i am not too excited don t want to get too hopeful because i don t want to be disappointed anymore,35179,0,0,1,0,0,0,0,0,0,0,0,0
i was very excited to wear the green jersey of nigeria i feel honoured and i had great pride in representing my country he told mtnfootball,35401,0,0,1,0,0,0,0,0,0,0,0,0
i woke up feeling very festive and excited,35625,0,0,1,0,0,0,0,0,0,0,0,0
i feel surprised and excited because i haven t meet it before,35792,0,0,1,0,0,0,0,0,0,0,0,0
i feel excited just starting,35863,0,0,1,0,0,0,0,0,0,0,0,0
im feeling very passionate about art fashion food these days so get excited,35882,0,0,1,0,0,0,0,0,0,0,0,0
i have noticed that being back at work leaves me feeling antsy eager to do art during the day but too tired to do much when i get home,36000,0,0,1,0,0,0,0,0,0,0,0,0
i was eager for the appointment and left feeling hopeful,36014,0,0,1,0,0,0,0,0,0,0,0,0
im concerned you really cant have one without the other so when im feeling joyful it is a direct result of feeling passionate and enthusiastic about my life and whatever im doing with it at a moment in time,36097,0,0,1,0,0,0,0,0,0,0,0,0
i feel excited to meet this baby girl of ours,36115,0,0,1,0,0,0,0,0,0,0,0,0
i feel as though just the other day i was so eager to turn its kinda crazy,36122,0,0,1,0,0,0,0,0,0,0,0,0
i also found some amazing looking sweet themed designs out there which i feel very eager to share with you,36746,0,0,1,0,0,0,0,0,0,0,0,0
ive gotten a good feeling for the timing and my own special spots im excited to visit when spring rolls around,36758,0,0,1,0,0,0,0,0,0,0,0,0
i am feeling really excited but somehow the thoughts of how insinyur might be how it works and etc just scares me because i will always link everything back to eeec,36771,0,0,1,0,0,0,0,0,0,0,0,0
i feel about our plans to have kent join our staff on january but let me give you just three of the many reasons i m so eager for him to join our staff,36807,0,0,1,0,0,0,0,0,0,0,0,0
i am sorry that you feel you do not have anyone else to run to but let me assure you that there are many hares more eager than the particular tortoise,36822,0,0,1,0,0,0,0,0,0,0,0,0
i feel eager to get to it cause challenges seem to attract me like that,36828,0,0,1,0,0,0,0,0,0,0,0,0
im feeling excited although a little bit apprehensive,36848,0,0,1,0,0,0,0,0,0,0,0,0
i feel a bit stunned but mostly excited that i made a commitment,36909,0,0,1,0,0,0,0,0,0,0,0,0
i am already feeling excited about the baking,36997,0,0,1,0,0,0,0,0,0,0,0,0
i think i say and feel this every summer but i feel like a little kid this year desperately eager to escape the confines of school and get this summer show on the road,36999,0,0,1,0,0,0,0,0,0,0,0,0
i feel for you may be sumday u will be as eager as i am to utter d words i love you too may be i will not be dere to see dat day buts for each moment dat i do live dats all i will always loved u all dese years forever i will do baby whether i tell or not know its always u always you,37199,0,0,1,0,0,0,0,0,0,0,0,0
i began to feel rather eager to get stuck in,37281,0,0,1,0,0,0,0,0,0,0,0,0
i do feel a bit more confortable about it all and im eager to get started,37316,0,0,1,0,0,0,0,0,0,0,0,0
im excited lots of work to get done in these next few weeks but i really do feel optimistic and ready to get to work,37387,0,0,1,0,0,0,0,0,0,0,0,0
i found a place where i feel i being fed to use christianese and even more importantly where i was welcomed enthusiastically and i go there,37575,0,0,1,0,0,0,0,0,0,0,0,0
i so excited why did i feel so disappointed,37595,0,0,1,0,0,0,0,0,0,0,0,0
im feeling a bit nervous right now but excited at the same time because i wont be at the same school with the same people anymore,37745,0,0,1,0,0,0,0,0,0,0,0,0
i attend i learn new ideas i meet new people and i leave feeling excited to be part of a special group advocacy teachers,37762,0,0,1,0,0,0,0,0,0,0,0,0
i feel like i can get excited about this technology now that i know i dont have to buy another device,37820,0,0,1,0,0,0,0,0,0,0,0,0
i feel groggy but excited i m awake before the alarm sounds,38184,0,0,1,0,0,0,0,0,0,0,0,0
i am feeling particularly eager i make a homemade yellow cake although a boxed mix tastes great too,38278,0,0,1,0,0,0,0,0,0,0,0,0
i feel excited instead of devastated that we face yet another move,38284,0,0,1,0,0,0,0,0,0,0,0,0
i know i used to be very excited but now im starting to feel very reluctant,38310,0,0,1,0,0,0,0,0,0,0,0,0
im kinda glad that im not feeling overly excited about it though i probably will end up getting all hyped up and not able to sleep the longer i think about it,38560,0,0,1,0,0,0,0,0,0,0,0,0
i feel no excited with my own craft,38568,0,0,1,0,0,0,0,0,0,0,0,0
i think im addicted to breaking myself down like this every once in a while to feel all super interested and excited the rest of the time,38571,0,0,1,0,0,0,0,0,0,0,0,0
i am so excited and feel very special,38601,0,0,1,0,0,0,0,0,0,0,0,0
i feel a tad smug to be grouped with the other level s and i eagerly listen to the instructions from mince meat mollie on how to do the drill,38634,0,0,1,0,0,0,0,0,0,0,0,0
i feel eager to get into university stpm result is going to release on next month no feeling about matter yet i didnt get a job yet not sure whether im lazy to hunt for a job or just keep finding excuses to enjoy life,38646,0,0,1,0,0,0,0,0,0,0,0,0
im feeling pretty eager for more sales,38831,0,0,1,0,0,0,0,0,0,0,0,0
i often do feel impatient to get going on a revision and initially agree with the suggestions made especially if they come from someone you re eager to please like an editor or an agent,38835,0,0,1,0,0,0,0,0,0,0,0,0
i cant begin to describe how excited i am amp how lucky i feel that i was accepted and will be pursing something i am very interested in not to mention i will be working on my nd degree,38839,0,0,1,0,0,0,0,0,0,0,0,0
i find that i never stop feeling excited for our company s future,39020,0,0,1,0,0,0,0,0,0,0,0,0
i feel strange excited and uncomfortable fearful and liberated positive and alarmed,39107,0,0,1,0,0,0,0,0,0,0,0,0
i feel a bit like a child who is eager to play baseball for the very first time,39480,0,0,1,0,0,0,0,0,0,0,0,0
i myself feeling excited with all weddings,39651,0,0,1,0,0,0,0,0,0,0,0,0
i love doing yoga i love learning about it i love what it has made me and when i think about sharing that with yoga students of my own i feel so hopeful and excited,39772,0,0,1,0,0,0,0,0,0,0,0,0
i am thankful that on his first day back at school after thanksgiving break when kids are typically feeling the most jaded about life my son came home from school and told me about how excited he was to try to get into a great college,39895,0,0,1,0,0,0,0,0,0,0,0,0
i think you ll find like i did that not only will you feel excited and happier in your life you will also be more productive and energized when you take on the other tasks in your day,39907,0,0,1,0,0,0,0,0,0,0,0,0
im pretty excited i feel like my life is a little dull right now and i love meeting new people but studying late nights tests no,39915,0,0,1,0,0,0,0,0,0,0,0,0
i feel myself eager to inspect your clothes always,39922,0,0,1,0,0,0,0,0,0,0,0,0
i am feeling very gracious right now as well as excited about the fun times that will lay ahead for my time in wisconsin,39972,0,0,1,0,0,0,0,0,0,0,0,0
i am now going to show you some examples of nasheeds in arabic that make you feel quite energetic and enthusiastic about the content of the nasheeds,40052,0,0,1,0,0,0,0,0,0,0,0,0
i feel excited finally i can take a break,40218,0,0,1,0,0,0,0,0,0,0,0,0
i know that it is really not easy i am not the most celebrated blogger in town but personally i know the feeling when your fingers are so eager to type and there are thoughts or an idea that comes out of your mind flourishing,40313,0,0,1,0,0,0,0,0,0,0,0,0
im so excited for their wedding next may brittney has been telling me all about the look and feel of their wedding and it sounds amazing,40616,0,0,1,0,0,0,0,0,0,0,0,0
i feel like i am always excited for something,40639,0,0,1,0,0,0,0,0,0,0,0,0
i leave an interview feeling excited about a product or company or at least as though my interviewer wanted me to be excited about it,40649,0,0,1,0,0,0,0,0,0,0,0,0
i feel like no one really knows anything about though i am more than eager to shown the secret science,40651,0,0,1,0,0,0,0,0,0,0,0,0
i was feeling really eager and hoping that wed get something good on,40695,0,0,1,0,0,0,0,0,0,0,0,0
i played a benefit gig on april and i was in a foul mood feeling cranky about being asked to do a free gig despite the fact that i enthusiastically said yes to the gig it was for friends and they are raising money to go to an impoverished country to build houses for petes sake,40716,0,0,1,0,0,0,0,0,0,0,0,0
i feel more apprehensive than excited for what lies ahead,40738,0,0,1,0,0,0,0,0,0,0,0,0
i am feeling super lethargic lacking of some good energy to get me up and running and super excited,40929,0,0,1,0,0,0,0,0,0,0,0,0
i feel like im going to vomit im so excited nervous,40946,0,0,1,0,0,0,0,0,0,0,0,0
im a little excited probably because it feels like a useful thing to do and i love being out and about with my angel,41131,0,0,1,0,0,0,0,0,0,0,0,0
i feel much more welcomed and excited to indulge than i do in other stores,41192,0,0,1,0,0,0,0,0,0,0,0,0
i feel honored excited thankful it s really a mix of emotions,41331,0,0,1,0,0,0,0,0,0,0,0,0
i feel excited hopeful and like im headed in the right direction,41341,0,0,1,0,0,0,0,0,0,0,0,0
i feel more resigned still not happy with how things turned out or that i couldn t end my season on a more positive note but very excited about going home resting and starting over,41556,0,0,1,0,0,0,0,0,0,0,0,0
i have been feeling very in tune and eager to help others out,41591,0,0,1,0,0,0,0,0,0,0,0,0
im feeling hopeful excited and energized,41603,0,0,1,0,0,0,0,0,0,0,0,0
i like it the most when i feel curious when im excited about anything because its new and im learning something more,41634,0,0,1,0,0,0,0,0,0,0,0,0
i remember the feeling of accomplishment but i m less eager to remember the awkwardness and the insecurities and the worries,41972,0,0,1,0,0,0,0,0,0,0,0,0
i know i have helped and this feeling makes me eager to do more,42009,0,0,1,0,0,0,0,0,0,0,0,0
i get a rush of adrenaline and every time i feel the need to repeat the phrase im so excited,42047,0,0,1,0,0,0,0,0,0,0,0,0
i feel excited at the possibilities which are ahead,42197,0,0,1,0,0,0,0,0,0,0,0,0
i had been feeling was excited,42422,0,0,1,0,0,0,0,0,0,0,0,0
i feel so rich today and am excited to share with you just a few images and a short video from the experience last night,42468,0,0,1,0,0,0,0,0,0,0,0,0
i feel excited too engaged in the things that im doing and im also functioning at my best,42539,0,0,1,0,0,0,0,0,0,0,0,0
i feel eager to get into the kitchen and cause a godawful mess,42624,0,0,1,0,0,0,0,0,0,0,0,0
i very often feel overwhelmed by the tremendous amount of information that is available through the various social and information sharing channels the e dig staff is eagerly recommending to us as well as many others i cant even keep up with my e mail much of the time,42735,0,0,1,0,0,0,0,0,0,0,0,0
i still remember trying to restrain myself from celebrating the feeling of excited anticipation as i cashed out,42851,0,0,1,0,0,0,0,0,0,0,0,0
i feel energetic and excited and i am starting to see positive changes in my physique,42874,0,0,1,0,0,0,0,0,0,0,0,0
i also feel eager to see ipl,43169,0,0,1,0,0,0,0,0,0,0,0,0
im finally feeling excited about the renos,43296,0,0,1,0,0,0,0,0,0,0,0,0
i say i m feeling excited for a href http katyloves,43300,0,0,1,0,0,0,0,0,0,0,0,0
after attending a song contest proposed by a band called chyne we of us waited for the members of the band to greet us in front of the stage we went out after a few minutes as it was time to close the hall we had been waiting at the entrance hall for ten minutes when three of the band members came out they were very excited to see us,43304,0,0,1,0,0,0,0,0,0,0,0,0
i hope for you so much and feel so eager for you,43364,0,0,1,0,0,0,0,0,0,0,0,0
i am feeling so eager today for some reason,43376,0,0,1,0,0,0,0,0,0,0,0,0
i no longer feel that excited although some part of me still feel this little bit of happiness but it s not that exaggerating anymore writes a href https twitter,43494,0,0,1,0,0,0,0,0,0,0,0,0
i started to fall in love my heart start racing so fast not because i feel so much excited but the thought of it makes me want to stop and run away,43580,0,0,1,0,0,0,0,0,0,0,0,0
i feel excited and honored to have been given this opportunity by pulkit and ila,43754,0,0,1,0,0,0,0,0,0,0,0,0
i feel eager game on my toes sharp as a razor and as if finally after a long absence i have bought myself back into the game,43939,0,0,1,0,0,0,0,0,0,0,0,0
im feeling a bit eager to embrace this new part of life,44066,0,0,1,0,0,0,0,0,0,0,0,0
i feel my throat tightening and i m feeling increasingly convinced that the meal i have planned for myself that only hours ago was something i was genuinely excited about is not going to be enough,44134,0,0,1,0,0,0,0,0,0,0,0,0
i feel honored to be part of such an inspiring group of women and i am so excited to watch everyones videos feel encouraged try new projects and recipes and connect with an amazing group,44288,0,0,1,0,0,0,0,0,0,0,0,0
i want you feeling relaxed and excited about the first week of the school year,44314,0,0,1,0,0,0,0,0,0,0,0,0
i wish it was getting me more excited but it feels like yet another in the world of casual gaming when i want a game i can sink my teeth into,44431,0,0,1,0,0,0,0,0,0,0,0,0
im excited for this to happen because feeling shaky isnt comfortable,44488,0,0,1,0,0,0,0,0,0,0,0,0
i never did give anyone a chance to find something to love in me nor did i feel eager to find love in someone else,44516,0,0,1,0,0,0,0,0,0,0,0,0
i am feeling pretty excited about this one,44774,0,0,1,0,0,0,0,0,0,0,0,0
im feeling so content lately that it makes me excited,45079,0,0,1,0,0,0,0,0,0,0,0,0
i grow my hair again it will be because i feel like long hair again or because im eager to donate it to a worthy cause,45235,0,0,1,0,0,0,0,0,0,0,0,0
i made it through the weekend just fine and i feel excited and motivated for the month ahead,45370,0,0,1,0,0,0,0,0,0,0,0,0
i will feel a lot so i am eager to feel that first movement,45435,0,0,1,0,0,0,0,0,0,0,0,0
i have this feeling of supporting a lesser known team and am inspired to support them when i see their talent and eagerness to gain the cup,45534,0,0,1,0,0,0,0,0,0,0,0,0
i am already feeling less overwhelmed by reading the posts here and am excited and scared at the same time,45992,0,0,1,0,0,0,0,0,0,0,0,0
i feel thrilled excited and nervous,46121,0,0,1,0,0,0,0,0,0,0,0,0
i would feel joyful,37,0,0,0,1,0,0,0,0,0,0,0,0
i want to not feel shy with them i want to have fun with them,198,0,0,0,1,0,0,0,0,0,0,0,0
i feel like ya allah im scared puff it was fun man then id an idea,413,0,0,0,1,0,0,0,0,0,0,0,0
im not too psyched about any of those stops but thats kind of a good thing because i wont feel pressured to go see and do everything there is to do and i can just hopefully relax and focus on making it fun for the kids which by extension makes it fun for me,588,0,0,0,1,0,0,0,0,0,0,0,0
i feel like copying the handsome boy say yay so fun,660,0,0,0,1,0,0,0,0,0,0,0,0
i am living a joyful life and i feel this divine beings as part of my daily life,667,0,0,0,1,0,0,0,0,0,0,0,0
i know like the recommendation function in modern web shops while it feels a little bit strange to see the product you ve just searched for in a web shop on a totally different site s advertising,670,0,0,0,1,0,0,0,0,0,0,0,0
i write him when something big has happened like a fun trip or milestone and other times i just write him to tell him how im feeling about his sweet baby snuggles or growing personality,718,0,0,0,1,0,0,0,0,0,0,0,0
i was feeling so carefree and wanted to go and have some fun,839,0,0,0,1,0,0,0,0,0,0,0,0
im feeling quite joyful today,1060,0,0,0,1,0,0,0,0,0,0,0,0
i function best with a lot on my plate and feel very uncomfortable with my life if i have nothing to do,1089,0,0,0,1,0,0,0,0,0,0,0,0
i think a lot of the fun there is in meeting the players expectation and making the player feel clever making it seem like they re not just clicking on an option you know,1176,0,0,0,1,0,0,0,0,0,0,0,0
i bring these to mind and feel the joyful laughter well up within my heart it becomes hard to remain weighed down by the heavier negative feelings,1741,0,0,0,1,0,0,0,0,0,0,0,0
i may feel relieved or satisfied but i am probably not having fun,2031,0,0,0,1,0,0,0,0,0,0,0,0
im feeling generous ahahahaha im so morbidly funny,2367,0,0,0,1,0,0,0,0,0,0,0,0
im feeling very mellow and relaxed sometimes im feeling productive and quiet and sometimes i just wanna have fun yknow,2554,0,0,0,1,0,0,0,0,0,0,0,0
i am trying to work on finding the joy in the simple thing that god is finding joy in my obedience to him even if it doesn t feel very joyful in the way that i am used to,2591,0,0,0,1,0,0,0,0,0,0,0,0
i feel like im not being the joyful me maybe its the hormones just act like how you feel never lie to yourself,2622,0,0,0,1,0,0,0,0,0,0,0,0
i was still feelin kind of irritable and funky from the day before but so it goes,2765,0,0,0,1,0,0,0,0,0,0,0,0
i know mom s who would take once look at my facebook profile and feel envious of all the fun i seem to be having out with my friends the carefree state that my life is in where i am only responsible for me and can pick up at any time and go away for the weekend,2810,0,0,0,1,0,0,0,0,0,0,0,0
i feel special now its just fun to say lol amvassago of the i just cant stop laughing when ever i read something and then i see beefy amkris toshibalol amits an epic word so is beef cake amvassago of the nooo,2878,0,0,0,1,0,0,0,0,0,0,0,0
i don t always feel joyful and i quite often throw prayer out the window,2899,0,0,0,1,0,0,0,0,0,0,0,0
i feel convinced plus so many diverse price tags that i feel sure everyone should come up with the funds to have their plot to be lighted up relatively economically,3157,0,0,0,1,0,0,0,0,0,0,0,0
i feel insulted video pete edochie responds to death hoax i feel insulted a href http olajideolafunmbi,3161,0,0,0,1,0,0,0,0,0,0,0,0
i feel is truthful the fun always lies in having an idea and seeing it realized and not soo much in the object or goal,3241,0,0,0,1,0,0,0,0,0,0,0,0
i feel joyful and not feeble,3303,0,0,0,1,0,0,0,0,0,0,0,0
i like build quality and how the button layout changes according to the phone s function i also like that the haptic feedback really feels like the phone has buttons herrman is still convinced there aren t haptics,3358,0,0,0,1,0,0,0,0,0,0,0,0
i believe just imagining what it would be like to act live in front of an audience will make me feel joyful,3391,0,0,0,1,0,0,0,0,0,0,0,0
i am just feeling a little irritable because mun was part fun part stressful part uncomfortable making and part horrible but regardless record being set straight now,3411,0,0,0,1,0,0,0,0,0,0,0,0
i may notice that you feel aggravated or joyful or whatever it is that youre feeling,3415,0,0,0,1,0,0,0,0,0,0,0,0
i can t make myself feel joyful but i can focus on the positive,3482,0,0,0,1,0,0,0,0,0,0,0,0
i leave the nursing home each week feeling so joyful and ready to come back again,3486,0,0,0,1,0,0,0,0,0,0,0,0
i feel like ive shaken off some of the funk thats been floating around me for the last bit,3558,0,0,0,1,0,0,0,0,0,0,0,0
i find them downright amusing but other times i feel slugged in that vulnerable spot knowing that i ll never have a daughter,3720,0,0,0,1,0,0,0,0,0,0,0,0
i really want this challenge to be a fun way for everyone to knock a few games off our backlogs without feeling pressured to reach any certain goals,3733,0,0,0,1,0,0,0,0,0,0,0,0
i feel very rich very blessed very joyful,3799,0,0,0,1,0,0,0,0,0,0,0,0
i think writing like this will be more fun and fulfilling and i think that when i do decide to introduce b to my blog it will feel positive and overall more balanced,3802,0,0,0,1,0,0,0,0,0,0,0,0
i just remember being so fully stressed out and while i had fun i feel it could have been more lively,3909,0,0,0,1,0,0,0,0,0,0,0,0
im honest when i say a part of me feels tortured as though this is part of the system of function in your life the one that allows you to order and manipulate people in such a way so that they are lined up and positioned to serve their prupose when you should need them,3932,0,0,0,1,0,0,0,0,0,0,0,0
i am still feeling joyful at rest at peace and that nothing nothing nothing can stop me,3973,0,0,0,1,0,0,0,0,0,0,0,0
i didnt feel that there were enough strong smart and funny female main characters in fiction and since thats what i imagine myself to be i started writing,4047,0,0,0,1,0,0,0,0,0,0,0,0
im not feeling too joyful about writing this blog because id rather be knitting,4065,0,0,0,1,0,0,0,0,0,0,0,0
im wrong but i have a feeling the studio was reluctant to give clint money to fund a movie from the perspective of the japanese,4184,0,0,0,1,0,0,0,0,0,0,0,0
i now feel like im finally in a position to decide whether to indulge in joyful jubilations and claim my free chocolate bar,4218,0,0,0,1,0,0,0,0,0,0,0,0
i am fascinated with the structure and function of the brain its so incredible that everything we think and feel all our memories and emotions are created and stored in this strange convoluted structure,4236,0,0,0,1,0,0,0,0,0,0,0,0
i feel pressured to come up with something else funny to write about,4252,0,0,0,1,0,0,0,0,0,0,0,0
i try to come up with ideas that i feel are clever to keep the my pieces fun to make and interesting to look at,4469,0,0,0,1,0,0,0,0,0,0,0,0
i should probably mention so that you aren t feeling left out that the lunch was in celebration of the top participants of the take the lead speech competition another reason to enter the competition the food was delicious and the conversation was amusing,4540,0,0,0,1,0,0,0,0,0,0,0,0
i feel really joyful img src http s,4648,0,0,0,1,0,0,0,0,0,0,0,0
i feel clearer more joyful and alive,4782,0,0,0,1,0,0,0,0,0,0,0,0
i feel very strongly passionate about when some jerk off decides to poke and make fun of us,4890,0,0,0,1,0,0,0,0,0,0,0,0
i feel these divine forces so strongly sometimes i wonder if agnostics atheists and judeo christian fundamentalists have any feeling or excitement in their hearts,4964,0,0,0,1,0,0,0,0,0,0,0,0
i feel rushed again and its the lack of time jerry springer weather amp suddenly you want to put porn on i am very confused but hey let me do that while you enjoy that i had fun fun fun without your hun without a block so hype all about it,5255,0,0,0,1,0,0,0,0,0,0,0,0
i can t shake the feeling of being fundamentally dissatisfied with my selection in the democratic primaries,5297,0,0,0,1,0,0,0,0,0,0,0,0
i feel their energy i feel a joyful sweet enthusiasm for life,5316,0,0,0,1,0,0,0,0,0,0,0,0
i havent been feeling fantastic this week so i thought id do something different and easier to write that i thought could be fun,5516,0,0,0,1,0,0,0,0,0,0,0,0
im not feeling joyful or spiritually fit,5613,0,0,0,1,0,0,0,0,0,0,0,0
im noticing how easy it is to waver between excitement and engagement in the everyday the mundane the fun sparkly shiny stuff of life and absolute desperate misery or guilt for not feeling miserable more often,6009,0,0,0,1,0,0,0,0,0,0,0,0
i feel joyful and inspired to write lately that only happens to me for two reasons when im hurt beyond tears and when im very very happy,6301,0,0,0,1,0,0,0,0,0,0,0,0
i have fun i feel as passionate about it as ever,6419,0,0,0,1,0,0,0,0,0,0,0,0
im feeling very joyful,6520,0,0,0,1,0,0,0,0,0,0,0,0
i feel like a puppy exuberantly flick flacking around the yard throwing himself with joyful abandon onto the grass and weeeing himself uncontrollably in the process,6545,0,0,0,1,0,0,0,0,0,0,0,0
i also feel like the way he said it was funny,6634,0,0,0,1,0,0,0,0,0,0,0,0
i feel joyful and yet so very sober,6686,0,0,0,1,0,0,0,0,0,0,0,0
im feeling lucky tricks can be fun and entertaining if we know some of tricks while we using google search engine to find any information on the internet with certain keywords,6789,0,0,0,1,0,0,0,0,0,0,0,0
i feel strange a href http constantfunk,6825,0,0,0,1,0,0,0,0,0,0,0,0
i don t feel funny,6826,0,0,0,1,0,0,0,0,0,0,0,0
im not feeling funny at all lately so ill let him do the jokes,6877,0,0,0,1,0,0,0,0,0,0,0,0
i feel we should not be supporting these rebels in a violent manner at all and particularly not give them weapons or funding,6919,0,0,0,1,0,0,0,0,0,0,0,0
i went to bed feeling more peace and confidence about having a joyful pain free drug free tear free complication free birth than i ve had before,6970,0,0,0,1,0,0,0,0,0,0,0,0
i don t feel like a hero or a warrior or that i m brave or strong or amazing or any other fun word that people use to describe me,7023,0,0,0,1,0,0,0,0,0,0,0,0
i also feel funny if i dont pass it on but like the chain letters they are these kind of blog recommendations have to fizzle out somewhere or wed just plain run out of good blogs to recommend and wed start telling people to go read the crappy ones,7055,0,0,0,1,0,0,0,0,0,0,0,0
i am so jealous im always jealous when he has fun without me and i fucking hate it i feel pathetic,7128,0,0,0,1,0,0,0,0,0,0,0,0
i was feeling pretty joyful about having my last doctors appointment re the bike accident today,7143,0,0,0,1,0,0,0,0,0,0,0,0
i gushes more than top secret dexter function i feel really lucky width height,7157,0,0,0,1,0,0,0,0,0,0,0,0
i feel so joyful about my relationship i just cant contain it,7160,0,0,0,1,0,0,0,0,0,0,0,0
i dropped the found footage fest thing cause i didnt feel like trying to be funny,7178,0,0,0,1,0,0,0,0,0,0,0,0
i started feeling funny that whole week by the end of the week at work i was like,7255,0,0,0,1,0,0,0,0,0,0,0,0
i feel my funny juices are fully restored and am ready to share with you the wellington based fun we had,7311,0,0,0,1,0,0,0,0,0,0,0,0
i feel so acclimated into this culture now that its funny for me to think about the expectations i had during the first week,7332,0,0,0,1,0,0,0,0,0,0,0,0
i felt so at home and i was able to relax and feel joyful and just really feel like me for the first time that i can think of in a really long time,7401,0,0,0,1,0,0,0,0,0,0,0,0
i hope mr classical has a good line up for christmas this because i am actually feeling joyful so i hope his music is feeling my heart and is also joyful,7651,0,0,0,1,0,0,0,0,0,0,0,0
i actually went out and had a lot of fun this weekend which made me feel invigorated today and helped me crank through a ton of pages in the novel i m editing,7663,0,0,0,1,0,0,0,0,0,0,0,0
i am not feeling joyful i reach into my chest of treasures bible and take out all the memories that make for a joyful day,7673,0,0,0,1,0,0,0,0,0,0,0,0
i wondered what percentage of the time i m feeling joyful,8010,0,0,0,1,0,0,0,0,0,0,0,0
i feel pathetic waking up mom for money but then again we are on vacation and our funds are limited,8056,0,0,0,1,0,0,0,0,0,0,0,0
i feel free i feel free a href http ladygarfunkel,8066,0,0,0,1,0,0,0,0,0,0,0,0
i started watching it still feeling giggly funny i had just finished the fifth episode of hgttg which by the way is really good you should check your local hastings and see if they have the bbc version there and the beginning of the movie was hard for me to get through,8091,0,0,0,1,0,0,0,0,0,0,0,0
i hate fundraising because honestly it makes me feel ashamed of myself,8230,0,0,0,1,0,0,0,0,0,0,0,0
i feel when i don t have my preworkout gym bodybuilding lol funny meme img src http lactosefreeproteinpowder,8274,0,0,0,1,0,0,0,0,0,0,0,0
i dont have the pressure of needing to finish a quilt quickly ive decided that next time i wont let myself feel rushed by those early finishers but will try to take the time i need to make sure im being more accurate and really having fun with it,8310,0,0,0,1,0,0,0,0,0,0,0,0
i feel pressure to be actively teaching each precious moment of the day i realize that it is so much fun and so rewarding just to watch and listen to the kids as they work and interact with each other,8354,0,0,0,1,0,0,0,0,0,0,0,0
i just do not feel like being joyful in my circumstances or thankful for them,8424,0,0,0,1,0,0,0,0,0,0,0,0
i get this wierd feeling when i am going to sleep funny photo width height i get this wierd feeling when i am going to sleep funny photo,8533,0,0,0,1,0,0,0,0,0,0,0,0
i didnt fully understand is that when a person chooses to harden her heart against all the painful stuff in life she doesnt feel or enjoy the joyful happy times either,8577,0,0,0,1,0,0,0,0,0,0,0,0
i i feel very joyful,8579,0,0,0,1,0,0,0,0,0,0,0,0
im right its part of my function to be so if only to irritate you lt you know i dont think i mind them to much knows hes asking for it but feels a bit playful smirks not taking the bait indeed you do know how to twist my circuits,8602,0,0,0,1,0,0,0,0,0,0,0,0
i don t feel funny i don t feel like i m relate able for others and i don t feel like i have anything worthwhile to contribute,8610,0,0,0,1,0,0,0,0,0,0,0,0
i can feel sorrowful joyful hurt any range of things,8617,0,0,0,1,0,0,0,0,0,0,0,0
im feeling joyful,8748,0,0,0,1,0,0,0,0,0,0,0,0
i told her i just feel funny i dont think this is it i just think something is up,8855,0,0,0,1,0,0,0,0,0,0,0,0
i am not feeling very funny today,8991,0,0,0,1,0,0,0,0,0,0,0,0
i feel lucky that in the midst of everything i was able to have time to play with paper and ink and have some fun just for me,9022,0,0,0,1,0,0,0,0,0,0,0,0
i call it bliss breathing because it always makes me feel joyful,9124,0,0,0,1,0,0,0,0,0,0,0,0
i feel joyful inside,9166,0,0,0,1,0,0,0,0,0,0,0,0
i feel this horrible feeling of them leaving and that my fun and happy time with them has ended,9444,0,0,0,1,0,0,0,0,0,0,0,0
i get to do fun things like eat all the oreos without feeling guilty and asking for foot rubs that i cant be denied,9481,0,0,0,1,0,0,0,0,0,0,0,0
i dont know if thats fair but its how i feel but i miss feeling joyful,9489,0,0,0,1,0,0,0,0,0,0,0,0
i am typing i feel joyful im thinking and wondering what to type next,9661,0,0,0,1,0,0,0,0,0,0,0,0
i cant tell you how many times in the past years when i am at some sort of gathering that im new to my surroundings i feel funny but also different,9682,0,0,0,1,0,0,0,0,0,0,0,0
i hate one of my suture it is on my left side and i feel it is in a funny place and it hinders my wc stuff sorry tmi,9853,0,0,0,1,0,0,0,0,0,0,0,0
im ill like so ill ive had to call in sick for work ive never done that before and ive been working for a year now d thats how long its been since ive been ill through causes not of alcohol feel like crud eugh hate the word crud but its kinda funny,9856,0,0,0,1,0,0,0,0,0,0,0,0
ive nearly survived the holidays i of course did this by keeping busy with non holiday things like money making and not buying gifts hell why should i let a gods damn calendar dictate when i should feel joyful and celebratory,9936,0,0,0,1,0,0,0,0,0,0,0,0
i feel so useless and i look forward to functioning at least semi normally,10007,0,0,0,1,0,0,0,0,0,0,0,0
i just think its fun to have cute shirts on your closet especially when you quite feel playful in a day you can just pull out a shirt shorts and shoes to look and feel comfortable pink and giddy,10042,0,0,0,1,0,0,0,0,0,0,0,0
i need to be able to pursue the creative opportunities i crave without feeling like i m throwing my family under the bus funny how they still want to be fed even when i have a big gig to prepare for,10166,0,0,0,1,0,0,0,0,0,0,0,0
i feel safe that since he knows me and my foibles and peccadilloes and my funny side too ill be safe,10225,0,0,0,1,0,0,0,0,0,0,0,0
i feel is not funny at all,10273,0,0,0,1,0,0,0,0,0,0,0,0
i function at a higher level than i do when i feel content,10305,0,0,0,1,0,0,0,0,0,0,0,0
im happy and everything is awesome then the next thing i know i cant do something for some idiotically long time period because of steam being a stupid bitch i know people say time moves faster when youre having fun and slower when you are feeling shitty or bored but for me it is the opposite,10319,0,0,0,1,0,0,0,0,0,0,0,0
i feel joyful in,10379,0,0,0,1,0,0,0,0,0,0,0,0
i can only be so abrasive towards people like brock lawly and the numerous nameless fundies before i start feeling lame,10437,0,0,0,1,0,0,0,0,0,0,0,0
i had to lose all of my slowly collected songs haha people who know me will know that i actually only listen to like songs on my ipod at one time cause im reallyyyyy fussy so yeh im downloading it now and im feeling very joyful because,10668,0,0,0,1,0,0,0,0,0,0,0,0
i feel like people judge this show s writing unfairly harshly and that it s because the show is so consistently funny that people take it for granted,10780,0,0,0,1,0,0,0,0,0,0,0,0
i feel that they have been so supportive of us and know we want children and its only fair to tell them i also had a function with insensitive friends who we had to reschedule our holiday with due to ivf starting,10835,0,0,0,1,0,0,0,0,0,0,0,0
i saw a room full of people who sacrificed how they felt most of the time for how they thought more money more success more stuff and a better presentation of who they are would make them feel funny thing is most of them had already achieved what the world would call success,10929,0,0,0,1,0,0,0,0,0,0,0,0
i feel joyful knowing i had the opportunity to become that much closer to my mother and my sister,10969,0,0,0,1,0,0,0,0,0,0,0,0
i don t always feel joyful and i quite often throw prayer out the window,10970,0,0,0,1,0,0,0,0,0,0,0,0
i feel funny even posting it because its so darned simple,10985,0,0,0,1,0,0,0,0,0,0,0,0
i want to feel curious energetic alive bold joyful fearless daring happy interested caring loving and on and on,11085,0,0,0,1,0,0,0,0,0,0,0,0
i have mixed feelings about this anime but its really kind of funny even though i dont really like haru the main character in the show,11255,0,0,0,1,0,0,0,0,0,0,0,0
i feel fine nov a href http ladygarfunkel,11312,0,0,0,1,0,0,0,0,0,0,0,0
i added extra leg room so he could run all he wanted without sleeves feeling funny,11330,0,0,0,1,0,0,0,0,0,0,0,0
i got some huge sports bras for when my milk is drying up and im engorged fun and a super comfy pair of leopard peejamma bottoms for when im feeling all gorgeous post labor,11334,0,0,0,1,0,0,0,0,0,0,0,0
i started feeling funny and next thing i remember is slightly being awake for a little bit of the surgery and maybe being a little unnerved about it but that s how light anesthesia was that he applied,11565,0,0,0,1,0,0,0,0,0,0,0,0
i demand freedom i demand fun i demand a rich enough life to feel resolved in my twilight years,11625,0,0,0,1,0,0,0,0,0,0,0,0
im funny energetic playful and when i feel like it im outgoing,11672,0,0,0,1,0,0,0,0,0,0,0,0
im not sure how i feel about that being our song since its kind of really obnoxious but whatever it was fun,11690,0,0,0,1,0,0,0,0,0,0,0,0
i like the fact that its a day in which people in the whole country get together with their families not only to prove the universal dysfunctionality of the institution but to pause and reflect in the good things life has given them and feel thankful,11898,0,0,0,1,0,0,0,0,0,0,0,0
i feel this need for the last library class to be memorably funny,11928,0,0,0,1,0,0,0,0,0,0,0,0
i didnt feel like going and meeting a ton of terrific moms that are fun and sweet,12333,0,0,0,1,0,0,0,0,0,0,0,0
i bought my dream car this weekend and dont want to park where someone will ding my door helps me to get my heart rate up and gives me a boost to my adrenaline and helps my brain function when i start feeling drained,12396,0,0,0,1,0,0,0,0,0,0,0,0
i started feeling kind of funny,12412,0,0,0,1,0,0,0,0,0,0,0,0
i would feel so joyful that it was almost a pain a piercing enticing jolt of happiness that lasts just a few seconds,12462,0,0,0,1,0,0,0,0,0,0,0,0
i remember uploading the photos of the kit to the etsy shop and i was feeling funny,12540,0,0,0,1,0,0,0,0,0,0,0,0
i feel like what i do have to say is not important enough funny enough worth reading,12558,0,0,0,1,0,0,0,0,0,0,0,0
i feel so joyful about it that i needed to express it on this online journal of mine,12590,0,0,0,1,0,0,0,0,0,0,0,0
im feeling playful or really happy and full of joy ill wear something more fun and fruity,12622,0,0,0,1,0,0,0,0,0,0,0,0
i didnt feel that there were enough strong smart and funny female main characters in fiction and since thats what i imagine myself to be i started writing,12661,0,0,0,1,0,0,0,0,0,0,0,0
i feel a little funny about showing up stag to a couple filled event,12742,0,0,0,1,0,0,0,0,0,0,0,0
i am feeling after a joyful day,12959,0,0,0,1,0,0,0,0,0,0,0,0
i feel joyful every time i go out for a run,12997,0,0,0,1,0,0,0,0,0,0,0,0
i got you i feel good and get up i feel like a sex machine and he was one of the driving forces behind the creation and popularity of funk music,13079,0,0,0,1,0,0,0,0,0,0,0,0
i feel i would be devastated and feel left out of this fun event for families,13083,0,0,0,1,0,0,0,0,0,0,0,0
i never fail to feel a sense of joyful elation that i was chosen to be an instrument of this amazing healing system,13186,0,0,0,1,0,0,0,0,0,0,0,0
i didnt even know what to feel funny thing is he couldnt actually say the words its over,13219,0,0,0,1,0,0,0,0,0,0,0,0
im feeling more energetic and fun and champs elysess for a more sophisticated fuschia look,13238,0,0,0,1,0,0,0,0,0,0,0,0
i cant remember words i am clumsy my mouth feels funny i am jerky and i cant spell,13277,0,0,0,1,0,0,0,0,0,0,0,0
i doubt any of my guy friends would show up at my funeral feeling morose,13319,0,0,0,1,0,0,0,0,0,0,0,0
i giggle and feel joyful,13367,0,0,0,1,0,0,0,0,0,0,0,0
i understand people can get into bad situations and end up there through no real fault of there own and then i kind of feel for them but im not keen on the ones who have the support but beg to fund a drug habbit or even better those who pretend that theyve got nothing,13481,0,0,0,1,0,0,0,0,0,0,0,0
im more fun on a date when im hyper and because i was feeling so mellow hannah and sydney aided me in pumping up with party music,13687,0,0,0,1,0,0,0,0,0,0,0,0
i feel funny sometimes especially when i think of you like a tug a snap a twang of a tight string a pull and so i push all of it away again today and again tomorrow,13698,0,0,0,1,0,0,0,0,0,0,0,0
i smiled as i could feel their joyful energy reaching up to me,13939,0,0,0,1,0,0,0,0,0,0,0,0
i recall them fondly as lively meetings and it was just plain fun talking about the problems involved in looking for inventions on the web and feeling the creative vibes,14181,0,0,0,1,0,0,0,0,0,0,0,0
im not feeling joyful,14216,0,0,0,1,0,0,0,0,0,0,0,0
i rested this morning because i feel fantastic now and am motivated for a big weekend of fun rather than a weekend in which i am chasing my tail,14271,0,0,0,1,0,0,0,0,0,0,0,0
i always feel mildly embarrassed when i look at these fun photos,14538,0,0,0,1,0,0,0,0,0,0,0,0
i could then be grateful for what i d achieved and let go of the past which always left me feeling lighter and more joyful,14542,0,0,0,1,0,0,0,0,0,0,0,0
i still feel funny de bohhh,14653,0,0,0,1,0,0,0,0,0,0,0,0
im so tired of feeling that im not funny enough not smart enough not talented enough not good enough,14656,0,0,0,1,0,0,0,0,0,0,0,0
i didn t think the incident was funny so i didn t smile back but i did find myself staring up into the tree feeling strangely romantic as though i was seeing those apples on that tree for the first time,14755,0,0,0,1,0,0,0,0,0,0,0,0
i started having some symptoms that i interpreted as diabetes or at least pre diabetes numbness of the extremities decrease in mental function depression just feeling lousy,14860,0,0,0,1,0,0,0,0,0,0,0,0
i feel now reminds me of the very funny novelty song by alan sherman called hello muddah hello fadda based on letters he received from his son complaining about the summer camp his parents had sent him to,14958,0,0,0,1,0,0,0,0,0,0,0,0
i started feeling rotten it was a lot of fun,15038,0,0,0,1,0,0,0,0,0,0,0,0
i remember happened in the fr between watching the applicants swimming in the pool trying to sleep feeling irritable over some things if it hadnt been for the people around me having fun my night wouldve really sucked and laughing over a pillow fight we talked a lot,15048,0,0,0,1,0,0,0,0,0,0,0,0
i feel my father had joyful a lesson to teach everyone,15419,0,0,0,1,0,0,0,0,0,0,0,0
ive just had one of those weeks where im getting tired of feeling joyful for everyone else when frankly my good things pale in comparison,15424,0,0,0,1,0,0,0,0,0,0,0,0
i did feel this pressure that i had to be funny but it passes,15444,0,0,0,1,0,0,0,0,0,0,0,0
i feel would be funny or interesting to recreate,15445,0,0,0,1,0,0,0,0,0,0,0,0
i just feel like a three day weekend with gorgeous weather presented the opportunity for tons of fun but all i really did was sit around my room alone,15477,0,0,0,1,0,0,0,0,0,0,0,0
i know im moody beyond belief and behind all that i feel there is a loyal beyond belief caring generous funny sarcastic smart ass smart sensative good looking man that is just dying inside,15579,0,0,0,1,0,0,0,0,0,0,0,0
i feel our outlet is been discriminated against and the funny thing is that we live in a world that is very diverse with so many people of different backgrounds,15655,0,0,0,1,0,0,0,0,0,0,0,0
i also agree that saying the word douchebags is quite fun it makes me feel very naughty,15833,0,0,0,1,0,0,0,0,0,0,0,0
i went to kalieghs party i had fun even though i wasnt really feeling all that sociable,16129,0,0,0,1,0,0,0,0,0,0,0,0
i feel like i have two kids but it sure is fun,16333,0,0,0,1,0,0,0,0,0,0,0,0
i want to create scarves which are fun feel amazing look great and are a useful wardrobe staple,16449,0,0,0,1,0,0,0,0,0,0,0,0
i have had some bois that i feel very fond of but i wouldnt call it anything more than that fuegos what is your idea of fun,16497,0,0,0,1,0,0,0,0,0,0,0,0
i can run like a spaz though so i feel like its going to be ok and maybe even fun,16658,0,0,0,1,0,0,0,0,0,0,0,0
id just finished reading dean koontzs the funhouse and i wasnt feeling quite fond of carnies just yet,16763,0,0,0,1,0,0,0,0,0,0,0,0
i am feeling too solemn for a sunday fun day post this week,17040,0,0,0,1,0,0,0,0,0,0,0,0
i was feeling playful that day and replied with a lighthearted bit of banter unwittingly replacing her question mark with a solid check mark my voice was just right for the funny yet informational for dummies series,17128,0,0,0,1,0,0,0,0,0,0,0,0
i began to feel nervous while walking between classes or attending events and social functions would i be noticed,17224,0,0,0,1,0,0,0,0,0,0,0,0
i also feel very joyful,17252,0,0,0,1,0,0,0,0,0,0,0,0
i know i know i m hardly the first person to point out how absurd this diving show splash is but don t you just totally feel like this is a funny strange topic waiting to happen,17327,0,0,0,1,0,0,0,0,0,0,0,0
i feel like that must be super boring for all of you who just read it so as a reward for getting to this point or for having the courage to skip down to here i will try to think of fun things i ve been doing,17477,0,0,0,1,0,0,0,0,0,0,0,0
i started to feel really isolated lonely not having any fun,17659,0,0,0,1,0,0,0,0,0,0,0,0
i stopped hating you once and the funny thing about it when i stopped hating you you happened to act rather strange and made me feel that you hated me,17696,0,0,0,1,0,0,0,0,0,0,0,0
i feel like a hormonally distressed teenager all over again that would roll around sleepless for hour contemplating emo fun,17786,0,0,0,1,0,0,0,0,0,0,0,0
i will either have the funds myself or someone will take a chance on a kid with a dream and invest in what i feel could be a very successful small business,17811,0,0,0,1,0,0,0,0,0,0,0,0
ive been feeling particularly stressed the last few weeks because of work the new school year beginning meaning mornings are even more rushed and having to start organizing the girls daycares fundraiser in november,17866,0,0,0,1,0,0,0,0,0,0,0,0
i actually did a good job teaching them and or that they enjoyed coming to my class even if it was just to be entertained by my shananigans they seriously make me feel like i am funny enough to pursue stand up comedy,17959,0,0,0,1,0,0,0,0,0,0,0,0
id got caught by the rain walking in and my hair had been completely flattened so i wasnt really feeling the beauty of it all very much that funny little brummie who looks like sting came up to me and said yow look like a drowned rat yow do,17971,0,0,0,1,0,0,0,0,0,0,0,0
ive actually cut way back on drinking due to my insides feeling funny,18150,0,0,0,1,0,0,0,0,0,0,0,0
i feel more joyful now,18215,0,0,0,1,0,0,0,0,0,0,0,0
i was feeling funny,18354,0,0,0,1,0,0,0,0,0,0,0,0
i just looove how youthful this song makes me feel its really energetic and fun,18493,0,0,0,1,0,0,0,0,0,0,0,0
i feel like a character in a michael haneke film perhaps funny games where my home is not being invaded by thugs but my writing instruments on my computer are for sure under attack,18519,0,0,0,1,0,0,0,0,0,0,0,0
i still feel lots of sympathy for gays it was a messy and difficult period in my life but i met some good guys who really were struggling and gosh i had some fun as well,18611,0,0,0,1,0,0,0,0,0,0,0,0
i can balance the budget without hurting the elderly or the poor and upon balancing the budget i am left feeling joyful,18690,0,0,0,1,0,0,0,0,0,0,0,0
i will still feel that that person is as smart funny interesting and attractive as i felt they were when we first met but for whatever reason a relationship wasnt working for me,18707,0,0,0,1,0,0,0,0,0,0,0,0
i feel the urge to have cute and painted toe nails but feel like i cant because my big toenail is still growing in and look super short and funny right now,18712,0,0,0,1,0,0,0,0,0,0,0,0
i feel as though i should be appalled by it but its just such a funny word,18805,0,0,0,1,0,0,0,0,0,0,0,0
i have a feeling thats when my creative juju will really start to kick in when im photographing parades rodeos and everything else thats awesome and fun around here this time of year,18812,0,0,0,1,0,0,0,0,0,0,0,0
im changing my perspective today and am taking responsibility of choosing how i feel i choose to be joyful and grateful for the work gods doing in your lives and your bold and precious hearts as you share your life with me,18863,0,0,0,1,0,0,0,0,0,0,0,0
i feel joyful there,18985,0,0,0,1,0,0,0,0,0,0,0,0
i so feel like ive lost some fun writing stuffs in my blog on my journey in this world thats what odyssey ia all about,19069,0,0,0,1,0,0,0,0,0,0,0,0
i hope these suggestions may help a few of you in combating that winter skin and get you on your way to feeling festive fun and flirty,19116,0,0,0,1,0,0,0,0,0,0,0,0
i feel like when i try to be funny which i wanted to do for this i am insanely corny,19309,0,0,0,1,0,0,0,0,0,0,0,0
i had so much fun and worked so hard this wedding season and i feel like it was incredibly successful,19320,0,0,0,1,0,0,0,0,0,0,0,0
i can describe the feeling but its not funny when one of them embraces me i feel negative,19349,0,0,0,1,0,0,0,0,0,0,0,0
i need at least seven hours to function well otherwise i feel jaded and out of sorts all day,19362,0,0,0,1,0,0,0,0,0,0,0,0
i feel joyful with nature and being outside anywhere,19397,0,0,0,1,0,0,0,0,0,0,0,0
i don t feel joyful every day,19606,0,0,0,1,0,0,0,0,0,0,0,0
i know you are having fun so i ll leave it at that but sometimes it goes on and on and i can t feel comfortable not saying anything,19613,0,0,0,1,0,0,0,0,0,0,0,0
i started to feel a little funny,19892,0,0,0,1,0,0,0,0,0,0,0,0
i recently put on my laundry card so im feeling rich as far as laundry funds go,19971,0,0,0,1,0,0,0,0,0,0,0,0
i just feel funny when people spend their bucks on me,19993,0,0,0,1,0,0,0,0,0,0,0,0
i want to feel intelligent sexy cute funny,19997,0,0,0,1,0,0,0,0,0,0,0,0
i cant have someone constanting being serious because then i feel like they would hate me if i was sarcastic and i wouldnt be able to open up to someone who was always funny,20021,0,0,0,1,0,0,0,0,0,0,0,0
im feeling a little funny today aiden has thrown me off by going to bed an hour early he fell asleep on the bottle,20181,0,0,0,1,0,0,0,0,0,0,0,0
i feel like wow there are so many things i want to create and do that would just be purely joyful,20224,0,0,0,1,0,0,0,0,0,0,0,0
i cannot say i have a good feeling about this but in all fairness my intuition when burdened with such fatigue as only two hours of sleep throughout the night will bring is most likely not functioning,20268,0,0,0,1,0,0,0,0,0,0,0,0
i need my sleep to function properly the next day like anyone if ive not fallen into rem sleep then i feel groggy and in a grumpy mood,20371,0,0,0,1,0,0,0,0,0,0,0,0
i feel siente me mark funk s mezcla diferente a target blank target blank href http www,20400,0,0,0,1,0,0,0,0,0,0,0,0
i feel very joyful i have looked at his glance being answering doctrine afterwards are you not to get married just now after saying sixty grade such as essential points etc,20612,0,0,0,1,0,0,0,0,0,0,0,0
i walked away feeling disappointed that it was fun but felt so hard,20638,0,0,0,1,0,0,0,0,0,0,0,0
ive gotten to the point now that when i do sleep for more than a couple hours i feel funny,20672,0,0,0,1,0,0,0,0,0,0,0,0
i started feeling funny last monday i just knew i was pregnant,20710,0,0,0,1,0,0,0,0,0,0,0,0
i feel that the concert was an amazing experience connecting with the older generations emotions and joyful memories of music they would listen too,20731,0,0,0,1,0,0,0,0,0,0,0,0
im once again an amoeba of a being who instead of understanding our national currency system and the logistics of a grocery store chews on the dollar bills because they feel funny in your mouth,20961,0,0,0,1,0,0,0,0,0,0,0,0
i just feel like theyre real people that laugh if they find something funny and that makes it more enjoyable,21005,0,0,0,1,0,0,0,0,0,0,0,0
i am not allowed to ink my skin and i was feeling a little rebellious i finally used my dusty eyeliner for something functional,21055,0,0,0,1,0,0,0,0,0,0,0,0
i don t do touchy feely funny caption pic a href post this is how i feel about today and the people that are constantly whining to me via email e funny pic,21149,0,0,0,1,0,0,0,0,0,0,0,0
i really enjoyed and my favorite pictures it seems i am feeling sentimental about it and hopefully this will be fun,21641,0,0,0,1,0,0,0,0,0,0,0,0
im pissed off that i couldnt get a refund on the drinks tokens but ive just learnt that i can get one tomorrow so i feel slightly less agitated although annoyed that i couldnt get one on the night,21671,0,0,0,1,0,0,0,0,0,0,0,0
i feel some valuable insight was laid on the page the ones that bother me are the ones where i got loaded had some fun with a lady and then she never wanted to contact me again,21689,0,0,0,1,0,0,0,0,0,0,0,0
i feel like frolicking and being playful and just having some real good fun,21723,0,0,0,1,0,0,0,0,0,0,0,0
im feeling particularly overwhelmed by something i want to retreat to my little corner desk put on a funny movie or sitcom and bead,21911,0,0,0,1,0,0,0,0,0,0,0,0
i leave the nursing home each week feeling so joyful and ready to come back again,21990,0,0,0,1,0,0,0,0,0,0,0,0
i feel low tension and worries and when my mind functions no more when i feel exhausted most times i just walk to the river find a nice place to sit,22040,0,0,0,1,0,0,0,0,0,0,0,0
i feel joyful joyful roma nkjv and not only that but we also rejoice in elohim through our master yahushua the messiah through whom we have now received the reconciliation,22054,0,0,0,1,0,0,0,0,0,0,0,0
i stood up straight ready to tell her it wasn t going to get going today when i started feeling funny,22333,0,0,0,1,0,0,0,0,0,0,0,0
im feeling sarcastic today anyway heres my list of hopeful topics for the next few postings birthday weekend in san diego with crystal so much fun,22368,0,0,0,1,0,0,0,0,0,0,0,0
i am just not feeling funny this weekend,22450,0,0,0,1,0,0,0,0,0,0,0,0
i feel so damn isolated its not even funny,22583,0,0,0,1,0,0,0,0,0,0,0,0
i could use this post to talk about the feeling of accomplishment or how glad i was to raise funds for a href http www,22691,0,0,0,1,0,0,0,0,0,0,0,0
i write this to feel joyful comparing the budding of a new relationship to one that is ending,22953,0,0,0,1,0,0,0,0,0,0,0,0
i start to feel like funny zoo animals,22956,0,0,0,1,0,0,0,0,0,0,0,0
im feeling generous and giving you two funny pictures,23020,0,0,0,1,0,0,0,0,0,0,0,0
i feel i must pause here briefly to point out the fact that i am neither brain damaged nor functionally incapacitated,23027,0,0,0,1,0,0,0,0,0,0,0,0
i want to feel cool but being my self at the same time so im quiet but can be funny i can talk if i need to i can do a speech and i like it if i know what im talking about such as sports health food cultures etc,23173,0,0,0,1,0,0,0,0,0,0,0,0
ill be in the office tomorrow and feeling more like putting up with your idiotic embarrassment and making fun of my honking and quacking,23187,0,0,0,1,0,0,0,0,0,0,0,0
i just say that changing grades at my age has truly kicked my b i was not allowed to say that word as a child so i feel a little funny typing,23194,0,0,0,1,0,0,0,0,0,0,0,0
i still feel a special fund should be set up,23331,0,0,0,1,0,0,0,0,0,0,0,0
i saw her today at our last class before the summer break and it made my tummy feel all funny,23545,0,0,0,1,0,0,0,0,0,0,0,0
i feel reassured not only in the words this man is joyfully speaking into my life but also an overwhelming assurance that my identity is still firmly rooted in the lord his plan and his truth more than anything else,23599,0,0,0,1,0,0,0,0,0,0,0,0
i feel very funny now but i also feel much smarter,23700,0,0,0,1,0,0,0,0,0,0,0,0
at the funeral of a friend about years old,23830,0,0,0,1,0,0,0,0,0,0,0,0
i am not feeling very funny tonight so i apologize,23941,0,0,0,1,0,0,0,0,0,0,0,0
i feel as though such a god would be much more impressed if the funds for creating the temple were used to keep dieing africans alive and healthy,23999,0,0,0,1,0,0,0,0,0,0,0,0
i really really identify with the man in this image surrounded by people having fun the ladies drinking and trying to engage him and feeling not at all amused quite rather alone in spite of all of it and perhaps even rather overwhelmed,24019,0,0,0,1,0,0,0,0,0,0,0,0
i feel funny when she lists so many qualities of her husband,24095,0,0,0,1,0,0,0,0,0,0,0,0
im feeling enraged about how badly pension investors have been treated when ive never owned a target date fund,24294,0,0,0,1,0,0,0,0,0,0,0,0
i can tell the server my order when i feel that server isnt being friendly or fun,24305,0,0,0,1,0,0,0,0,0,0,0,0
i don t know if i mentioned that they had an obstacle course in rehab and the day i found out i was likely to be around for another week i went to physio and asked to have a go on it because i was feeling all grumpy and needed some fun,24307,0,0,0,1,0,0,0,0,0,0,0,0
i was on my mile run feeling absolutely joyful it occurred to me that years ago i was in labor,24396,0,0,0,1,0,0,0,0,0,0,0,0
i hear someone say something funny and i genuinely laugh out loud and it feels like its been years since ive really felt amused and cheerful,24417,0,0,0,1,0,0,0,0,0,0,0,0
i had visitors from southern uganda with me that day and they told me they could even feel how joyful these women were and what a wonderful time of worship and celebration they had had with these women,24428,0,0,0,1,0,0,0,0,0,0,0,0
ive done one of these i didnt realize just how much i missed it or how good it makes me feel the crowd was appreciative the kids were fun although there was a bit more tail pulling than usual and for the most part everthing went smoothly,24549,0,0,0,1,0,0,0,0,0,0,0,0
i feel more at peace and joyful and hopeful,25036,0,0,0,1,0,0,0,0,0,0,0,0
im not feeling clever or witty or funny,25079,0,0,0,1,0,0,0,0,0,0,0,0
i seems to have lost my ability to have fun lost the ability to feel passionate about things anymore,25102,0,0,0,1,0,0,0,0,0,0,0,0
i cant feel anything else except joyful about it,25324,0,0,0,1,0,0,0,0,0,0,0,0
i dont like walking around in flats because i seem to walk funny in them and standing in them feels funny too,25327,0,0,0,1,0,0,0,0,0,0,0,0
i want to feel the way people feel about things and i want to be enthralled by drama and gossip and enjoy making fun of things and laughing,25356,0,0,0,1,0,0,0,0,0,0,0,0
i really dislike talking about my feelings unless i do it in a funny way my way of coping but today is a different day,25412,0,0,0,1,0,0,0,0,0,0,0,0
i feel like the chance card below was funny and appropriate for a mommy amp teachers life,25475,0,0,0,1,0,0,0,0,0,0,0,0
i feel especially irritated when she says good bye and calls me immediately after that just for fun,25497,0,0,0,1,0,0,0,0,0,0,0,0
i simultaneously feel completely exhausted and functionally awake both comfortable and completely out of my element,25531,0,0,0,1,0,0,0,0,0,0,0,0
i suppose the good news is that i can do a hot hilly k with a dysfunctional leg feeling pretty miserable in well under minutes,25577,0,0,0,1,0,0,0,0,0,0,0,0
i hope this post shows the power of taking just one day off when it comes to staying on track with your plans to have fun be fit and feel fabulous,25597,0,0,0,1,0,0,0,0,0,0,0,0
i feel stupid var disqus config function var config this access to the config object config,25600,0,0,0,1,0,0,0,0,0,0,0,0
i feel weird even talking about this fundraiser and yet im incredibly grateful for it,25622,0,0,0,1,0,0,0,0,0,0,0,0
i feel very inadequate to raise the funds but i know that,25730,0,0,0,1,0,0,0,0,0,0,0,0
i feel joyful being with the cast,25735,0,0,0,1,0,0,0,0,0,0,0,0
i guess its not so much weird as it is just truly miraculous but the constant movement just kinda makes me feel funny,25747,0,0,0,1,0,0,0,0,0,0,0,0
i feel helpless alone or even joyful and happy i can take whatever burden or news to god in prayer,25754,0,0,0,1,0,0,0,0,0,0,0,0
i dolphins feel sweet taste of victory defeat cincinnati bengals in overtime var disqus config function var config this access to the config object config,25802,0,0,0,1,0,0,0,0,0,0,0,0
i glanced at what were clearly side by side images of emmett till assuming the caption would reference the lil wayne controversy i had a feeling the image next to the cute smiling boys face would be from his funeral,25815,0,0,0,1,0,0,0,0,0,0,0,0
i find it all very amusing because he is completely oblivious to the flirtations when i point out the fact that someone might be feeling a little amorous towards him,25843,0,0,0,1,0,0,0,0,0,0,0,0
i was in the blood donation center i can recall how i was not feeling all that joyful as a needle was being stuck in my arm but that bit of discomfort would result in life for someone else not to mention id get to have cookies and juice afterwards,25852,0,0,0,1,0,0,0,0,0,0,0,0
i feel very joyful honored and i also feel grateful to have the opportunity to interact with his holiness in the context of peace and with two such extraordinary women as shirin ebadi and jody williams,26035,0,0,0,1,0,0,0,0,0,0,0,0
i feel a bit pressure because i need to be funny in a show,26067,0,0,0,1,0,0,0,0,0,0,0,0
i think shes pretty a savy business woman funny enough on her familys show but theres something that feels a bit unsavory with her whole playboy past and that itty bitty sex tape,26094,0,0,0,1,0,0,0,0,0,0,0,0
i actually feel like there is nothing i really need funny because this is the one year where i probably could use a few things but im happy doing without,26323,0,0,0,1,0,0,0,0,0,0,0,0
i am hoping that they feel welcomed and that it is fun,26580,0,0,0,1,0,0,0,0,0,0,0,0
i don t feel so joyful or sparkly,26621,0,0,0,1,0,0,0,0,0,0,0,0
i sometimes feel like its being sarcastic or playing a slightly amusing to itself joke on me,26717,0,0,0,1,0,0,0,0,0,0,0,0
i like to uplift others and give them a reason to feel joyful,26768,0,0,0,1,0,0,0,0,0,0,0,0
i feel so funny with those news,26923,0,0,0,1,0,0,0,0,0,0,0,0
i feel for this family and our community i am joyful for another reason,27014,0,0,0,1,0,0,0,0,0,0,0,0
i really had a fun time during the show and i was left in awe and totally feeling inspired,27033,0,0,0,1,0,0,0,0,0,0,0,0
i decided i needed a nice light fun feel good read,27111,0,0,0,1,0,0,0,0,0,0,0,0
i feel this is a reminder from god to have contentment in my situation and to be joyful regardless so many people can spend thousands of dollars wanting to have a child and i have been so incredibly blessed with this child,27150,0,0,0,1,0,0,0,0,0,0,0,0
i feel i have valuable ideas to share funny stories from my own parenting adventures and hopefully thoughtful reflections that will speak to you as a struggling mommy because we re all in this together,27526,0,0,0,1,0,0,0,0,0,0,0,0
i know the strange sick feeling i got in my stomach when i looked at his books was because he hated women and treated them horribly and killed lions for fun,27628,0,0,0,1,0,0,0,0,0,0,0,0
i was beginning to feel disillusioned are you longing for something awesome to have fun doing this autumn,27635,0,0,0,1,0,0,0,0,0,0,0,0
i add that walking to the bus stop yesterday in sweats dirty neakers and funktastic hair made me feel ike the glamourous rock star that i am,27684,0,0,0,1,0,0,0,0,0,0,0,0
i believe that children excel with clear communication in an environment that makes them feel safe and at the same time is fun,27695,0,0,0,1,0,0,0,0,0,0,0,0
i also feel they are ugly and when the dog appears in the video it furthers my point that the purpose of this is to make fun of black or white,27887,0,0,0,1,0,0,0,0,0,0,0,0
i feel lighter and more joyful and more fun to be around when im carrying less fear,27902,0,0,0,1,0,0,0,0,0,0,0,0
i remember feeling really nervous about the fund development and evangelism components,27980,0,0,0,1,0,0,0,0,0,0,0,0
i sing back up which has been fun although i am always feeling a bit reluctant about how we will be recieved,28011,0,0,0,1,0,0,0,0,0,0,0,0
i can calm down about feeling funny i can start figuring out the purpose that my self destructive behaviors serve for me,28255,0,0,0,1,0,0,0,0,0,0,0,0
i didnt feel as if the story was frantic the only funny part was the christmas pageant mildly and i wouldnt say it was farcical,28309,0,0,0,1,0,0,0,0,0,0,0,0
i feel so irritable and legal studies and functions has done nothing to lighten my mood,28354,0,0,0,1,0,0,0,0,0,0,0,0
i feel like i am going through the motions and other days i are just joyful and full of possibility,28376,0,0,0,1,0,0,0,0,0,0,0,0
i feel successful happy fun loving caring and fulfilled,28384,0,0,0,1,0,0,0,0,0,0,0,0
i want to be laughing and feeling carefree and crying because something is just so funny,28523,0,0,0,1,0,0,0,0,0,0,0,0
i feel worth noting about myself i stink at feeling comfortable in groups and being a functional engaging human being unless ive known everyone for a gazillion years,28582,0,0,0,1,0,0,0,0,0,0,0,0
i didnt mention that the lidocaine is potentiating my lithium and making me sick since i dont have strong lab work to back that up my organs are still functioning even though i feel miserable,28593,0,0,0,1,0,0,0,0,0,0,0,0
im stressed and not really feeling very joyful,28638,0,0,0,1,0,0,0,0,0,0,0,0
i may even feel some joyful tears coming on,28886,0,0,0,1,0,0,0,0,0,0,0,0
i am feeling absolutely joyful and full of gratitutde,29156,0,0,0,1,0,0,0,0,0,0,0,0
i mean change is great though unless i feel like i am not alone in what i experience with having high functioning autism it s scary to make decisions and to want to work on myself in order to be the person i want to be,29164,0,0,0,1,0,0,0,0,0,0,0,0
i have a very big family at my grandmothers funeral we all met and everybody pretended mourning in reality it was like a fashionshow everybody wanted to show himself,29316,0,0,0,1,0,0,0,0,0,0,0,0
i do feel for my husband and am sympathetic to his loss i didnt know the grandpa well but he just called to inform me hes going to go away from early thursday to sunday to attend the funeral,29438,0,0,0,1,0,0,0,0,0,0,0,0
i feel when my girlfriend is browsing my computer funny lol picture,29473,0,0,0,1,0,0,0,0,0,0,0,0
im not proud of myself for knowing that ive done it especially considering the fact that i know all too well what it feels like to not belong or to be rejected and made fun of,29488,0,0,0,1,0,0,0,0,0,0,0,0
i can feel a pull inside my heart like a joyful anticipation a feeling of coming home and rejoicing,29494,0,0,0,1,0,0,0,0,0,0,0,0
i have a feeling none of this will be funny even further down the road,29645,0,0,0,1,0,0,0,0,0,0,0,0
i would wake up and not feel joyful,29740,0,0,0,1,0,0,0,0,0,0,0,0
i dont know why but i had a funny feeling this time and decided to at least make sure we had the basement as secure as we could get it,29795,0,0,0,1,0,0,0,0,0,0,0,0
i can feel im losing my voice which is sooo funny because i sound like,29805,0,0,0,1,0,0,0,0,0,0,0,0
i am in that moment not feeling joyful,29952,0,0,0,1,0,0,0,0,0,0,0,0
i can t help feeling pissed off that having dealt with all day to day stresses and strains of the job i am going to miss out on the fun of their christmas day,29957,0,0,0,1,0,0,0,0,0,0,0,0
i started the day by feeling funny,30014,0,0,0,1,0,0,0,0,0,0,0,0
i feel quite vulnerable admitting all of this because i obviously want you to think that this adventure is always happy fun amazing times but that just isnt the case,30077,0,0,0,1,0,0,0,0,0,0,0,0
i do know is i can do this i can be a great asset to her company and its kinda funny because i already feel like i am her friend like we could have been friends for a while now so its kinda cool,30272,0,0,0,1,0,0,0,0,0,0,0,0
i feel really makes the casual games dramatically more fun and further helps to keep the game fresh,30273,0,0,0,1,0,0,0,0,0,0,0,0
i could just take off my glasses and dance and its fun i can make eye contact with people without actually feeling like it so i felt like a rather outgoing if maybe mildly add esque person d so much fun,30281,0,0,0,1,0,0,0,0,0,0,0,0
i for one would be hard pressed to identify this work as anything resembling an effort of jocular intent and am glad they have continued captioning such drivel for those of us who feel that referring to something as humorous should mean that it contains something funny,30372,0,0,0,1,0,0,0,0,0,0,0,0
i like that the togetherbox helped me feel like the cool mom with fun ideas but i didn t have to spend several hours trying to figure out where to source my supplies,30732,0,0,0,1,0,0,0,0,0,0,0,0
im not feeling particularly creative today i thought everyone might enjoy a little bit of a year in review type of post where i link some of the more amusing things that appeared in the blog this year,30872,0,0,0,1,0,0,0,0,0,0,0,0
i blog about what i see and feel what s funny what i eat amp exercise a href http www,31089,0,0,0,1,0,0,0,0,0,0,0,0
i do not feel the need to be constantly entertained by complex attractions or the constant need for fun,31134,0,0,0,1,0,0,0,0,0,0,0,0
i feel afraid to raise my eyes from the sidewalk that i constantly have to console my children and explain to them that no i dont understand why people think this is funny is terribly unfortunate,31146,0,0,0,1,0,0,0,0,0,0,0,0
i think im funny for feeling funny,31148,0,0,0,1,0,0,0,0,0,0,0,0
i feel assaulted and oppressed and ultimately i believe i have the inherent right not to be assaulted or oppressed particularly in an environment my funds are supporting,31154,0,0,0,1,0,0,0,0,0,0,0,0
i ever feel joyful again,31159,0,0,0,1,0,0,0,0,0,0,0,0
i started feeling a little funny and it was becoming difficult to breathe,31215,0,0,0,1,0,0,0,0,0,0,0,0
i was feeling so carefree and wanted to go and have some fun,31284,0,0,0,1,0,0,0,0,0,0,0,0
i feel a strange contentedness as i sit on my bedroom floor still dont have a chair or a functioning table havent changed a bit and am caressed by the warm light that my lamp glows,31370,0,0,0,1,0,0,0,0,0,0,0,0
i also get distracted looking at myself but that s another problem while he is away i really like being alone and feel so joyful and am doing so much for myself that i am a little bit ashamed,31459,0,0,0,1,0,0,0,0,0,0,0,0
i started feeling joyful again i could push those comments out of my heart and live joyfully again,31511,0,0,0,1,0,0,0,0,0,0,0,0
im not feeling joyful or spiritually fit,31666,0,0,0,1,0,0,0,0,0,0,0,0
im feeling pretty exhausted now having fun really takes it out of you eh,31803,0,0,0,1,0,0,0,0,0,0,0,0
i do not feel that her action is funny even it is intent to perceive that way,31840,0,0,0,1,0,0,0,0,0,0,0,0
i feel lets your friends know how you feel in a funny way,32007,0,0,0,1,0,0,0,0,0,0,0,0
i feel like i am a super outcast i try to be funny but end up offending people or they dont get it and i end up looking stupid,32020,0,0,0,1,0,0,0,0,0,0,0,0
i still have the stupid feeling when i m somewhere where i don t know anyone which is funny because i don t seem to have that problem when i fly and can t have my cellphone on for a couple of hours,32054,0,0,0,1,0,0,0,0,0,0,0,0
im feeling playful and fun and exuberant,32369,0,0,0,1,0,0,0,0,0,0,0,0
i was not interested in waiting in long lines and feeling stressed so we just planned for fun instead,32492,0,0,0,1,0,0,0,0,0,0,0,0
i asked him nicely to stop and he just won t needless to say we are not friends on facebook anymore but i don t understand is why he feels the need to be so fundamentally rude about it,32557,0,0,0,1,0,0,0,0,0,0,0,0
i purchased this for my son to use for fun but im not feeling very comfortable about him using it,32652,0,0,0,1,0,0,0,0,0,0,0,0
i am still writing and it feels very joyful and effortless to do so,32727,0,0,0,1,0,0,0,0,0,0,0,0
i don t enjoy the process of cooking i don t loathe it just don t feel joyful doing it and i especially don t enjoy the dirty dishes that come along with cooking dishes i do loathe,32734,0,0,0,1,0,0,0,0,0,0,0,0
i feel these divine forces so strongly sometimes i wonder if agnostics atheists and judeo christian fundamentalists have any feeling or excitement in their hearts,32864,0,0,0,1,0,0,0,0,0,0,0,0
i feel joyful somehow i feel lost i do not know whats going on or what i am supposed to do next,32866,0,0,0,1,0,0,0,0,0,0,0,0
i can feel the splashdown and recovery coming it s a joyful thing to anticipate,32899,0,0,0,1,0,0,0,0,0,0,0,0
i just feel so completely joyful,33103,0,0,0,1,0,0,0,0,0,0,0,0
im feeling more joyful and connected than ever before,33151,0,0,0,1,0,0,0,0,0,0,0,0
i feeling joyful happy positive and fulfilled,33439,0,0,0,1,0,0,0,0,0,0,0,0
i feel so joyful i made a decision to sample online lesbian dating that i need to reveal to you my adventure since i m new to the whole lesbian dating scene i was looking for a bit of help when it came to finding dates so i tried out online lesbian dating a href http www,33493,0,0,0,1,0,0,0,0,0,0,0,0
i feel something funny something different happiness,33598,0,0,0,1,0,0,0,0,0,0,0,0
i am also asking for statutory compensation as i feel i have been deprived the use of the funds in question,33717,0,0,0,1,0,0,0,0,0,0,0,0
i feel utterly joyful and brimming with gratitude,33857,0,0,0,1,0,0,0,0,0,0,0,0
i am not feeling joyful i tap into my joy chest and remember everything that brings me happiness,33895,0,0,0,1,0,0,0,0,0,0,0,0
i had a funny feeling when i accepted them,33900,0,0,0,1,0,0,0,0,0,0,0,0
i feel as though i could say she is stubborn fearless rambunctious into trouble sweet funny and irresistible but unless you have actually met her you wouldnt really get it,34067,0,0,0,1,0,0,0,0,0,0,0,0
i was feeling annoyed that not even a year ago i was running ks for fun,34134,0,0,0,1,0,0,0,0,0,0,0,0
i thought about giving them out but i get the feeling i would have probably offended some people and i wanted this to be fun,34249,0,0,0,1,0,0,0,0,0,0,0,0
im feeling festive with essies escapades on my toes its a fun and cheery red,34252,0,0,0,1,0,0,0,0,0,0,0,0
i couldn t help but feel slightly skeptical and apprehensive as i realized the tough task funes was taking on that night,34269,0,0,0,1,0,0,0,0,0,0,0,0
i had left office a little later than usual and that my nose was feeling very water but i went anyways and im glad i did the class is so fun,34315,0,0,0,1,0,0,0,0,0,0,0,0
i think our relationship was new and we were just feeling our way into the roles so it was more giggly happy fun settling in than anything else,34367,0,0,0,1,0,0,0,0,0,0,0,0
i always feel a little funny writing posts on a blog about myself but here goes,34492,0,0,0,1,0,0,0,0,0,0,0,0
i couldnt help but feel incredibly joyful for pope francis i,34557,0,0,0,1,0,0,0,0,0,0,0,0
i feel like a much more productive person now although it also comes with its distractions such as the ability to watch tv shows and movies until late into the night but it also means that i can write fun blog posts like this,34611,0,0,0,1,0,0,0,0,0,0,0,0
i feel i dont deserve having cute shoes it should be enough to have a suitable number of shoes that function and get me through the days activities,34667,0,0,0,1,0,0,0,0,0,0,0,0
ive tried a few and they always make me feel kind of funny and not like in a good way,34781,0,0,0,1,0,0,0,0,0,0,0,0
i feel funny these days,34853,0,0,0,1,0,0,0,0,0,0,0,0
i feel more optimistic than i have in months and its hard to live life joyfully when youre apprehensive stressed and scared,34884,0,0,0,1,0,0,0,0,0,0,0,0
i had a little chat and it amazes me how sometimes a phone call can change the way you feel its funny how people can miss each other so much that it almost makes them irritated with one another does that even make sense,34984,0,0,0,1,0,0,0,0,0,0,0,0
i grew up with not feeling pretty or smart or funny enough not being all that special feeling like i have to do everything exactly right and look good doing it or im a failure who deserves to be left to her own devices,35006,0,0,0,1,0,0,0,0,0,0,0,0
i felt joyful when i heard that i had been selected for college education,35139,0,0,0,1,0,0,0,0,0,0,0,0
im feeling a bit funny about boot camp for the last few days by which i mean i have been really loving it so far,35189,0,0,0,1,0,0,0,0,0,0,0,0
i have been feeling really funny since last monday,35242,0,0,0,1,0,0,0,0,0,0,0,0
i still feel inhibited and nervous about going out for fun,35295,0,0,0,1,0,0,0,0,0,0,0,0
i feel a little bit funny calling it a home show because it s so much more,35298,0,0,0,1,0,0,0,0,0,0,0,0
i believe just imagining what it would be like to act live in front of an audience will make me feel joyful,35309,0,0,0,1,0,0,0,0,0,0,0,0
i feel a little funny about br style background color white color font family arial sans serif font size,35350,0,0,0,1,0,0,0,0,0,0,0,0
i feel like a sell out i feel lame i feel like a guy i would make fun of,35426,0,0,0,1,0,0,0,0,0,0,0,0
i am feeling very joyful right now,35565,0,0,0,1,0,0,0,0,0,0,0,0
i will want to blog about in detail is that something feels strange feels funny tastes odd,35583,0,0,0,1,0,0,0,0,0,0,0,0
i dont know if i am a bit unhinged in the brain department or if i am letting off some steam at the moment but sometimes i feel like i have a funny spiky ball of something in my stomach that makes me all twitchy and amusing,35786,0,0,0,1,0,0,0,0,0,0,0,0
i feel stronger joyful confident,35969,0,0,0,1,0,0,0,0,0,0,0,0
i would remember every detail of it and could nearly cry for feeling so funny about myself,36031,0,0,0,1,0,0,0,0,0,0,0,0
i feel very virtuous dinner at casa bonita with friends from out of town a fun trip to the denver aquarium with my friends a night out to see the new muppet movie a trip to see the t,36100,0,0,0,1,0,0,0,0,0,0,0,0
im having so much fun now and i did feel accepted among those who stayed with me up till now even though perhaps all the people of the world might be against us,36138,0,0,0,1,0,0,0,0,0,0,0,0
i feel so very insulted went to the mines running for errands and there was this beefy middle eastern man who followed me from the bookstore to the washroom checking out my every move while desperately asking me to do him some toilet fun,36203,0,0,0,1,0,0,0,0,0,0,0,0
im feeling funny and serious at the same time http www,36269,0,0,0,1,0,0,0,0,0,0,0,0
i am feeling grounded and joyful in ways that i have rarely felt,36315,0,0,0,1,0,0,0,0,0,0,0,0
i was feeling thrilled when told me that of his photographs are going to be exhibited in the world wildlife fund exhibition in new delhi,36415,0,0,0,1,0,0,0,0,0,0,0,0
i couldnt help but feel joyful,36501,0,0,0,1,0,0,0,0,0,0,0,0
i was going in feeling rather hesitant about working in quality management but my preceptor was able to make it sound like lots of fun and i m actually interested to see what it s all about,36546,0,0,0,1,0,0,0,0,0,0,0,0
i feel funny without,36729,0,0,0,1,0,0,0,0,0,0,0,0
i feel carefree and fun this weekend,36855,0,0,0,1,0,0,0,0,0,0,0,0
i feel like life has just been in a funny placs,36947,0,0,0,1,0,0,0,0,0,0,0,0
i feel that the look is perfect for this type of series giving the fun vibe thats expected in a fun series,36971,0,0,0,1,0,0,0,0,0,0,0,0
i was funny and could write and made me feel worthwhile again,37030,0,0,0,1,0,0,0,0,0,0,0,0
i feel terribly disheartened about it putting her up for prayer today in sunday school and then poor ray flush with his fun with his buddies went home happy only to spike a fever and find out this morning he has strep,37115,0,0,0,1,0,0,0,0,0,0,0,0
i feel i shouldnt be joyful until im at again and finally under it,37314,0,0,0,1,0,0,0,0,0,0,0,0
i feel like im on an emotional roller coaster gone off the rails is not fun,37496,0,0,0,1,0,0,0,0,0,0,0,0
i feel congruence in my bones that feeling is so wonderful that i cannot even begin to express how joyful i am to be able to write that,37549,0,0,0,1,0,0,0,0,0,0,0,0
i expect to hear laughter and to feel joyful,37870,0,0,0,1,0,0,0,0,0,0,0,0
i could feel her eyes on me as i snapped a picture and this amused me no end lol seriously half the fun in playing with the barbies is how others react it is hilarious,37889,0,0,0,1,0,0,0,0,0,0,0,0
i almost fell asleep in the chower i feel rather grouchy right now im bored off my ass nothing fun happening here,37996,0,0,0,1,0,0,0,0,0,0,0,0
i am feeling energized and joyful as i support my dad and laura and build my business,38133,0,0,0,1,0,0,0,0,0,0,0,0
i cant realli feel carefree n hav all the fun i want when theres this little voice nagging at me,38186,0,0,0,1,0,0,0,0,0,0,0,0
i got dressed up as goffs to go to feeling gloomy which was good fun but unfortunately probably also the highlight of the evening,38262,0,0,0,1,0,0,0,0,0,0,0,0
i may have a long long way to go but i can feel his presence and my heart is joyful,38270,0,0,0,1,0,0,0,0,0,0,0,0
i dont know if i was supposed to feel joyful at tonight because after all steve did come and hang out with me however awkward and preoccupied i still was,38299,0,0,0,1,0,0,0,0,0,0,0,0
i feel joyful moved changed by something i will share it,38491,0,0,0,1,0,0,0,0,0,0,0,0
i feel funny about this but it must be expressed,38794,0,0,0,1,0,0,0,0,0,0,0,0
i feel a little funny about listing dural among the veterans since he hasn t yet played a down as a tiger but believe me when i say that he was set to see the playing field last season as a true freshman before suffering a season ending knee injury early in pre season camp,38866,0,0,0,1,0,0,0,0,0,0,0,0
i can t say i m looking forward to getting presents because i feel greedy thinking of it that way but i am looking forward to yummy food and fun games with the family,38997,0,0,0,1,0,0,0,0,0,0,0,0
i probably would feel more conflicted about their captivity than joyful about their accessibility,39066,0,0,0,1,0,0,0,0,0,0,0,0
i tell you im feeling joyful were probably feeling different,39117,0,0,0,1,0,0,0,0,0,0,0,0
i figured just going to ellis island wont be fun unless we can get into ye olde majestic lady for a peekaboo yes i totally feel that last sentence maybe a little dirty and im ok with that,39152,0,0,0,1,0,0,0,0,0,0,0,0
i need to prioritize fun when im feeling stressed,39212,0,0,0,1,0,0,0,0,0,0,0,0
i feel gutted now i am joyful and at the same time enraged,39382,0,0,0,1,0,0,0,0,0,0,0,0
i feel like i am more creative and fun than my house shows,39441,0,0,0,1,0,0,0,0,0,0,0,0
i feel funny asked in phase suction different repulsion,39509,0,0,0,1,0,0,0,0,0,0,0,0
ive heard its just a fun icebreaker for the older sibling who has no idea whats going on and may feel threatened,39528,0,0,0,1,0,0,0,0,0,0,0,0
i feel joyful when i just feel like i cannot go on,39672,0,0,0,1,0,0,0,0,0,0,0,0
i lose friends because they apparently dont like that i tell people how i feel its funny how that works,39735,0,0,0,1,0,0,0,0,0,0,0,0
i feel funny about asking but,39901,0,0,0,1,0,0,0,0,0,0,0,0
i understand that there are many hiccups that happen throughout the day that make you feel less than joyful,40040,0,0,0,1,0,0,0,0,0,0,0,0
i was feeling stubborn so for the fun of it i put on the donkey earrings my sister made for me,40044,0,0,0,1,0,0,0,0,0,0,0,0
i do feel a little funny about this because i hate to pressure people,40273,0,0,0,1,0,0,0,0,0,0,0,0
i had so much fun climbing over trees and feeling truly adventurous,40368,0,0,0,1,0,0,0,0,0,0,0,0
i look at that stuff and just laugh or sigh because i feel like i have no time to do cute fun crafty stuff these days,40576,0,0,0,1,0,0,0,0,0,0,0,0
i am feeling almost a little jubilant now that i have created something that the kids actually think is fun two weeks in a row,40724,0,0,0,1,0,0,0,0,0,0,0,0
i often call a friend and talk for ten minutes to get different perspectives on life and to feel joyful again,40743,0,0,0,1,0,0,0,0,0,0,0,0
im perfectly fine with having another weeks left its turned out to be a lot of fun and quite empowering to crossfit while pregnant and i feel amazing yet,40783,0,0,0,1,0,0,0,0,0,0,0,0
i have energy i garden or clean or do something fun when i have no energy which is the usual state of affairs i write or do research online or crochet just to feel like im being productive,40811,0,0,0,1,0,0,0,0,0,0,0,0
i feel at the moment my more clever and funny posts were because i was feeling clever and funny at the time,40884,0,0,0,1,0,0,0,0,0,0,0,0
i feel so amazing and happy because i can have fun my holiday with my friends,40983,0,0,0,1,0,0,0,0,0,0,0,0
i don t feel well and there are days where normal functioning is a challenge but even on the vomity days my responsibilities are getting done,41367,0,0,0,1,0,0,0,0,0,0,0,0
i i never been fun with matured woman before but now i feel very horny with matured woman so if,41456,0,0,0,1,0,0,0,0,0,0,0,0
i feel quite disappointed i thought its great yet really theres a word could link with it funny,41667,0,0,0,1,0,0,0,0,0,0,0,0
i am not feeling at my most joyful today,41714,0,0,0,1,0,0,0,0,0,0,0,0
i wonder if they feel like i do sometimes that all the joy of what we do is no longer as joyful because now it s based on research methods keynotes comparisons and appearances,41809,0,0,0,1,0,0,0,0,0,0,0,0
i was feeling like a gloomy guss and worried about how this would work so that emma could still be an active toddler and have fun,41881,0,0,0,1,0,0,0,0,0,0,0,0
i am still in a funk and i am not feeling so well,41930,0,0,0,1,0,0,0,0,0,0,0,0
i wish i had something funny to share to close this blog but i am just left feeling ok about what i have written,41988,0,0,0,1,0,0,0,0,0,0,0,0
i have gone through the past year i feel rich with the ability to share food fun and gifts from my heart with the amazing people in my life,41990,0,0,0,1,0,0,0,0,0,0,0,0
i sound like im feeling up there i do feel alot more joyful,42068,0,0,0,1,0,0,0,0,0,0,0,0
i feel it a loving warm grip in my heart when im joyful and a joy dancing naked when i am alone,42175,0,0,0,1,0,0,0,0,0,0,0,0
i feel funny putting political posts here i decided that moving them to a new location was a good idea,42255,0,0,0,1,0,0,0,0,0,0,0,0
i don t feel offended but i don t think it s funny,42295,0,0,0,1,0,0,0,0,0,0,0,0
i imagined they were feeling joyful too,42296,0,0,0,1,0,0,0,0,0,0,0,0
i feel so strongly about the holocaust that i broke out of my blogging silence last year during lent a href http saamusings,42563,0,0,0,1,0,0,0,0,0,0,0,0
i took c to the park to meet some friends and started to feel a little funny i then realized i forgot an emergency source of glucose,42595,0,0,0,1,0,0,0,0,0,0,0,0
ive been working in pen and ink so much that it feels funny working primarily in watercolor,42649,0,0,0,1,0,0,0,0,0,0,0,0
i feel about miley cyrus funny videos fun jokes videos humor comedy videos free lotto extraterrestrial aliens link rel stylesheet type text css href http megalegit,42795,0,0,0,1,0,0,0,0,0,0,0,0
i have a funny feeling many readers will probably like this one a lot more than i did but i just couldnt connect with zoe and thought she was selfish and spoiled which ruined a lot of it for me,43259,0,0,0,1,0,0,0,0,0,0,0,0
i feel badly but its so funny,43277,0,0,0,1,0,0,0,0,0,0,0,0
i had two days in my cell where i had spent hours feeling and looking like i was about to give birth to an energetic octopus so gave in and asked for the morph which resulted in some pretty funky dreams,43282,0,0,0,1,0,0,0,0,0,0,0,0
i feel i feel ecstatic blessed and grateful to have met someone so beautiful caring loving selfless smart funny,43419,0,0,0,1,0,0,0,0,0,0,0,0
i feel joyful honoured and blessed to have learnt an effective process of healing which brings back peace and calmness into people s life,43452,0,0,0,1,0,0,0,0,0,0,0,0
i am feeling gloomy around friends as well as feeling fun while alone,43525,0,0,0,1,0,0,0,0,0,0,0,0
i get this wierd feeling when i am going to sleep funny photo title i get this wierd feeling when i am going to sleep funny photo a title i get this wierd feeling when i am going to sleep href http www,43552,0,0,0,1,0,0,0,0,0,0,0,0
i had so much fun i didnt think it was going be not so hard for me but the portrait i did was my mom and i want it give the feeling of unhappy and serious because everything she been through that is hard for anyone to go through i wanted to make something special for her,43753,0,0,0,1,0,0,0,0,0,0,0,0
i just feel so joyful,43815,0,0,0,1,0,0,0,0,0,0,0,0
i am ready to wake up and breathe and feel joyful and beautiful and blessed,43966,0,0,0,1,0,0,0,0,0,0,0,0
i feel it is my obligation to make their stay in kiabakari as pleasant and joyfully memorable as humanely possible,44067,0,0,0,1,0,0,0,0,0,0,0,0
i feel jealous when i see people have fun while im stuck at home with these thoughts that i so badly wish to kill,44229,0,0,0,1,0,0,0,0,0,0,0,0
i expect and i feel content with that,31,0,0,0,0,1,0,0,0,0,0,0,0
i just couldnt help feeling a little bit bitter towards his great big happy grin,34,0,0,0,0,1,0,0,0,0,0,0,0
i dunno how it feels to be completely happy the real world has taught me about struggle but what i m going thru is nothing close to struggle,73,0,0,0,0,1,0,0,0,0,0,0,0
i walk in the door to my house i feel happy,149,0,0,0,0,1,0,0,0,0,0,0,0
i feel satisfied and happy with my choices today,172,0,0,0,0,1,0,0,0,0,0,0,0
i can feel their joy and excitement for the opportunity to receive these vital ordinances,232,0,0,0,0,1,0,0,0,0,0,0,0
i feel really contented just listening to the song,237,0,0,0,0,1,0,0,0,0,0,0,0
i get the feeling that nellie is satisfied that the phone rang happy that leslie is out of the room now,277,0,0,0,0,1,0,0,0,0,0,0,0
i feel honoured that my clients walk through my doors sometimes for the very first time and trust me with their brand new one week old bundles of joy,341,0,0,0,0,1,0,0,0,0,0,0,0
i feel highs so ecstatic that just being normal feels like a thousand mile drop and being unhappy is excruciating,355,0,0,0,0,1,0,0,0,0,0,0,0
i don t know why i am feeling so sarcastic tonight but christian seems to enjoy my banter and every time seth apologizes for my behavior christian tells him it s quite alright and locks eyes with me,358,0,0,0,0,1,0,0,0,0,0,0,0
im happy to report that i didnt feel that angered urge to smack olivia today the way ive felt it before,426,0,0,0,0,1,0,0,0,0,0,0,0
i have been working hard to shake these feelings because being popular or a genre novel or non literary fiction does not make a book any less legitimate or any less something to read and enjoy and analyze,442,0,0,0,0,1,0,0,0,0,0,0,0
i feel happy now that i am enjoying the changes in my life and looking forward to the unknown good times that are yet to come autumn and winter are suddenly just new steps on the journey,493,0,0,0,0,1,0,0,0,0,0,0,0
i feel more resolved and less like smoking my lungs today are obviously not very happy with me,562,0,0,0,0,1,0,0,0,0,0,0,0
i am mostly feeling contentedly terrified about it all,578,0,0,0,0,1,0,0,0,0,0,0,0
im feeling rather inspired yet low i will enjoy my writing and even though i may be writing about morbid things i will find a way to make it interesting to read,579,0,0,0,0,1,0,0,0,0,0,0,0
i cant explain how i truly feel but some words that encapsulate some of my me ness currently ecstatic happy bouncy relieved energised in a mood to dance wanting chocolate wanting to socialise right now smiley and about here i lose words that express but bah so emo,622,0,0,0,0,1,0,0,0,0,0,0,0
i feel terribly helpless sometimes but even with the limited spiritual awareness that i have i am able to find the answers as i know the end is not the outcome of my decision i ll be able to move on readjust pick up the pieces re centre myself or enjoy my decision,636,0,0,0,0,1,0,0,0,0,0,0,0
there was joy in me when i heard that i was to take a course as a medical assistant,638,0,0,0,0,1,0,0,0,0,0,0,0
i don t want to feel dissatisfied i want to feel happy and fulfilled i don t want to feel i am lacking of something or nothing at all life would be so emptied,678,0,0,0,0,1,0,0,0,0,0,0,0
i feel happy about myself hes the reason why i am where i am today,691,0,0,0,0,1,0,0,0,0,0,0,0
i can feel myself slowly uncoiling from the fearful place inside and enjoying the time as i hope he can enjoy it and starting to actually swim around a bit rather than just walk in the water,714,0,0,0,0,1,0,0,0,0,0,0,0
i am happy with the news comeback i am feeling agitated with some fangirls,739,0,0,0,0,1,0,0,0,0,0,0,0
i just wanna say that the last three months i feel so happy about my blog,780,0,0,0,0,1,0,0,0,0,0,0,0
i play in the rain squeal with glee at the feeling of mud squishing between my toes and enjoy pretty much anything that takes place outdoors,797,0,0,0,0,1,0,0,0,0,0,0,0
i feel the reason were apart of each others lives is because im in his to help him become something to push him to succeed and be successful and happy,800,0,0,0,0,1,0,0,0,0,0,0,0
im pretty happy but a little on the nauseated side to feel thrilled,813,0,0,0,0,1,0,0,0,0,0,0,0
i feel content just because of the weather,824,0,0,0,0,1,0,0,0,0,0,0,0
i no longer feel happy to score well,848,0,0,0,0,1,0,0,0,0,0,0,0
i feel tortured because i am not allowed to enjoy food the way my friend can,891,0,0,0,0,1,0,0,0,0,0,0,0
i feel more joy and anticipation of all that is my divine right,908,0,0,0,0,1,0,0,0,0,0,0,0
i feel more free to enjoy the possessions i do have like this rock or that book or these clothes,913,0,0,0,0,1,0,0,0,0,0,0,0
i am left feeling happy about having the time to rest and take care of me but at the same time this huge sense of guilt builds up inside of me for not having respected our date for being an unreliable teacher a selfish friend,961,0,0,0,0,1,0,0,0,0,0,0,0
i learned in the foundry of my own childhood that humor made a perfect shield for keeping people at bay for helping me conceal my true feelings for lending the appearance of truth to all the lies i would tell about how happy i was and for providing me with the wherewithal to get through each day,1010,0,0,0,0,1,0,0,0,0,0,0,0
i woke up this morning feeling content despite yesterday being a day involved in mundane paperwork that government bureaucrats revel in,1045,0,0,0,0,1,0,0,0,0,0,0,0
i just really feel content and really don t feel the ne,1081,0,0,0,0,1,0,0,0,0,0,0,0
i could genuinely connect and enjoy instead of withdrawing and feeling resentful,1114,0,0,0,0,1,0,0,0,0,0,0,0
i feel content alive and motivated,1116,0,0,0,0,1,0,0,0,0,0,0,0
i feel creative right now and it makes me happy,1131,0,0,0,0,1,0,0,0,0,0,0,0
i remember the same giddy feeling of contented good fortune lucky lucky me here safe in our cozy home watching my fabulous man head off for the day knowing he ll be coming home to me in a few hours,1146,0,0,0,0,1,0,0,0,0,0,0,0
im sure she left feeling angry and unhappy but she also caused members of staff to feel angry aggressive and upset hurt as her final say was a personal attack to say we were awful individuals with bad attitudes,1148,0,0,0,0,1,0,0,0,0,0,0,0
i find myself feeling happy more and more and it feels so very good,1174,0,0,0,0,1,0,0,0,0,0,0,0
the time when my sister had her first baby i was so happy and joyous because she stayed for two days after marriage before she had a child,1190,0,0,0,0,1,0,0,0,0,0,0,0
i know shes right because i feel more energetic awake patient and happy when im running daily but i still feel a little bad too because i believe breast milk is so much better for babies than formula,1192,0,0,0,0,1,0,0,0,0,0,0,0
i could feel his sweet spirit and i was happy to be helping him,1230,0,0,0,0,1,0,0,0,0,0,0,0
i feel angry im happy,1309,0,0,0,0,1,0,0,0,0,0,0,0
im just happy to be feeling something because for the last few days ive felt pretty,1336,0,0,0,0,1,0,0,0,0,0,0,0
i am feeling very restless irritable and discontent,1394,0,0,0,0,1,0,0,0,0,0,0,0
i want to feel safe and well and that maybe just maybe theres a small chance my i can feel joy and my dreams can come true,1436,0,0,0,0,1,0,0,0,0,0,0,0
i think i can finally articulate it the prius is in its own shiny happy al gore wearing patagonia in alaska way somewhat insidious in that it makes driving feel like a virtuous act,1586,0,0,0,0,1,0,0,0,0,0,0,0
im happy to have this in my kitchen but it feels like someone rushed this out and cut corners,1649,0,0,0,0,1,0,0,0,0,0,0,0
i mean i could literally feel him feeling content,1662,0,0,0,0,1,0,0,0,0,0,0,0
i left that appointment feeling really bummed that the option of a vbac had been snatched from me but also sort of content with the fact that i had prayed for and possibly received a sign of gods will for this birth,1721,0,0,0,0,1,0,0,0,0,0,0,0
i feel indecisive it feels like the security that i usually feel from sensing the ground beneath my feet is suddenly gone and i am left feeling wobbly and unhappy,1756,0,0,0,0,1,0,0,0,0,0,0,0
im not going to gush too much about the relationship but just know that im feeling very content these days,1803,0,0,0,0,1,0,0,0,0,0,0,0
i hope you enjoy reading and please feel free to leave comments,1812,0,0,0,0,1,0,0,0,0,0,0,0
im left feeling paranoid and like it keeps getting harder to feel happy,1838,0,0,0,0,1,0,0,0,0,0,0,0
i could just feel the joy rage coming at me for that one but i m glad you re feeling back at it and i m also glad we went to yoga tonight because sometimes you just need to know that you re better than your crossfit coach at side plank img src http s,2013,0,0,0,0,1,0,0,0,0,0,0,0
i enjoyed the feeling of belonging and the sense that i was recognised and somehow valuable,2014,0,0,0,0,1,0,0,0,0,0,0,0
i hope you enjoy and do not feel offended,2037,0,0,0,0,1,0,0,0,0,0,0,0
i feared i would feel resentful of her or this process but i dont and i am so happy about that,2055,0,0,0,0,1,0,0,0,0,0,0,0
i know the effects of my day to day happenings on my serenity are so subtle at times that i end up feeling irritable and discontent without knowing why,2080,0,0,0,0,1,0,0,0,0,0,0,0
i receive the good news in joy like the magi or do i feel threatened by gods message like herod,2093,0,0,0,0,1,0,0,0,0,0,0,0
i still feel uncertain with many new paths i must travel and as lost as i feel sometimes i am sure heavenly father is lifting me up and helping me to feel joy in the things that matter most,2103,0,0,0,0,1,0,0,0,0,0,0,0
i was overwhelmed with joy when i received the acceptance letter to unza this happened again when i passed all my first year courses,2113,0,0,0,0,1,0,0,0,0,0,0,0
i am slowly paying off my debts and i feel generally happy about where i am and what im doing,2125,0,0,0,0,1,0,0,0,0,0,0,0
i feel so contented just by relieving the scene in my mind,2233,0,0,0,0,1,0,0,0,0,0,0,0
i will actually feel comfortable speaking to others in just japanese i feel pretty happy about my current progress,2324,0,0,0,0,1,0,0,0,0,0,0,0
i packed this time around feeling apprehensive about this challenging season and happy to decompress for a few days at my dads before coming home,2469,0,0,0,0,1,0,0,0,0,0,0,0
i feel honored that my art is going to fill a room where sick children need all the joy they can get,2490,0,0,0,0,1,0,0,0,0,0,0,0
i am happy to see that he is off with hopefully a good job but i can t help feel a little greedy,2563,0,0,0,0,1,0,0,0,0,0,0,0
i have omitted the link to this article as i feel readers of this blog may be offended by the questionable adult content on the nyps webpage,2631,0,0,0,0,1,0,0,0,0,0,0,0
i am so aware that if i indulge my wounded self in the first thoughts i will feel impatient and burdened and if i make sure that my loving adult is in charge thinking the second loving thoughts i will feel happy blessed and peaceful,2659,0,0,0,0,1,0,0,0,0,0,0,0
im feeling happy and well,2709,0,0,0,0,1,0,0,0,0,0,0,0
i have a reminder of the joy and peace i feel in his arms i am tortured,2713,0,0,0,0,1,0,0,0,0,0,0,0
i write when i am feeling happy and childish,2830,0,0,0,0,1,0,0,0,0,0,0,0
i woke up feeling incredibly content amp optimistic today however i woke up with a terrible cold and a complete lack of energy,2870,0,0,0,0,1,0,0,0,0,0,0,0
i feel contented small old rich tired and happy,2890,0,0,0,0,1,0,0,0,0,0,0,0
i start to feel happy and then i think of how lonely my cat feels,2933,0,0,0,0,1,0,0,0,0,0,0,0
i would feel terrified for them and enjoy this movie a little better,2939,0,0,0,0,1,0,0,0,0,0,0,0
im not emo ing no no no haha i am feeling happy instead for being able to meet up with them,2953,0,0,0,0,1,0,0,0,0,0,0,0
i want others to be happy but does that mean i step back yet again it feels like and allow them to be happy because they deserve it or do they even deserve it or do i,2988,0,0,0,0,1,0,0,0,0,0,0,0
i am so happy but yet i feel enraged,2989,0,0,0,0,1,0,0,0,0,0,0,0
i look out on this scene i think about how cute it is and enjoy a swelling feeling of pride in the playful delight of my dog,2992,0,0,0,0,1,0,0,0,0,0,0,0
ive planned and there are still days when i feel stressed to the point of tears and helpless but the good far outweighs the bad and i can honestly say that im happy in this moment,3008,0,0,0,0,1,0,0,0,0,0,0,0
i fully enjoy music when i feel afraid using headphones,3060,0,0,0,0,1,0,0,0,0,0,0,0
i want to enjoy this and feel successful,3064,0,0,0,0,1,0,0,0,0,0,0,0
i need nine hours but it s true and if i get less even seven hours which is supposed to be the norm and which some people consider a lot i feel grumpy unhappy and seriously unmotivated,3097,0,0,0,0,1,0,0,0,0,0,0,0
i feel even more pressured to cook healthy meals and not eat out do thorough preschool lessons with my boys keep the house spotless exercise serve the church and community and be a happy loving wife at all times,3102,0,0,0,0,1,0,0,0,0,0,0,0
i feel deeply and truly content,3112,0,0,0,0,1,0,0,0,0,0,0,0
i feel like my life is practically perfect in every way right now and i am every so happy,3136,0,0,0,0,1,0,0,0,0,0,0,0
i do find myself feeling distraught about getting older and stressed about the impending responsibilities that are to ensue i am generally content with only a little bit of repressed anger that makes it s appearance only when it s instigated,3146,0,0,0,0,1,0,0,0,0,0,0,0
i have eaten at many restaurants and feel that we enjoy the cheaper but much more delicious eateries than these more elegant but lacking in spice and flavor places,3156,0,0,0,0,1,0,0,0,0,0,0,0
i had to lose my best friends to be with the one who can make me feel forever contented with life and be eternally happy,3249,0,0,0,0,1,0,0,0,0,0,0,0
i enjoyed today because hes a darling but its a long time since ive backed a horse and i have to admit to feeling a little hesitant as to where to go from here,3321,0,0,0,0,1,0,0,0,0,0,0,0
ive been a busy girl but it has been a very good type of busy and im feeling really happy about things right now and i am loving my new start in glasgow,3339,0,0,0,0,1,0,0,0,0,0,0,0
i was fascinated by the ebb and flow of the water and stood there feeling content watching the waves,3343,0,0,0,0,1,0,0,0,0,0,0,0
i feel more content with what i have achieved and i know if i don t write today there ll still be a tomorrow,3378,0,0,0,0,1,0,0,0,0,0,0,0
i pushed the feeling aside and contented myself with an apple,3420,0,0,0,0,1,0,0,0,0,0,0,0
i made it and enjoyed most of my run but now i m feeling greedy,3636,0,0,0,0,1,0,0,0,0,0,0,0
i feel greedy but too idealistic what is it to expect she would want you to talk to me your proported best friend that she might be happy you have me,3664,0,0,0,0,1,0,0,0,0,0,0,0
i don t always remember to do this but when i m feeling bitchy and down on the world if i stop and take a moment to breathe and think about everything i m grateful for the joy seeps back,3669,0,0,0,0,1,0,0,0,0,0,0,0
im happy to report that im not feeling too petty these days mostly because there have been countless examples lately showing me how irrational a woman reaching adulthood and some who should all ready be there can actually concieve,3693,0,0,0,0,1,0,0,0,0,0,0,0
i liked that ros is not intimidated by anna s wealth and that anna doesn t feel guilt or superior about her wealth and that she enjoys it,3794,0,0,0,0,1,0,0,0,0,0,0,0
i make jokes about being happy to get rid of them for the school year but its just because i feel incredibly vulnerable about sharing them with others,3809,0,0,0,0,1,0,0,0,0,0,0,0
i dont hallucinate instead i slowly continue along my little path until i feel needlessly violent and overly happy about it,3833,0,0,0,0,1,0,0,0,0,0,0,0
i have not written is that i am still feeling angry about something that happened on friday which seems to have invaded my happy place with recurring angry thoughts,3848,0,0,0,0,1,0,0,0,0,0,0,0
i am not sure what would make me feel content if anything,3885,0,0,0,0,1,0,0,0,0,0,0,0
i feel content with it all,3915,0,0,0,0,1,0,0,0,0,0,0,0
i feel content without knowing the rest of their story,3959,0,0,0,0,1,0,0,0,0,0,0,0
i feel a bit frustrated with myself as i know i m not getting out of my dogs in the ring or at training if i m honest at moment due to me but i ll continue to do the remaining shows i ve entered until the end of july as long as we re all enjoying it,3992,0,0,0,0,1,0,0,0,0,0,0,0
i feel glad to be teaching nursery children who have special needs and know that the study of art has better helped me to use art in the curriculum to make lessons more enjoyable and interesting for the pupils,4005,0,0,0,0,1,0,0,0,0,0,0,0
i do enjoy large bold prints and i suppose its odd im feeling timid about leopard,4035,0,0,0,0,1,0,0,0,0,0,0,0
im unhappy i feel irritated by everything and i yell,4165,0,0,0,0,1,0,0,0,0,0,0,0
i took part in a football match the referee was extremely partial to the opposite team this stirred up my discontent and anger,4213,0,0,0,0,1,0,0,0,0,0,0,0
i grin and kiss my way down his body the same way he d done to me except with less teeth because i m feeling rather mellow and content at the moment,4266,0,0,0,0,1,0,0,0,0,0,0,0
i barely seem to remember where i live in the middle of coming to terms with the likelihood that i would just be single for the rest of my life and feeling pretty content about that,4275,0,0,0,0,1,0,0,0,0,0,0,0
i enjoy my life and wish to help as many people as possible to feel fabulous about themselves but i can only show the way,4280,0,0,0,0,1,0,0,0,0,0,0,0
i didnt feel that welcomed when i first entered morris quickly changed that and i left feeling very happy,4294,0,0,0,0,1,0,0,0,0,0,0,0
i feel contented staying grounded and take it slow as i build up the little things that comes my way,4404,0,0,0,0,1,0,0,0,0,0,0,0
i woke up feeling grumpy tired unhappy and just plain sick of things,4411,0,0,0,0,1,0,0,0,0,0,0,0
i hope the pair of us harbor no hard feelings and do enjoy casual chats about the ways our lives turn out without needing to press a title into everything,4552,0,0,0,0,1,0,0,0,0,0,0,0
i feel so contented so fulfilled,4604,0,0,0,0,1,0,0,0,0,0,0,0
i feel like i should be suspicious of her but im just so happy to see her,4611,0,0,0,0,1,0,0,0,0,0,0,0
i am feeling happy,4623,0,0,0,0,1,0,0,0,0,0,0,0
i feel a whisper a friendly voice start to rise indulge until your hearts content and pay no mind,4710,0,0,0,0,1,0,0,0,0,0,0,0
i sing as one who feels contented with a comfortable life and comfortable christmas that includes general happiness about eternity,4749,0,0,0,0,1,0,0,0,0,0,0,0
i am feeling extremely contented with our decision to home educate,4809,0,0,0,0,1,0,0,0,0,0,0,0
i hang out i leave feeling energized and happy,4822,0,0,0,0,1,0,0,0,0,0,0,0
im so overwhelmed with feeling blessed by you i have to pray the fears of this being the last time i say happy birthday to you,4844,0,0,0,0,1,0,0,0,0,0,0,0
im just feeling relieved to have picked up our boy before they shut the place down and seized the dogs and happy to have gotten him out of there,4865,0,0,0,0,1,0,0,0,0,0,0,0
i am feeling a combination of smug and happy,4878,0,0,0,0,1,0,0,0,0,0,0,0
i believe if you have happy and healthy relationships you are likely to feel much more energized and inspired which will be reflected in your overall health and appearance,4910,0,0,0,0,1,0,0,0,0,0,0,0
i remember the day i was on the phone with my be fri shannon telling her how i cried because i was feeling truly happy again,4945,0,0,0,0,1,0,0,0,0,0,0,0
i checked on you was a long time ago i can say you were happy way back then feeling contented with everyone and everything around you,4961,0,0,0,0,1,0,0,0,0,0,0,0
i feel content sending packet after packet out into the world,4983,0,0,0,0,1,0,0,0,0,0,0,0
i listen to it a feel peaceful and happy and who couldnt use a big dose of that in their lives,4985,0,0,0,0,1,0,0,0,0,0,0,0
i felt joy when i passed the worst phase in my life and discovered how many people considered me important to them,5008,0,0,0,0,1,0,0,0,0,0,0,0
i felt myself melting away again but this time it was a happy feeling not a scared one,5033,0,0,0,0,1,0,0,0,0,0,0,0
i do not believe all media content is bad in fact much of it i feel is absolutly vital to human flourishing,5057,0,0,0,0,1,0,0,0,0,0,0,0
i very much enjoyed the build up and the air of suspense and confusion throughout but i cant help but feel dissatisfied by the ending,5058,0,0,0,0,1,0,0,0,0,0,0,0
im feeling that joy every day with some of the most gorgeous people ive ever met and hope this thanksgiving you felt the same,5059,0,0,0,0,1,0,0,0,0,0,0,0
i will be thinking of each one of you i will be happy toast and feel my sincere huge magical group hug link rel stylesheet type text css href http jdelivery,5083,0,0,0,0,1,0,0,0,0,0,0,0
i hope that you feeling fine well i wanna say happy birthday and that you realize your dreams and you always be happy because you are a perfect person and you deserves the best,5115,0,0,0,0,1,0,0,0,0,0,0,0
i feel not offended in any form and should not make this big and in the end it doesnt bother me at all but ive learned to show some balls in the past and say what i think not anonymous so if we would give some weight to the content of these comments there would be the questions what is behind it,5130,0,0,0,0,1,0,0,0,0,0,0,0
i am bloging again i am sitting here feeling content with my dogs amp cat etc and i know that how lucky we are the truth is we,5143,0,0,0,0,1,0,0,0,0,0,0,0
ive never been a huge holiday person but i definitely feel more festive more hopeful more willing to celebrate others joys,5352,0,0,0,0,1,0,0,0,0,0,0,0
im feeling peaceful and im happy that i dont have to do anymore scabi im in verona my final week,5355,0,0,0,0,1,0,0,0,0,0,0,0
ive gained wieght but i really would like to lose pounds to just feel like ive finally gotten to an acceptable happy place,5377,0,0,0,0,1,0,0,0,0,0,0,0
im happy there are people in this world that have been so untouched by mental health issues that they feel it is cute to make light the plight of the affected but unfortunately they dont realize the damage they are doing,5485,0,0,0,0,1,0,0,0,0,0,0,0
i feel like so much of my life has been rushed through like just the means to an end and now it feels like i am enjoying everything i possibly can for what it truly is,5525,0,0,0,0,1,0,0,0,0,0,0,0
i don t know what i want in my life at the moment and even though things are really good and stable in many ways i still don t feel content with it,5604,0,0,0,0,1,0,0,0,0,0,0,0
i was feeling grouchy and everything for the past few weeks but yesterday was such a happy day,5661,0,0,0,0,1,0,0,0,0,0,0,0
im not sure i relish the feeling of squelching mud between my toes when its contents are uncertain,5732,0,0,0,0,1,0,0,0,0,0,0,0
im there i simply feel contented,5747,0,0,0,0,1,0,0,0,0,0,0,0
i feel like i have a plan that will make me happy and allow me to help my family better in so many ways,5777,0,0,0,0,1,0,0,0,0,0,0,0
i can control is me and if people feel that i wronged them i will try my best to fix it but some people you cant make happy,5779,0,0,0,0,1,0,0,0,0,0,0,0
i feel energetic and bouncy i m more than happy to go to the gym run around outside with my kids or take the pram for a long walk often i do all three in one day,5790,0,0,0,0,1,0,0,0,0,0,0,0
i feel pressured to be the perfect happy woman but it s because i have a hard time letting people in past a certain level so it just is easier to default to happy go lucky which i usually am anyway,5799,0,0,0,0,1,0,0,0,0,0,0,0
i should feel like there is much to do sure because there is but not so much that im overwhelmed unhappy and not enjoying my time with my family,5804,0,0,0,0,1,0,0,0,0,0,0,0
ive enjoyed being able to slouch about relax and unwind and frankly needed it after those last few weeks around the end of uni and the expo i have lately started to find myself feeling a bit listless which is never really a good thing,5938,0,0,0,0,1,0,0,0,0,0,0,0
i have been successful in providing some peace of mind i feel content,5966,0,0,0,0,1,0,0,0,0,0,0,0
i will never feel completely content i will always long for more,6000,0,0,0,0,1,0,0,0,0,0,0,0
ive been feeling loggy and irritable for a couple weeks now which i am content to largely ascribe to the whole just moved and building a comfort zone part of my brain,6109,0,0,0,0,1,0,0,0,0,0,0,0
i feel happy about the outcome of this long election and im glad its over,6111,0,0,0,0,1,0,0,0,0,0,0,0
i am feeling happy and positive again my bowel on the other hand has again become a grumbling mess and the back and hip pain is slowly creeping back into my life,6118,0,0,0,0,1,0,0,0,0,0,0,0
i walked out of there probably feeling less fearful happier and content than any other time,6122,0,0,0,0,1,0,0,0,0,0,0,0
i now feel fairly content to give the summer up because theres so many new things to celebrate and prepare for,6167,0,0,0,0,1,0,0,0,0,0,0,0
i was a wee bonny lass ive always wanted to go to something like a nightclub or a party or a concert where im surrounded by hundreds of people and i feel the divine spark i feel this connection of joy with them all because briefly we are all happy,6174,0,0,0,0,1,0,0,0,0,0,0,0
i found no satisfaction and no contentment chasing the feeling of being happy,6220,0,0,0,0,1,0,0,0,0,0,0,0
i believed if i didn t feel it that far i must not be mad or happy or caring etc,6295,0,0,0,0,1,0,0,0,0,0,0,0
i left the concert hall feeling really contented and blissful really,6328,0,0,0,0,1,0,0,0,0,0,0,0
i do this i feel terrific afterwards and completely content,6386,0,0,0,0,1,0,0,0,0,0,0,0
i just want to make them happy and i can t and i feel so useless,6441,0,0,0,0,1,0,0,0,0,0,0,0
i can go to bed feeling content,6469,0,0,0,0,1,0,0,0,0,0,0,0
im just happy fans have had a chance to get a better feel of why i was hesitant to make that deal,6479,0,0,0,0,1,0,0,0,0,0,0,0
i was feeling really cute and happy for church on sunday so i thought itd be a good time to take a belly picture,6506,0,0,0,0,1,0,0,0,0,0,0,0
i won t say i m feeling happy but i won t say i m hating life to the max,6526,0,0,0,0,1,0,0,0,0,0,0,0
i feel disillusioned the thing that throws the furthest is that i ever had any happy illusions to begin with,6530,0,0,0,0,1,0,0,0,0,0,0,0
i do in my life is my choice and i cant always be what im expected to be i sulk i moan i nag like every other human being and yes i do this more when im feeling unhappy,6539,0,0,0,0,1,0,0,0,0,0,0,0
i feel like if you are always unhappy you don t have anything anyway,6564,0,0,0,0,1,0,0,0,0,0,0,0
im feeling very festive and enjoying welcoming the advent season in ways i havent for a while,6567,0,0,0,0,1,0,0,0,0,0,0,0
i took a couple cuttings and trimmed back the lanky growth that hadnt filled out part of what made if feel unhappy and i hung it in the window to the left of my kitchen sink,6654,0,0,0,0,1,0,0,0,0,0,0,0
i remember my friend dips telling me that not many ticks survive eggs may hatch but not many will reach adulthood so i m really feeling content with myself,6675,0,0,0,0,1,0,0,0,0,0,0,0
i always feel relaxed and happy there,6676,0,0,0,0,1,0,0,0,0,0,0,0
i feel content with all i accomplished,6693,0,0,0,0,1,0,0,0,0,0,0,0
i will make sure to walk or do yoga everyday for those are the things that make me happy even if i procrastinate about doing them or use them as my excuse for feeling rotten and stressed because i don t have enough time to do them all,6709,0,0,0,0,1,0,0,0,0,0,0,0
i find myself feeling happy more and more and it feels so very good,6757,0,0,0,0,1,0,0,0,0,0,0,0
i wondered if it had anything to do with my imaginings about running into traffic when i am feel distraught but i was not distraught at the time lily i was enjoying my elf,6772,0,0,0,0,1,0,0,0,0,0,0,0
i believe the unhealthy obsession with beauty and constant feelings of discontent young women are experiencing,6775,0,0,0,0,1,0,0,0,0,0,0,0
i feel and i hope you enjoy them and follow along through my troubled life,6836,0,0,0,0,1,0,0,0,0,0,0,0
i stand right now but they should feel reassured that i am taking care of myself and am very happy,6860,0,0,0,0,1,0,0,0,0,0,0,0
i feel that john gribbin is much more clearer in expanation than brain greene the fabric of the cosmos the elegant universe in that he chooses very carefully the scope and depth of his content,6900,0,0,0,0,1,0,0,0,0,0,0,0
i must say that i go through many moments of feeling discontent because of where im at,6912,0,0,0,0,1,0,0,0,0,0,0,0
im really feeling the pressure to provide justin friendly content,6937,0,0,0,0,1,0,0,0,0,0,0,0
i feel like i sabotage my friendships because i am unhappy with myself,6999,0,0,0,0,1,0,0,0,0,0,0,0
i always feel fake when i m happy like it s not the real me,7018,0,0,0,0,1,0,0,0,0,0,0,0
i have ever done and the fact that i had in essence been forced to leave secure paid employment was even scarier but i will never regret doing it as i am truly happy i am inspired and i feel i am in an industry where i am actually respected and that is amazing,7075,0,0,0,0,1,0,0,0,0,0,0,0
i feel pressure or because im troubled or any of that bullshit but simply because i enjoy it,7083,0,0,0,0,1,0,0,0,0,0,0,0
i feel strangely discontent and alienated,7097,0,0,0,0,1,0,0,0,0,0,0,0
i feel like people always say when im rich ill do this or when i get a record deal ill be happy fuck that,7121,0,0,0,0,1,0,0,0,0,0,0,0
i thereafter began to feel that such lay readers were getting something useful even as i maintained my principal approach to target tax professionals and tax students in the content provided,7140,0,0,0,0,1,0,0,0,0,0,0,0
im just trying to enjoy this this letting myself feel something opening up to someone trusting and loving and having faith,7156,0,0,0,0,1,0,0,0,0,0,0,0
i believe that honesty and transparency are vital to feeling accepted and contented how can people truly accept what they cannot understand,7161,0,0,0,0,1,0,0,0,0,0,0,0
i consider impossible as i dread the feeling of rejection but im glad how positive amp happy u seemed after knowing hopefully im not making a mistake on this one,7175,0,0,0,0,1,0,0,0,0,0,0,0
i hadn t forced myself to notice these things i ve been ignoring then i would probably stay stuck in these patterns and eventually feel extremely unhappy,7177,0,0,0,0,1,0,0,0,0,0,0,0
i have more to blog about when im feeling dissatisfied and now that i have a tenure track job i am a lot more happy with life,7290,0,0,0,0,1,0,0,0,0,0,0,0
i am getting good reviews for my first movie and i feel very happy he said,7329,0,0,0,0,1,0,0,0,0,0,0,0
i feel more content now than i have for years knowing chant is dead,7375,0,0,0,0,1,0,0,0,0,0,0,0
i genuinely feel happy when i can be with you lord,7386,0,0,0,0,1,0,0,0,0,0,0,0
i was recently talking with a friend about how i feel reluctant to press the point when i feel like someone is pushing my boundaries even if i end up feeling very uncomfortable and unhappy,7406,0,0,0,0,1,0,0,0,0,0,0,0
i think that the one good thing that comes out of valentines day is the occasion to lavish people with gifts and not feel bashful about it because you can always attribute it to hey its valentines so shut up and take my gift and bring out that shining happy face because i know you want to,7418,0,0,0,0,1,0,0,0,0,0,0,0
im poor jobless without income and technically homeless while stuck in a situation which makes me feel unhappy as my financial situation ever worsens,7445,0,0,0,0,1,0,0,0,0,0,0,0
i am a food blogger i feel i really need to back up in time for a moment and highlight this delicious plate of food i enjoyed friday evening at my summer work picnic,7494,0,0,0,0,1,0,0,0,0,0,0,0
i want to be able to enjoy things and not feel tortured and dissociated all of the time,7542,0,0,0,0,1,0,0,0,0,0,0,0
i feel a gentle but deep curiosity about what makes you happy,7559,0,0,0,0,1,0,0,0,0,0,0,0
i sip it with a deep sense of feeling content,7574,0,0,0,0,1,0,0,0,0,0,0,0
i feel happy inside and out,7607,0,0,0,0,1,0,0,0,0,0,0,0
i feel a little bit envious and iam still waiting for my own little angel to come i am honestly happy for my kuya,7644,0,0,0,0,1,0,0,0,0,0,0,0
i have energy i feel positive about life i am happy,7658,0,0,0,0,1,0,0,0,0,0,0,0
i really enjoy volunteering at pre school and it really makes me feel like i m doing something worthwhile and giving a positive contribution to the community,7672,0,0,0,0,1,0,0,0,0,0,0,0
i feel so happy changmin,7682,0,0,0,0,1,0,0,0,0,0,0,0
i hold and take away and i feel privileged to have enjoyed the last beautiful years there,7786,0,0,0,0,1,0,0,0,0,0,0,0
i will regret but at least now i feel very delighted with my college life and really enjoy it,7906,0,0,0,0,1,0,0,0,0,0,0,0
i feel like hes not really supportive of things i enjoy,7921,0,0,0,0,1,0,0,0,0,0,0,0
i feel blessed and happy but more so on this day i feel content,7939,0,0,0,0,1,0,0,0,0,0,0,0
i feel a little grumpy perhaps because its cold and damp typical british weather or because a client is never at home to pay his fee feeling anxious about tax or simply morning blues to say i have joy in jesus christ would not be well backed up by personal reality would it,7948,0,0,0,0,1,0,0,0,0,0,0,0
i think if you try to lose weight forcibly you will feel pressured so instead maybe it would be better to find something you enjoy more than food,8042,0,0,0,0,1,0,0,0,0,0,0,0
i can feel you moving around in what i feel is a contented i m not leaving sort of way,8050,0,0,0,0,1,0,0,0,0,0,0,0
i want to meet someone who would change my life who would make me feel happy,8060,0,0,0,0,1,0,0,0,0,0,0,0
i feel happy with what i have now i hide my feelings i miss how thing used to be and how i was,8089,0,0,0,0,1,0,0,0,0,0,0,0
i feel i have enough content for multiple blogs or until i am seized with a desire to create multiple blogs this is it and appropriately so,8128,0,0,0,0,1,0,0,0,0,0,0,0
i feel contented with what i do and with what i get,8145,0,0,0,0,1,0,0,0,0,0,0,0
i have taken it for years my body has built a sort of resistance to the drug so i have to take more in order for it to still have the effects needed to calm me down and make me feel happy,8194,0,0,0,0,1,0,0,0,0,0,0,0
i half read the art of field and half think about how amazing it feels to feel so content,8202,0,0,0,0,1,0,0,0,0,0,0,0
i arrived home feeling knackered confused happy and thinking that was the best date i had ever been on,8245,0,0,0,0,1,0,0,0,0,0,0,0
i was a small child at least i remember walking around my old neighborhood feeling desperately unhappy about nothing in particular,8252,0,0,0,0,1,0,0,0,0,0,0,0
i don t dwell on the injuries i feel pretty contented,8256,0,0,0,0,1,0,0,0,0,0,0,0
i often feel burdened with the responsiblity to make others happy or at least do my best to try,8311,0,0,0,0,1,0,0,0,0,0,0,0
i feel joy when i look at these not just a triumphant sense of ownership like i want to jump into all them at once simultaneously,8345,0,0,0,0,1,0,0,0,0,0,0,0
i was feeling thrilled that efa had enjoyed berets and bras another review came in,8368,0,0,0,0,1,0,0,0,0,0,0,0
ive come to feel that working enough to enjoy my free time and having money available in my bank account without constant spreadsheet and tax analysis by me would be different sort of freedom and one that id like to pursue again,8394,0,0,0,0,1,0,0,0,0,0,0,0
i feel so contented and happy,8415,0,0,0,0,1,0,0,0,0,0,0,0
i am telling myself positive stories that make me feel happy energized and powerful to do good in the universe,8473,0,0,0,0,1,0,0,0,0,0,0,0
im feeling happy with my progress because i did min of work lol,8481,0,0,0,0,1,0,0,0,0,0,0,0
i literally cannot express the joy i feel when i pull them out of the oven and smell that sweet apple and sugar smell,8488,0,0,0,0,1,0,0,0,0,0,0,0
i want people to know that despite that i do sometimes feel discouraged and even frustrated my overall feeling is that now that i am collared and owned as a slave im finally achieving some genuine joy in my life,8525,0,0,0,0,1,0,0,0,0,0,0,0
ive been watching so many people in my life feel so unhappy about themselves,8554,0,0,0,0,1,0,0,0,0,0,0,0
i am thankful for being here at this very moment and feeling the cold air in the morning on my cheeks and the sun on my back in the afternoon to curl up at night on our dear comfy bed under our down warm and snugly sweet moments happy thanksgiving,8580,0,0,0,0,1,0,0,0,0,0,0,0
i mean how do you feel don t give me all this stuff about the organization and how happy you are,8609,0,0,0,0,1,0,0,0,0,0,0,0
i was bent over barefoot in the damp dirt feeling stork like and content,8620,0,0,0,0,1,0,0,0,0,0,0,0
i feel quite contented surveying our little farmhouse,8706,0,0,0,0,1,0,0,0,0,0,0,0
i have spent with you reach creeping over me and i feel most jubilant to god and to you that i have enjoyed them for so long,8708,0,0,0,0,1,0,0,0,0,0,0,0
i feel confident in that ratio and i m happy with the results,8717,0,0,0,0,1,0,0,0,0,0,0,0
im feeling very curious bout the content inside lol and i went panic once saw the content,8783,0,0,0,0,1,0,0,0,0,0,0,0
i feel very lucky to be having an enjoyable pregnancy so far,8784,0,0,0,0,1,0,0,0,0,0,0,0
i wish you numerous enjoyable feelings and comparably many unhappy encounters with james blunt on the waffle house stereo system in the coming days,8811,0,0,0,0,1,0,0,0,0,0,0,0
i wish there was resolve in everything so my heart wouldnt feel such discontent,8873,0,0,0,0,1,0,0,0,0,0,0,0
i feel about it mark how one string sweet husband to another strikes each in each by mutual ordering resembling sire and child and happy mother who all in one one pleasing note do sing,8892,0,0,0,0,1,0,0,0,0,0,0,0
i was in the thick of it i could feel my optimistic self wanting to clamp down over the problem and take me off to the beach for a walk itll make you happy it said,8912,0,0,0,0,1,0,0,0,0,0,0,0
i realize i need to work harder on not feeling unhappy about it,8953,0,0,0,0,1,0,0,0,0,0,0,0
i will be enjoying beers that are cheap enough to purchase in change so it doesnt feel like youre using real money surprisingly delicious handmade mojitos and that righteous plate of free cous cous that comes with a whole piece of grilled chicken and steamed vegetables,8972,0,0,0,0,1,0,0,0,0,0,0,0
i enjoy those tasks i occasionally feel resentful about the fact that his interest in cooking begins and ends with putting a frozen veggie burger in the toaster oven,8989,0,0,0,0,1,0,0,0,0,0,0,0
i think hes tired of trying to keep people happy and feeling like he is not respected,8992,0,0,0,0,1,0,0,0,0,0,0,0
i feel that i am discontent detached and disapointed often because my mind prefers continuity before satisfaction,8999,0,0,0,0,1,0,0,0,0,0,0,0
i dont hear from you i feel like this insert gloomy picture but when i get an email from you i feel like this insert happy picture,9042,0,0,0,0,1,0,0,0,0,0,0,0
i can t decide if i want to put so much stock into it so that i go on my own and try to feel some sense of purpose or independence for something i enjoy or if i should admit that i m simply being stubborn and wanting something more than it s worth,9057,0,0,0,0,1,0,0,0,0,0,0,0
i look back on another year i feel more contempt than discontent,9091,0,0,0,0,1,0,0,0,0,0,0,0
im feeling particularly impatient i can still be happy while im waiting for him to come around,9144,0,0,0,0,1,0,0,0,0,0,0,0
i feel so jolly and happy and the last time that i really felt that way was when i was a child,9146,0,0,0,0,1,0,0,0,0,0,0,0
i am where i feel content with myself who i am and what i want out of life,9220,0,0,0,0,1,0,0,0,0,0,0,0
i got to have a little bit of a treat without making myself feel crappy and bonus jaymz and daniel were able to share in the joy of having an ice cream treat that night too without any one of us totally overloading on sugar,9243,0,0,0,0,1,0,0,0,0,0,0,0
i am not feeling jolly and enjoying a beautiful october and lots of other blah blahs,9278,0,0,0,0,1,0,0,0,0,0,0,0
i thought id give the struggle a chance hoping that i would enjoy it a bit more than the first book but i came away feeling utterly disappointed again when it finished,9296,0,0,0,0,1,0,0,0,0,0,0,0
i read anne sexton who makes me feel morose and then i read sylvia plaths journals and that just made me feel so good and happy because i finally enjoyed soemthing this week and then i wrote in my journal and it was worth it to stay up late and be tired tomorrow,9304,0,0,0,0,1,0,0,0,0,0,0,0
i also feel contented and humbled by this experience and will always be thankful for this opportunity,9310,0,0,0,0,1,0,0,0,0,0,0,0
i want my child to be happy and i certainly don t want her to feel punished by being held back from social events,9325,0,0,0,0,1,0,0,0,0,0,0,0
ive been staying busy and totally enjoying myself making to different soaps each week but i feel like i missed last week blogging completely,9337,0,0,0,0,1,0,0,0,0,0,0,0
i mai el oh el corrupted like shit and coming home everyday to feel unhappy,9366,0,0,0,0,1,0,0,0,0,0,0,0
i was told that i had passed the statistics exam i had not expected this so i was very happy,9415,0,0,0,0,1,0,0,0,0,0,0,0
ive been searching for a book that can make me feel content happy and has guidance to a better me,9483,0,0,0,0,1,0,0,0,0,0,0,0
i was suddenly slammed with a feeling of gratitude so strong i cried tears of joy for the entire hour car ride,9587,0,0,0,0,1,0,0,0,0,0,0,0
i thank the students and give a mix of handshakes and high fives and depart feeling the contents of my stomach nicely shaken but not too terribly stirred,9631,0,0,0,0,1,0,0,0,0,0,0,0
i enjoy about maintaining a website on my own is the opportunity to change it when i feel inspired to do so,9637,0,0,0,0,1,0,0,0,0,0,0,0
i get up each day feeling discontent and go to bed just the same,9666,0,0,0,0,1,0,0,0,0,0,0,0
i was really feeling satisfied and happy that night so i went to bed really happy month anniversary and going home for thanksgiving we were going to hang out for lunch but he ended up missing his alarm and not waking up on time lol,9691,0,0,0,0,1,0,0,0,0,0,0,0
i feel a little jealous of how connected they feel and how much they enjoy their bodies,9709,0,0,0,0,1,0,0,0,0,0,0,0
i intend to use those feelings of discontent to fuel my characters personalities in future books,9789,0,0,0,0,1,0,0,0,0,0,0,0
i simply don t have the time to putter in my studio or when i don t feel particularly inspired i can get the positive benefits of creativity by enjoying someone else s creation,9846,0,0,0,0,1,0,0,0,0,0,0,0
i feel unhappy or uncomfortable in my own skin and i pick up my cynicism and wield it as a weapon,9864,0,0,0,0,1,0,0,0,0,0,0,0
i tend to feel that i m in the zone a bit of a beer buzz on and thoroughly enjoying the playful banter of my fellow circle liners but not in any way worse for wear,9874,0,0,0,0,1,0,0,0,0,0,0,0
i feel hopeful about my recovery or am content with how i am taking care of myself,9900,0,0,0,0,1,0,0,0,0,0,0,0
i feel safe pretending to be someone else and enjoy attempting to understand them and i guess when i feel like im beginning to fully understand the character this person who i am portraying i am fed emotionally to a stableness,9904,0,0,0,0,1,0,0,0,0,0,0,0
im feeling unhappy about the way i look the last thing i want to hear is youre beautiful because i dont believe it myself,9938,0,0,0,0,1,0,0,0,0,0,0,0
i try to feel all of those things because there was a time i felt nothing at all and those were the times i was most unhappy,9940,0,0,0,0,1,0,0,0,0,0,0,0
i guess i really do come across as a very negative person who keeps feeling gloomy and unhappy with my life huh,9954,0,0,0,0,1,0,0,0,0,0,0,0
i will enjoy feeling bouncy and hope that what i have done up to now will be enough,10050,0,0,0,0,1,0,0,0,0,0,0,0
i feel like im left with my own standards to judge my writing against and thats unfortunate because it means i could revise something a thousand times and still find something im unhappy with,10101,0,0,0,0,1,0,0,0,0,0,0,0
i was up all night feeling quite discontent and edgy,10108,0,0,0,0,1,0,0,0,0,0,0,0
i really need all this attention to feel this happy,10115,0,0,0,0,1,0,0,0,0,0,0,0
i think my taiko experience so far has been at the root of my feeling dissatisfied and somewhat unhappy lately but theres just something else that i havent been able to explain,10144,0,0,0,0,1,0,0,0,0,0,0,0
i feel a lot of guilt over making others unhappy with all of this,10149,0,0,0,0,1,0,0,0,0,0,0,0
i wasn t unhappy with the feel i think the eco friendly toilet paper is just as sturdy compared with charmin,10161,0,0,0,0,1,0,0,0,0,0,0,0
i just feel happy because i cant stop smiling because this is me this is who i am and writing gives me so much joy i want to burst with pride,10194,0,0,0,0,1,0,0,0,0,0,0,0
i hope you enjoy reading and please feel free to comment,10230,0,0,0,0,1,0,0,0,0,0,0,0
ive been like this for months days and there werent any days i feel happy,10320,0,0,0,0,1,0,0,0,0,0,0,0
i left the whole experience feeling satisfied and happy,10387,0,0,0,0,1,0,0,0,0,0,0,0
i sit here pondering about cracking my knuckles a slight headache from my ap english paper getting advice from my brother about taking drinks from men and to watch them and listening to music i feel contented,10394,0,0,0,0,1,0,0,0,0,0,0,0
i feel that life should be lead simply and be contented with what god had given us instead of being troubled that the wedding reception under the block is not as grand as we wanted it to be,10413,0,0,0,0,1,0,0,0,0,0,0,0
i have spent today feeling horribly unhappy,10440,0,0,0,0,1,0,0,0,0,0,0,0
i enjoy the challenge of perfecting a recipe and the feeling of creating something sweet unique and delicious,10449,0,0,0,0,1,0,0,0,0,0,0,0
i feel that this kind of content is something i can really use and take with me into the classroom,10458,0,0,0,0,1,0,0,0,0,0,0,0
i am feeling sorry myself on a day im supposed to be nothing but happy,10485,0,0,0,0,1,0,0,0,0,0,0,0
i was going to blurt out everything that was related to anger jealousy guilt and sorrow on here but im feeling quite content now after talking to a random on omegle,10512,0,0,0,0,1,0,0,0,0,0,0,0
im not feeling happy i returned from my second ncte and wish all my friends would splurge a bit to feel the energy and connections you can create within this profession,10528,0,0,0,0,1,0,0,0,0,0,0,0
i talk to him i feel happy,10540,0,0,0,0,1,0,0,0,0,0,0,0
ive enjoyed writing the blog and having a chance to share with all of you so much that i am feeling generous and want to celebrate my th visit with the rest of you,10548,0,0,0,0,1,0,0,0,0,0,0,0
i should be happy and feel contented,10556,0,0,0,0,1,0,0,0,0,0,0,0
i grew up i trying to fight that insecurities i tried to be happy and look cheerful as much as possible and at some point of my life i did feel pretty and quite smart,10568,0,0,0,0,1,0,0,0,0,0,0,0
i am very happy today because everything is in my favour today and i am feeling rather blessed,10578,0,0,0,0,1,0,0,0,0,0,0,0
i feel like me uhhhh i feel like me something so precious catches his eyes he takes off the main lights lights some candles putting them in front of her at the table gets his camera and starts clicking her pictures feeling content baby,10628,0,0,0,0,1,0,0,0,0,0,0,0
im so happy i have more energy amp motivation to even put on make up in the mornings now it really boosts my confidence amp make me feel pretty,10663,0,0,0,0,1,0,0,0,0,0,0,0
i see happy families out and about with their children and all i can think of is my kid has diabetes and i cant help but feel jealous of them,10698,0,0,0,0,1,0,0,0,0,0,0,0
ive gotten used to feeling miserable all the time to expecting the worse to assuming that i wont ever get to enjoy things the way other people do,10713,0,0,0,0,1,0,0,0,0,0,0,0
im feeling guilty for not posting here often enough but i must say that i have really enjoyed my free time,10727,0,0,0,0,1,0,0,0,0,0,0,0
im feeling generous because it made my kids happy,10788,0,0,0,0,1,0,0,0,0,0,0,0
i enjoy wearing weaves and extensions i still end up feeling fake,10792,0,0,0,0,1,0,0,0,0,0,0,0
i now have just over two weeks to finish the other things and despite being busy i feel content with the way things are,10794,0,0,0,0,1,0,0,0,0,0,0,0
i mean by this is that i have such a huge feeling of discontent,10820,0,0,0,0,1,0,0,0,0,0,0,0
i feel happy when we are together,10913,0,0,0,0,1,0,0,0,0,0,0,0
i feel privileged to have captured this day of joy and devotion to one another,10947,0,0,0,0,1,0,0,0,0,0,0,0
i would be speaking with the manager as she was not happy with my head down quiet tactic as it made her feel i was not supporting her,11001,0,0,0,0,1,0,0,0,0,0,0,0
i feel poetry allows me to become very creative in my expression and make me happy when i feel down,11070,0,0,0,0,1,0,0,0,0,0,0,0
ive found myself consuming regularly over the past few months i blame arlyn i am very happy to report that i havent actually been feeling that shitty from it,11080,0,0,0,0,1,0,0,0,0,0,0,0
i do know that i must have worn a lot of makeup not because i felt i needed it but because i enjoyed feeling glamorous and all made up,11107,0,0,0,0,1,0,0,0,0,0,0,0
i left our coffee date feeling so appreciative that she fully enjoyed the session but even more grateful for all the amazing moms i have met over the past six months,11171,0,0,0,0,1,0,0,0,0,0,0,0
i mean genuinely appreciate and show him how happy it made you when he did x and that it made you feel y he will want to keep doing things to make you happy,11180,0,0,0,0,1,0,0,0,0,0,0,0
i only ever like the pictures on the days i feel confident and happy,11300,0,0,0,0,1,0,0,0,0,0,0,0
i feel useful there in more ways than one and i so enjoy speaking with the clientele,11348,0,0,0,0,1,0,0,0,0,0,0,0
i replied i don t enjoy doing this lt but perhaps better that we discuss it face to face because i too feel like i ve been royally fucked over,11398,0,0,0,0,1,0,0,0,0,0,0,0
i dont know why but i feel so unhappy with aspects of this picture,11411,0,0,0,0,1,0,0,0,0,0,0,0
i dont enjoy this shit and i dont want to feel heartless,11438,0,0,0,0,1,0,0,0,0,0,0,0
i feel most content and right with the world,11453,0,0,0,0,1,0,0,0,0,0,0,0
i am feeling content,11511,0,0,0,0,1,0,0,0,0,0,0,0
i couldnt help feeling gratitude for the life i enjoy and the people in it even though i missed my wife and son and couldnt share the moment with them,11530,0,0,0,0,1,0,0,0,0,0,0,0
i look into his beady eyes and i think about the joy he would receive from getting any raise regardless of size and i instantly feel ungrateful,11541,0,0,0,0,1,0,0,0,0,0,0,0
i am happy to see myself hurts i have become unselfish i abandoned my feeling heart just for the happiness the happiness that very uncertain,11551,0,0,0,0,1,0,0,0,0,0,0,0
im happy to be done but i feel like im having to guide my brain step by step back into a calm clear state,11556,0,0,0,0,1,0,0,0,0,0,0,0
im happy to spend a little more on bar good cheese its a bag or box if im feeling naughty of macarons,11639,0,0,0,0,1,0,0,0,0,0,0,0
i feel quietly superior about the whole thing and remind myself how many times before ive enjoyed those cookies while barely noticing i was enjoying them,11643,0,0,0,0,1,0,0,0,0,0,0,0
i feel pity on you reading your posts looking how horrible you pretend to be happy and how trying hard you are,11694,0,0,0,0,1,0,0,0,0,0,0,0
i felt like it s because i m thinking too much about some things which is ruining my chance to feel happy especially when i m alone,11705,0,0,0,0,1,0,0,0,0,0,0,0
i asked you laurel snyder and matthew zapruder whether you feel joy or tortured when you write poetry and all three of you sighed and said tortured or some form of torture,11749,0,0,0,0,1,0,0,0,0,0,0,0
i know that this is a waste of time but at least it makes me happy rather than feeling tortured,11752,0,0,0,0,1,0,0,0,0,0,0,0
i want to enjoy life and not feel defective or substandard,11753,0,0,0,0,1,0,0,0,0,0,0,0
i hope youre having a more enjoyable pvp experience than i am but well see how it progresses or if i decide to try a different spec so i feel more useful,11843,0,0,0,0,1,0,0,0,0,0,0,0
i feel bitchy and im full of unhappy emotions now,11851,0,0,0,0,1,0,0,0,0,0,0,0
i sit among it feeling content and peaceful i know that im witnessing what must be one of the most beautiful things on earth,11855,0,0,0,0,1,0,0,0,0,0,0,0
im feeling a little distracted which might explain why i am writing a new post instead of actually clearing my paying work out of the way so i can enjoy the afternoon and unusually tempted by these two soft and squishy little cakes of left over yarn,11857,0,0,0,0,1,0,0,0,0,0,0,0
im not terribly happy about or answers i feel he should have given but didnt or even people who have wronged me and need to be straightened out by god,11871,0,0,0,0,1,0,0,0,0,0,0,0
i am feeling unhappy after hours of his attitude and wondering if there is someone else who can help us,11895,0,0,0,0,1,0,0,0,0,0,0,0
i keep asking myself sometimes saying to me that i really feel proud and happy,11956,0,0,0,0,1,0,0,0,0,0,0,0
i feel very honored to being responsible for such attractive career programs and i m enjoying every second of my workdays,11974,0,0,0,0,1,0,0,0,0,0,0,0
i often refer to us as novelty sized i m able to keep things on the front of house side of the restaurant going smoothly all by my lonesome which i like because i feel like i m an important part of people enjoying their experience there,12029,0,0,0,0,1,0,0,0,0,0,0,0
i feel jealous to those who enjoy their life without thinking about what they dont like,12123,0,0,0,0,1,0,0,0,0,0,0,0
i always feel contented is such a big word,12176,0,0,0,0,1,0,0,0,0,0,0,0
i really feel very proud and happy to have known my group whats yours,12202,0,0,0,0,1,0,0,0,0,0,0,0
im pretty certain that i dont over identify with any of the characters i find myself feeling sympathetic towards and enjoying all of them,12232,0,0,0,0,1,0,0,0,0,0,0,0
i came back to the living room and settled in for a night of football feeling content that our record number of trick or treaters were surely content with their candy and that we probably would not have any more visitors,12251,0,0,0,0,1,0,0,0,0,0,0,0
i have a sweet little orange kitty sitting on my lap and keeping me company so i feel contented and would be purring like him if i could,12260,0,0,0,0,1,0,0,0,0,0,0,0
i had a feeling i would be unhappy,12313,0,0,0,0,1,0,0,0,0,0,0,0
i feel like ive been working on this project forever but im thrilled to say the happy stacker is finished,12315,0,0,0,0,1,0,0,0,0,0,0,0
i feel bad for feeling so happy,12351,0,0,0,0,1,0,0,0,0,0,0,0
i did enjoy feeling like i could just relax with my sweet little bundle amp drift into slumber,12353,0,0,0,0,1,0,0,0,0,0,0,0
i feel valued and have been keeping my superiors happy,12368,0,0,0,0,1,0,0,0,0,0,0,0
i enjoy all of these aspects of my life it is hard at times to not feel completely overwhelmed,12375,0,0,0,0,1,0,0,0,0,0,0,0
i have a feeling that it sounds more like all those people being so dissatisfied so at odds with themselves that they have to emit all that carbon in order to compensate for that discontent,12379,0,0,0,0,1,0,0,0,0,0,0,0
i enjoyed all of these books i didnt feel any of them were rushed and put together quickly,12488,0,0,0,0,1,0,0,0,0,0,0,0
i enjoy being frugal it makes me feel i don t know virtuous,12494,0,0,0,0,1,0,0,0,0,0,0,0
i am going to enjoy the feeling of reaching a goal i wasnt really sure i ever would,12559,0,0,0,0,1,0,0,0,0,0,0,0
i feel bad for enjoying them so much sometimes,12593,0,0,0,0,1,0,0,0,0,0,0,0
im enjoying the work even if i am feeling doubtful about the product with one of these jobs,12653,0,0,0,0,1,0,0,0,0,0,0,0
i feel most content calmed,12666,0,0,0,0,1,0,0,0,0,0,0,0
i feel like if she isnt happy then no one is,12671,0,0,0,0,1,0,0,0,0,0,0,0
im not sure exactly when i wrote it but i know i was feeling like a fake because i wasnt happy and i felt lost but i was pretending i was fine,12685,0,0,0,0,1,0,0,0,0,0,0,0
i managed to give it a very happy feeling mosty by using sweet pink accents polka dot patterns our chipboards and flairs and of course some white circles from the cirle confetti mask a href http,12763,0,0,0,0,1,0,0,0,0,0,0,0
im always happy to do an interview because i feel it helps to allow valuable insight into my work as well as the reasons why i write,12771,0,0,0,0,1,0,0,0,0,0,0,0
im perfectly happy with just being me and accepting my natural body shape as opposed to starving myself to obtain something that isnt natural to my body and its also important for people who are naturally skinny to not feel pressured into putting on weight due to being ridiculed for being slim,12775,0,0,0,0,1,0,0,0,0,0,0,0
i am feeling the discontent,12804,0,0,0,0,1,0,0,0,0,0,0,0
i know how it feels to cry uncontrollably because you are that unhappy with your body,12834,0,0,0,0,1,0,0,0,0,0,0,0
ive teared up several times since i get a whiff of that wonderful horse smell on my clothes which always makes me feel calm and content and then i remember,12839,0,0,0,0,1,0,0,0,0,0,0,0
im wearing lots of makeup and feeling discontent and insecure,12943,0,0,0,0,1,0,0,0,0,0,0,0
i even if she recollections the quondam even if she that touch of grief we can feel her in the enjoyment of such a sorrowful a href http www,12949,0,0,0,0,1,0,0,0,0,0,0,0
i feel like while other girls are looking gorgeous and enjoying their early years im fat and frumpy and invisible,12994,0,0,0,0,1,0,0,0,0,0,0,0
im sure some of you will shake your heads at my constant whining about the feelings of discontent,13022,0,0,0,0,1,0,0,0,0,0,0,0
i turn the story toward something that feels happy or clappy or sweet,13082,0,0,0,0,1,0,0,0,0,0,0,0
i feel like everyone unhappy,13103,0,0,0,0,1,0,0,0,0,0,0,0
i can tell you that every time this happens i leave a clients house feeling respected appreciated and flat out happy,13146,0,0,0,0,1,0,0,0,0,0,0,0
i feel like my work has been in vain because my boss is happy to see me leave the job i ve spent my life doing but i know how well i ve performed my duties and how high the obstacles were that could have stopped me but didn t,13149,0,0,0,0,1,0,0,0,0,0,0,0
i figured out a new person s comment i would give myself a grin with every new subscriber to my blog i would feel contented,13176,0,0,0,0,1,0,0,0,0,0,0,0
i admitted silently in the darkness that pain and a stuffy nose and unremembered bad dreams could easily result in waking with a feeling of discontent and sorrow,13200,0,0,0,0,1,0,0,0,0,0,0,0
i am happy that i am not laying in bed feeling lethargic and missing out on life,13208,0,0,0,0,1,0,0,0,0,0,0,0
i hope youre feeling ok well i wanna wish you happy birthday and i hope that all your dreams come true,13280,0,0,0,0,1,0,0,0,0,0,0,0
i feel like an ungrateful jerk for not being happy but the pressure to be happy eats away at any chance i might have and im not alone anymore either,13284,0,0,0,0,1,0,0,0,0,0,0,0
i dont know im not any better or anything that i have been and if i actually think about stuff i feel extremely discontent,13289,0,0,0,0,1,0,0,0,0,0,0,0
i know you feel unhappy im always like this,13337,0,0,0,0,1,0,0,0,0,0,0,0
i certainly came out feeling relaxed and like i d had an enjoyable afternoon,13394,0,0,0,0,1,0,0,0,0,0,0,0
i have frequent erections the erotic feeling that once encompassed most of my time gave way for happiness i would literally feel discontent in my heart when i watched a woman or thought of one,13402,0,0,0,0,1,0,0,0,0,0,0,0
i am feeling so happy that i got to do some crafting,13410,0,0,0,0,1,0,0,0,0,0,0,0
i am very happy to be here in anc and am feeling that i might be training next transfer hopefully it will be the sweet sister hedelius from manti ut,13441,0,0,0,0,1,0,0,0,0,0,0,0
i didnt feel unhappy,13464,0,0,0,0,1,0,0,0,0,0,0,0
i see him and yet i still suck it up and do it anyway because seeing him makes me feel content yet foolish,13545,0,0,0,0,1,0,0,0,0,0,0,0
i made it and enjoyed most of my run but now i m feeling greedy,13618,0,0,0,0,1,0,0,0,0,0,0,0
im so happy its finally over its hard for me to feel as compassionate as i should,13666,0,0,0,0,1,0,0,0,0,0,0,0
i feel unhappy and a bit insecure,13685,0,0,0,0,1,0,0,0,0,0,0,0
i will say though that i have noticed myself feeling a sense of discontent lately,13709,0,0,0,0,1,0,0,0,0,0,0,0
i always feel really good and happy and glad to be married and be in utah at uvu in the house im in,13719,0,0,0,0,1,0,0,0,0,0,0,0
i didn t feel all that much guilt but my liver probably wasn t too happy with it all the same,13740,0,0,0,0,1,0,0,0,0,0,0,0
i enjoy watching this show because it makes me feel like i m part of a glamorous group,13749,0,0,0,0,1,0,0,0,0,0,0,0
i get a slightly queasy feeling when reading a romantic plot even if im not fully enjoying it,13810,0,0,0,0,1,0,0,0,0,0,0,0
i remember feeling utterly content as i stood in an impossibly long line outside the towson theater with bob burgess to see a saturday afternoon screening of star wars,13818,0,0,0,0,1,0,0,0,0,0,0,0
i was happy to have midnight with those that i did and i feel the hugs were sincere and honest,13830,0,0,0,0,1,0,0,0,0,0,0,0
i feel contented knowing that i ve settled quite a few things today,13946,0,0,0,0,1,0,0,0,0,0,0,0
i died at this moment while i am typing crazily which is scaring me but i might feel happy about it for the fact that it is not what normally delights me,13969,0,0,0,0,1,0,0,0,0,0,0,0
i feel uncertain about the future with her i just remind myself to enjoy her in the stage she is in now just enjoy her being a baby,13997,0,0,0,0,1,0,0,0,0,0,0,0
i feel like me finding all these stupids things to bother you is making unhappy,14014,0,0,0,0,1,0,0,0,0,0,0,0
i have nothing against those who feel to disagree with me everyone s comment is respected and im happy that we re trying to exercise the art of argumentation a href http www,14086,0,0,0,0,1,0,0,0,0,0,0,0
i feel that there needs to be more variety in hallyu content now that concerts have already built a foundation for itself,14088,0,0,0,0,1,0,0,0,0,0,0,0
i happy did i feel we had enough money to provide the kids was my spouse supportive,14160,0,0,0,0,1,0,0,0,0,0,0,0
i am in the current state of mind that determines that each post much have content and direction and body but sometimes i feel like posting cute pictures of my pets,14192,0,0,0,0,1,0,0,0,0,0,0,0
i feel really really contented,14252,0,0,0,0,1,0,0,0,0,0,0,0
i wish to see myself admit and feel contented with my post excitement phase of life,14253,0,0,0,0,1,0,0,0,0,0,0,0
ive been somewhat unhappy in all areas of my life feeling very unsuccessful and unmotivated but not really doing anything about it because it seems overwhelming and i dont know where to start,14254,0,0,0,0,1,0,0,0,0,0,0,0
i didnt mean to forget and even though i feel very remorseful and everything i still refuse to say the the day you go to work and earn money will be the day that thing because its not true d tomorrow is sli oh joy,14265,0,0,0,0,1,0,0,0,0,0,0,0
i see him i feel contented,14268,0,0,0,0,1,0,0,0,0,0,0,0
i never felt like i was absolutely contented and glad it was over and that it actually happened which i did feel after the friendly fires show,14279,0,0,0,0,1,0,0,0,0,0,0,0
i feel i dont deserve anything but pain that would be slightly mellow dramatic but i think there is a certain level of comfort in being unhappy,14280,0,0,0,0,1,0,0,0,0,0,0,0
i do not enjoy this feeling but i find i ve become complacent in the emptiness,14296,0,0,0,0,1,0,0,0,0,0,0,0
im anxious instead of enjoying nature i get as uptight about it as about say my work which im feeling very uptight about right now,14318,0,0,0,0,1,0,0,0,0,0,0,0
i feel less happy less of how i was i m much more introverted,14333,0,0,0,0,1,0,0,0,0,0,0,0
i dont know i have this one feeling that i feel isolated on twitter well nobody were isolating me i just felt like among those who were having convos together im the only one who keep talking about how i am happy the drama ive been following was updating their new episode,14347,0,0,0,0,1,0,0,0,0,0,0,0
i enjoy this one so much so that every once in a while i feel strange that i get paid for what i like doing,14370,0,0,0,0,1,0,0,0,0,0,0,0
i wish everyone is feeling happy today with their families and friends,14382,0,0,0,0,1,0,0,0,0,0,0,0
i feel our outcome for this was quite successful and i really enjoyed all of the animation styles we got explore throughout the project,14453,0,0,0,0,1,0,0,0,0,0,0,0
i feel happy to be named the best player in kenya it means that i have been improving,14481,0,0,0,0,1,0,0,0,0,0,0,0
i feel content if the laundry doesn t get done or the dirty dishes don t get cleaned,14503,0,0,0,0,1,0,0,0,0,0,0,0
i am not talking about having a different opinion and writing about why you feel differently linking to the source but just re writing a popular blogger s content is a sure fire way to failure,14574,0,0,0,0,1,0,0,0,0,0,0,0
i am happy to report that after four days of feeling crappy that i am finally feeling like myself,14601,0,0,0,0,1,0,0,0,0,0,0,0
i just feel so glad that this work makes me so dang happy,14688,0,0,0,0,1,0,0,0,0,0,0,0
im really happy for them i feel like im just doomed to fail at this so why bother,14691,0,0,0,0,1,0,0,0,0,0,0,0
i hope you enjoy and do not feel offended,14832,0,0,0,0,1,0,0,0,0,0,0,0
i feel like many of us see the five game losing streak and become paranoid that it s business as usual for a team that hasn t enjoyed any postseason invites since the kg sprewell cassell era,14834,0,0,0,0,1,0,0,0,0,0,0,0
i feel honoured and happy its going our way i want to thank the players and the fans and some of the media,14946,0,0,0,0,1,0,0,0,0,0,0,0
i feel we need to face it we ve each been complacent there s no point tryin a save it and boy lets not deny it we haven t been trying via with all the crying chorus our time has been operating out and ain t no way to catch it now just say goodbye and walk it out was i difficult to enjoy,14953,0,0,0,0,1,0,0,0,0,0,0,0
i am mostly feeling contentedly terrified about it all,14957,0,0,0,0,1,0,0,0,0,0,0,0
i know that the novels you describe are popular but again i don t think all women enjoy them or feel the need to be ravished at least not in the violent way you describe,14959,0,0,0,0,1,0,0,0,0,0,0,0
im feeling rather nostalgic for the days when hed be happy sitting on that blanket playing with his toys,14999,0,0,0,0,1,0,0,0,0,0,0,0
i quietly rejoiced inside continuing to listen but feeling distracted by my joy,15054,0,0,0,0,1,0,0,0,0,0,0,0
i carefully word all of my blog posts the amount of criticism i hear about the place coming from saudis and non saudis goes to show that there is a feeling of discontent in a lot of areas directed towards very specific people and there have never been any swat teams charging in on our conversations,15066,0,0,0,0,1,0,0,0,0,0,0,0
i can stare at her picture all day and just feel contented,15096,0,0,0,0,1,0,0,0,0,0,0,0
i feel quite content now even period cramps can t ruin this hours ago,15196,0,0,0,0,1,0,0,0,0,0,0,0
i feel so blessed to have memories of them being healthy happy and enjoying their life together,15211,0,0,0,0,1,0,0,0,0,0,0,0
i felt happy to see someone familiar although clearly i was well on my way to feeling most unhappy,15246,0,0,0,0,1,0,0,0,0,0,0,0
i enjoy the challenge and feel amazing when i make a connection with my students,15332,0,0,0,0,1,0,0,0,0,0,0,0
i am feeling brighter and more energetic today with lots of joy in life it chucked it down today and i did not care no grey day for me today,15377,0,0,0,0,1,0,0,0,0,0,0,0
i remember that trapped feeling and i m so thankful for the freedom to work outside if i want to or delay my work for a few hours just to enjoy the beautiful sunshine,15442,0,0,0,0,1,0,0,0,0,0,0,0
i think i m feeling positive because i had a little sliver of abundance in my finances that allowed me to reduce debt not shatteringly so but just enough to make me feel happy,15507,0,0,0,0,1,0,0,0,0,0,0,0
i told my friend that if i didnt have to think of my future and how i would need to be responsible of my own survivability id probably been taking courses that make me feel happy,15552,0,0,0,0,1,0,0,0,0,0,0,0
ive been thinking and for some reason i feel the need to share the contents of my dare i say troubled mind with the rest of the world,15578,0,0,0,0,1,0,0,0,0,0,0,0
i have begun praying and will continue to pray for him to reveal little or big things in my life that are making me feel discontent,15650,0,0,0,0,1,0,0,0,0,0,0,0
i was becoming so nit picky about every little thing i put in my body that i started to feel unhappy,15651,0,0,0,0,1,0,0,0,0,0,0,0
i am not doing well i feel unhappy,15663,0,0,0,0,1,0,0,0,0,0,0,0
i enjoy things i feel passionate about things that have made me feel elated and optimistic etc,15676,0,0,0,0,1,0,0,0,0,0,0,0
i need to while im feeling energetic then i will enjoy the sweet sleep of she who works hard,15686,0,0,0,0,1,0,0,0,0,0,0,0
i really feel happy for him,15709,0,0,0,0,1,0,0,0,0,0,0,0
i don t feel content am absolutely restless most of the time and i certainly do feel ambitious too at times,15735,0,0,0,0,1,0,0,0,0,0,0,0
i want to feel worthwhile and enjoyable,15760,0,0,0,0,1,0,0,0,0,0,0,0
i feel happy and sorry because when i perform the song they,15823,0,0,0,0,1,0,0,0,0,0,0,0
i actually feel content with just being me,15824,0,0,0,0,1,0,0,0,0,0,0,0
i feel a lot frustrated to get this over but nothing could really stop me from feeling this horrible thing in my life even myself couldnt start to make myself happy again,15841,0,0,0,0,1,0,0,0,0,0,0,0
i felt joy when i heard that i was accepted for the free university in driebergen,15892,0,0,0,0,1,0,0,0,0,0,0,0
i feel foolish and happy as soon as i let myself think of you,16004,0,0,0,0,1,0,0,0,0,0,0,0
i guess he feels my discontent,16053,0,0,0,0,1,0,0,0,0,0,0,0
i just feel so unhappy,16060,0,0,0,0,1,0,0,0,0,0,0,0
i know i should feel contented that we have made up after all the turmoil,16067,0,0,0,0,1,0,0,0,0,0,0,0
i feel greedy to have all the traditions and joy and laughter that there is to give her,16141,0,0,0,0,1,0,0,0,0,0,0,0
i am feeling very contented with life at the moment hopefully it lasts,16158,0,0,0,0,1,0,0,0,0,0,0,0
i feel irritated at the early onset of the holiday marketing push can we just enjoy october before looking at christmas trees,16175,0,0,0,0,1,0,0,0,0,0,0,0
i knew id end up hiding how i truly feel and just do the dumb things i did and just hide behinde partying and just forcing myself to be happy and not dealing with things head on,16325,0,0,0,0,1,0,0,0,0,0,0,0
i feel that is the problem with life we take offense because were jealous of other people and unhappy with ourselves,16335,0,0,0,0,1,0,0,0,0,0,0,0
i have short bursts where i do manage it and then i feel really pleased with myself especially if i get up at am enjoy the relative quiet of the world and make my heart work and then after showering and eating porridge i still have the rest of the morning to get on with work,16375,0,0,0,0,1,0,0,0,0,0,0,0
i couldn t help feeling unhappy and upset about leaving home without celebrating tihar nepal s second biggest festival,16405,0,0,0,0,1,0,0,0,0,0,0,0
i was feeling super happy when i met him i dont know why haha,16434,0,0,0,0,1,0,0,0,0,0,0,0
i feel very content with my closet as is now,16437,0,0,0,0,1,0,0,0,0,0,0,0
i giggle myself to sleep happy to have met some nice people and happy to be feeling safe by b,16472,0,0,0,0,1,0,0,0,0,0,0,0
im just assuming its that i feel contented,16505,0,0,0,0,1,0,0,0,0,0,0,0
i see and feel that she is content,16515,0,0,0,0,1,0,0,0,0,0,0,0
i feel that you are being petty we really enjoy your company when you actually dont,16562,0,0,0,0,1,0,0,0,0,0,0,0
i enjoy writing it with micro specialties in travel and food if i feel like writing about the idiotic buzzwords i hear in meetings i can,16634,0,0,0,0,1,0,0,0,0,0,0,0
i seriously hate one subject to death but now i feel reluctant to drop it,0,0,0,0,0,0,1,0,0,0,0,0,0
i feel like they hated me since then,15,0,0,0,0,0,1,0,0,0,0,0,0
i always feel i always understand that the people who are being the most hateful and harmful towards me are hurting themselves and taught wrongly and i hurt for them because i want to go back and undo the pain and childhood bigotry that binds their lives into this path,200,0,0,0,0,0,1,0,0,0,0,0,0
i dont hate you i just honestly feel so bitter towards you atm,215,0,0,0,0,0,1,0,0,0,0,0,0
i sometimes feel hated but i am not it is all in my head,217,0,0,0,0,0,1,0,0,0,0,0,0
i hate seeing those red windows even more as what i feel inside resonates with the cold uncaring world i know exists behind them making me even more aware of this pain inside of me,273,0,0,0,0,0,1,0,0,0,0,0,0
i used to feel as if i would be hated and whatever so i kept quiet about god,332,0,0,0,0,0,1,0,0,0,0,0,0
i feel so hated and useless sometimes i even ask myself why havent i killed myself yet,390,0,0,0,0,0,1,0,0,0,0,0,0
i just feel left out hated extra,471,0,0,0,0,0,1,0,0,0,0,0,0
i am feeling hostile enough that i even hate jim right now,483,0,0,0,0,0,1,0,0,0,0,0,0
i feel like my very own very little barbie doll i get to decorate myself up i hated heels before but thats all i wear now,538,0,0,0,0,0,1,0,0,0,0,0,0
i hate feeling so indecisive about things because i keep my emotions under lock and key,552,0,0,0,0,0,1,0,0,0,0,0,0
i hate that feeling when im about to do something then i get scared and almost turn around and walk away,589,0,0,0,0,0,1,0,0,0,0,0,0
i hate feeling that im so indecisive,603,0,0,0,0,0,1,0,0,0,0,0,0
i could barely leave the house and i was feeling a lot of isolation and i hated the lack of control i had over my own life because everyone else i knew was moving on with theirs,610,0,0,0,0,0,1,0,0,0,0,0,0
i have really come up against some intense struggles since moving in here and i have to say i am very proud at the way we are giving each other the respect to feel however we need to feel mad stressed whatever and yet we still pull together to fix the issue,635,0,0,0,0,0,1,0,0,0,0,0,0
i feel i hate him like i have never ever hated anyone like that but i cant stop looking at his existing symbol,639,0,0,0,0,0,1,0,0,0,0,0,0
i hate to feel threatened totally,706,0,0,0,0,0,1,0,0,0,0,0,0
i hate that feeling and its making me antsy and irritable,785,0,0,0,0,0,1,0,0,0,0,0,0
i hate these feelings of not being complacent,921,0,0,0,0,0,1,0,0,0,0,0,0
i hate feeling pressured into having to carry on conversations because if i didnt it would just end up with the two of us breathing at each other until our receivers got all steamy,1030,0,0,0,0,0,1,0,0,0,0,0,0
i hate being so hungry and weak that i feel stubborn and dont want to do anything productive,1032,0,0,0,0,0,1,0,0,0,0,0,0
i hate feeling like this im always getting mad for no reason feeling lonely,1034,0,0,0,0,0,1,0,0,0,0,0,0
i thought i would very sweetly cover over what i was really feeling and say something pleasant about all the bad things he had done whatever they were,1041,0,0,0,0,0,1,0,0,0,0,0,0
i feel like i am kinda being bitchy to alot of people but whatever,1044,0,0,0,0,0,1,0,0,0,0,0,0
im feeling annoyed to add on i dont feel important or whatever shit anymore,1178,0,0,0,0,0,1,0,0,0,0,0,0
im not enjoying winter hate feeling cold and having to dress in so many layers,1206,0,0,0,0,0,1,0,0,0,0,0,0
i feel pressured when people say im going t beat you or whatever,1260,0,0,0,0,0,1,0,0,0,0,0,0
i hate the way mom and dad are to her i hate the neglect of her feelings and her needs as an intelligent child that are rampant in their parenting style,1291,0,0,0,0,0,1,0,0,0,0,0,0
i just wish i didnt feel like my roommates hated me half the time,1338,0,0,0,0,0,1,0,0,0,0,0,0
i still did not really feel like myself and i kind of hated these pictures but i am soooo glad we took them,1355,0,0,0,0,0,1,0,0,0,0,0,0
i feel hated and isolated but it doesn t hurt,1379,0,0,0,0,0,1,0,0,0,0,0,0
i always got the feeling she hated me,1393,0,0,0,0,0,1,0,0,0,0,0,0
i feel hated by jim martin s,1417,0,0,0,0,0,1,0,0,0,0,0,0
i feel pretty mellow so far about whatever healing wounding process may be getting underway,1442,0,0,0,0,0,1,0,0,0,0,0,0
i feel so uptight about it because i know you hate it and are constantly trying to catch glimpses of the tv in the window and listen to it,1460,0,0,0,0,0,1,0,0,0,0,0,0
i feel like the most hated person on the planet for turning brendon down,1467,0,0,0,0,0,1,0,0,0,0,0,0
i feel friendly when i hate you,1474,0,0,0,0,0,1,0,0,0,0,0,0
i lived her life without the feeling of acceptance she felt as though trouble and misery followed her everywhere she went and that everyone hated her because of it,1544,0,0,0,0,0,1,0,0,0,0,0,0
i wish that my family and i didnt feel this need to keep her constantly entertained when shes around because shes always bored out of her mind irregardless of what we do with her and doesnt remotely appreciate our efforts to tolerate everything about her but whatever,1722,0,0,0,0,0,1,0,0,0,0,0,0
i ate feeling hateful towards myself because of a number,1807,0,0,0,0,0,1,0,0,0,0,0,0
i sort of hate glasses because they make my eyes look small and since huge eyes is all i have going for me it was quite an upset but im hoping these bigger frames will make me feel less paranoid,1824,0,0,0,0,0,1,0,0,0,0,0,0
i could ingrain in my mind all my feelings all my experiences reading it so if i hated everything that happened in the next book i could just go back to the first and pretend nothing ever happened past it,1860,0,0,0,0,0,1,0,0,0,0,0,0
i hate feeling so fucked up all the time because of this,1870,0,0,0,0,0,1,0,0,0,0,0,0
i go to the church service not youth i feel like im hated and i know im not the only one,1872,0,0,0,0,0,1,0,0,0,0,0,0
i feel a bit insulted by that as i am nothing like other women i bloody hate them and their incessant bitching in general over bloody nothing most of the time,1875,0,0,0,0,0,1,0,0,0,0,0,0
i really hate this feeling when you really give so much damn about someone but really all that person show you is just simply like they cant be bothered with you,1888,0,0,0,0,0,1,0,0,0,0,0,0
i hate getting behind because then i feel pressured to get it all back up to date so i can move on to other projects,1891,0,0,0,0,0,1,0,0,0,0,0,0
i got the feeling she hated that that i would not admit it let it in i know ive hated every single obstacle that kept it from her every single leaden block that kept being placed in our once clear path to one anothers arms,2064,0,0,0,0,0,1,0,0,0,0,0,0
i feel hateful of myself for being alone,2101,0,0,0,0,0,1,0,0,0,0,0,0
i just cant seem to hold myself back when it comes to feeling i wish i could be heartless if just to keep the pain away sigh whatever here i am being fucking emo all over my live journal,2214,0,0,0,0,0,1,0,0,0,0,0,0
i feel like there are people out there on the internet that have issues with my online friends and then expect me to be hateful or mean to them as well,2230,0,0,0,0,0,1,0,0,0,0,0,0
i do feel like less of a person when i constantly hear family members use hateful language every time anything even remotely related to homosexuality comes up,2258,0,0,0,0,0,1,0,0,0,0,0,0
im feeling a little smug too im usually running late for whatever im planning to d,2325,0,0,0,0,0,1,0,0,0,0,0,0
i hate talking about presents because i feel greedy,2446,0,0,0,0,0,1,0,0,0,0,0,0
im just not feeling it at all id much rather stay in singapore and spend time with my friends i hate everyone and sara is being really bitchy right now div style clearboth padding bottom,2479,0,0,0,0,0,1,0,0,0,0,0,0
i hate the expectation that i must need a man in my life to feel worthwhile or valued,2481,0,0,0,0,0,1,0,0,0,0,0,0
i hate feeling bitter,2494,0,0,0,0,0,1,0,0,0,0,0,0
i truly feel but its somehow not enough for me to hate him or to get mad,2528,0,0,0,0,0,1,0,0,0,0,0,0
i loathe it as a gamer said molyneux adding that it just makes me feel insulted,2569,0,0,0,0,0,1,0,0,0,0,0,0
i never thought id feel so much as a jot of sympathy for hussein whom i always viewed as a jumped up petty thug whatever my thoughts may be about actions against his administration,2682,0,0,0,0,0,1,0,0,0,0,0,0
i feel i cant talk move sometimes even breath with the fear of some kind of rude hateful comment,2755,0,0,0,0,0,1,0,0,0,0,0,0
im sure that each person has their own complex set of reasons for leaving and chalking it up to one reason or feeling like because they all hated academia is probably a little too simple,2898,0,0,0,0,0,1,0,0,0,0,0,0
i feel like im more hated than celebrated and i cant wait till the day i can say i made it,2968,0,0,0,0,0,1,0,0,0,0,0,0
i really hate that feeling when youre unsure about something,2994,0,0,0,0,0,1,0,0,0,0,0,0
i feel the eyes on me the hateful eyes on the other side of the glass that belong to the family members of my beautiful victims,3086,0,0,0,0,0,1,0,0,0,0,0,0
i hate feeling indecisive because im being negative right now and i dont know what i want,3123,0,0,0,0,0,1,0,0,0,0,0,0
i feel like the legality of our marriage is in tatters thanks to all the hateful lies and messaging from the prop campaign,3194,0,0,0,0,0,1,0,0,0,0,0,0
i thought breaking up with my best friend of years would make me bitter and feel hateful towards her,3245,0,0,0,0,0,1,0,0,0,0,0,0
i was in i could feel him and i hated the drawn tight feeling i had,3274,0,0,0,0,0,1,0,0,0,0,0,0
i feel sexually threatened because some guys can be assholes fuck you of course im going to be a bitch and do whatever i need to do to get my ass out of the situation,3310,0,0,0,0,0,1,0,0,0,0,0,0
i am hating myself at the moment because i feel so hateful to another person,3349,0,0,0,0,0,1,0,0,0,0,0,0
i loathe stuffed animals they make me feel a bit violent and i have been known to punch them,3496,0,0,0,0,0,1,0,0,0,0,0,0
i will usually tell him that i was feeling frustrated for whatever reason and ask him to help me fix it,3506,0,0,0,0,0,1,0,0,0,0,0,0
i say that i feel like im hated,3529,0,0,0,0,0,1,0,0,0,0,0,0
i must ask if my column makes you feel so hateful why do you keep logging on,3536,0,0,0,0,0,1,0,0,0,0,0,0
i was starting to feel scared for both of their safety and i wish those officers hadn t left no matter how much i hated them,3539,0,0,0,0,0,1,0,0,0,0,0,0
id gotten the feeling that her friend hated me deeply for whatever id done to her,3553,0,0,0,0,0,1,0,0,0,0,0,0
i can literally feel a hateful glare directed at me,3561,0,0,0,0,0,1,0,0,0,0,0,0
i would also hate for you to feel i was selfish in my decision,3646,0,0,0,0,0,1,0,0,0,0,0,0
i realised something was wrong when i started to feel everyone hated me and was saying things about me and only wanted to talk to me because they pitied me,3665,0,0,0,0,0,1,0,0,0,0,0,0
i feel those feelings coming back all those hateful jealous paranoid feelings that used to torture me relentlessly,3706,0,0,0,0,0,1,0,0,0,0,0,0
i feel hated i feel like i dont belong and more and more i feel that i want to die,3785,0,0,0,0,0,1,0,0,0,0,0,0
i hate it i am feeling bothered by my boob size,3880,0,0,0,0,0,1,0,0,0,0,0,0
i haven t done it in a couple years and now i feel like i m at a place where i hated it when i was doing it but i wish i could do it again,3895,0,0,0,0,0,1,0,0,0,0,0,0
i feel really vulnerable with him i tell him too much im too honest and i hate it,3941,0,0,0,0,0,1,0,0,0,0,0,0
i will go to my mailbox and talk to the mailman then the grocery clerk etc but no matter how small the step or how limited the risk a complete and total willingness to experience whatever thoughts feelings and sensations emerge is important,3954,0,0,0,0,0,1,0,0,0,0,0,0
im feeling really hateful and disgruntled about my job but i sure hope i dont lose it for being late,3966,0,0,0,0,0,1,0,0,0,0,0,0
i feel like kierkegaard a hated and lonely philosopher,4102,0,0,0,0,0,1,0,0,0,0,0,0
i would hate to be bit imagine if the secretary is feeling irritable that day eh,4122,0,0,0,0,0,1,0,0,0,0,0,0
i feel somewhat frightened by the number of policemen that arrived but told them they may come inside and search for whatever they need to,4139,0,0,0,0,0,1,0,0,0,0,0,0
i definitely felt scared which made me feel vulnerable and i hated that,4146,0,0,0,0,0,1,0,0,0,0,0,0
i also hate feeling aggravated when i dont know how i am supposed to eat because when i feel that way i often sound that way,4166,0,0,0,0,0,1,0,0,0,0,0,0
i feel indecisive about baker although my room is the smallest double it still seems big but i hate how loud the guys across the hall are,4257,0,0,0,0,0,1,0,0,0,0,0,0
i didn t wish to be the president i hardly know these people and i got the feeling that they hated me for being quiet and not smiling,4260,0,0,0,0,0,1,0,0,0,0,0,0
i feel i had to make as a hateful bastard is too stupid to make any assumed connections that are not themselves hateful,4310,0,0,0,0,0,1,0,0,0,0,0,0
i realised i only hate people because i feel threatened by them,4359,0,0,0,0,0,1,0,0,0,0,0,0
i feel like im a hateful person sometimes,4371,0,0,0,0,0,1,0,0,0,0,0,0
im feeling less hateful of fandom,4400,0,0,0,0,0,1,0,0,0,0,0,0
i just couldnt shake the feeling that he is being left out somehow and i sort of hated that i had done this to him,4421,0,0,0,0,0,1,0,0,0,0,0,0
i was feeling pretty hateful towards my refrigerator as i cleaned it,4468,0,0,0,0,0,1,0,0,0,0,0,0
i detest feeling uncertain,4479,0,0,0,0,0,1,0,0,0,0,0,0
i feel hateful sometimes,4511,0,0,0,0,0,1,0,0,0,0,0,0
i understand but i feel like i hated my friends,4538,0,0,0,0,0,1,0,0,0,0,0,0
i feel like i should be hated and that everything that has happened to me is what i deserve,4582,0,0,0,0,0,1,0,0,0,0,0,0
i got the feeling that the person on the other end hated me,4608,0,0,0,0,0,1,0,0,0,0,0,0
i feel hateful of everything suddenly,4613,0,0,0,0,0,1,0,0,0,0,0,0
im sure its because when i am lost i feel like everyone is being hostile toward me and i hate that feeling,4742,0,0,0,0,0,1,0,0,0,0,0,0
ive heard it so many times already im already feeling skeptical of whatever they say,4746,0,0,0,0,0,1,0,0,0,0,0,0
i know i can do it and in fact that i will but i feel terrified that the stories won t be as good as they could be and that any readers that i can actually convince to buy the book will read it and hate it and never want to read anything by me again,4754,0,0,0,0,0,1,0,0,0,0,0,0
i was feeling pretty grumpy at this point but for whatever reason seeing this flower made me very happy,4791,0,0,0,0,0,1,0,0,0,0,0,0
i almost feel hated by everyone,4900,0,0,0,0,0,1,0,0,0,0,0,0
i established a rule with my comp that we don t end planning session at the end of the day until we resolve all conflicts or any feelings of anger or anything that bothered one of us to each other and fix whatever it was,4949,0,0,0,0,0,1,0,0,0,0,0,0
i got a feeling that the hateful talk in the work place wore thin and they kept her around only for what they absolutely needed her to cover,4957,0,0,0,0,0,1,0,0,0,0,0,0
i feel hated but i don t care,4993,0,0,0,0,0,1,0,0,0,0,0,0
i feel especially strongly about this since i have hated my teeth forever i was one of the unlucky ones who got bad genetics and an even worst orthodontist and pediatric dentist,4996,0,0,0,0,0,1,0,0,0,0,0,0
i hate to interrupt you but the truth is i m feeling uncomfortable,5077,0,0,0,0,0,1,0,0,0,0,0,0
i can t hate too much because i feel like she s looking pretty damn flawless in these pics,5117,0,0,0,0,0,1,0,0,0,0,0,0
i dont show my insecurity in my persona if not i might come off as a mad bitch whod practically hated on everyone just because shes feeling insecured and being too overly paranoid,5123,0,0,0,0,0,1,0,0,0,0,0,0
i mostly feel this as a cause of hateful memories of that girl who used to run the everchanging sailormoon gateway who i think is still making a name for herself by being stupid and mean,5170,0,0,0,0,0,1,0,0,0,0,0,0
i hate all shopping when i feel rushed by hoards of people,5298,0,0,0,0,0,1,0,0,0,0,0,0
i need to take my own advice and the advice of many many writers who i admire get the butt in the chair every day even if youre feeling distracted or stressed or whatever,5348,0,0,0,0,0,1,0,0,0,0,0,0
i hate asking myself why i feel so reluctant when he tries to kiss me,5381,0,0,0,0,0,1,0,0,0,0,0,0
i felt out of control i hated myself for feeling it then felt more out of control hated myself for hating that i hated it and it just got worse until i was walking to work in a haze trying to not curl up on the pavement and just,5407,0,0,0,0,0,1,0,0,0,0,0,0
i feel so resentful and hateful and downright furious about this,5434,0,0,0,0,0,1,0,0,0,0,0,0
i feel like i need to be some tortured soul in order to create words or whatever,5448,0,0,0,0,0,1,0,0,0,0,0,0
i hate how helpless they make me feel so i get stubborn i stop taking them and im fine until im not but by then im so stubborn i cant make myself start up again until i have a really bad episode and scare myself into taking them and then the cycle starts back all over again,5504,0,0,0,0,0,1,0,0,0,0,0,0
i am left feeling like the greedy bastard and i hate it,5563,0,0,0,0,0,1,0,0,0,0,0,0
i really thought i was because i liked what i was feeling when in all actuality i hated his personality,5626,0,0,0,0,0,1,0,0,0,0,0,0
i was years old at one time knowing my dad wasnt coming home and its the worst feeling i have ever felt and ive hated you since and it wont ever change,5637,0,0,0,0,0,1,0,0,0,0,0,0
i hate when im refered to that game guitar hero i mean its cool but i got the name kinda before lol and now i feel bitchy so stay the fuck outta my way,5667,0,0,0,0,0,1,0,0,0,0,0,0
i am feeling that cranky voice inside my head that just wants to eat whatever it wants,5668,0,0,0,0,0,1,0,0,0,0,0,0
i feel like i should have actively hated every single second rather than just borne it all,5682,0,0,0,0,0,1,0,0,0,0,0,0
i even dare to say that some of the biggest stiller and or vaughn haters still could get some enjoyment out of this movie and not feel annoyed by their performances and characters,5723,0,0,0,0,0,1,0,0,0,0,0,0
i feel hated by my parents,5798,0,0,0,0,0,1,0,0,0,0,0,0
i feel hated by,5919,0,0,0,0,0,1,0,0,0,0,0,0
i am feeling bitchy cross whatever,5925,0,0,0,0,0,1,0,0,0,0,0,0
i havent done my eye make up i hate anyone seeing me and i feel nekkid that sounds really vain but i just think i look horrendous without it,5983,0,0,0,0,0,1,0,0,0,0,0,0
i hate feeling nothing for the date and defeated in some part of my life,6077,0,0,0,0,0,1,0,0,0,0,0,0
i was talking a lot to david i started feeling that way and i hated it,6133,0,0,0,0,0,1,0,0,0,0,0,0
i hate feeling rushed its the one thing that totally throws me off and causes me to make mistakes,6170,0,0,0,0,0,1,0,0,0,0,0,0
i wouldn t be getting long winded about this had it just been an isolated incident and i hate feeling so cranky over the idea that the arts are thriving to the point where a saturday matinee for the city ballet is so well sold at least in the upper sections,6229,0,0,0,0,0,1,0,0,0,0,0,0
i broke down feeling mom hated me over being an atheistic,6364,0,0,0,0,0,1,0,0,0,0,0,0
i hate her and many other physicians to a lesser degree has been about me feeling humiliated and stupid,6398,0,0,0,0,0,1,0,0,0,0,0,0
i didn t want to lose my friends as much as i hate the stares the egg throwing and mass public hate it gives me something to feel i should be hated for ruining charlee s family,6404,0,0,0,0,0,1,0,0,0,0,0,0
i feel for him and i know that even though he hated that job he doesn t like the fact that he was basically fired,6491,0,0,0,0,0,1,0,0,0,0,0,0
i dont know if its just stress or loneliness but i feel irritable alot lately and i hate that,6511,0,0,0,0,0,1,0,0,0,0,0,0
i hate travelling i hate going out but once i am on the road i feel reasonably comfortable,6589,0,0,0,0,0,1,0,0,0,0,0,0
i also hate how you feel the need to flee from your problems and refuse to speak to anyone who has wronged you,6623,0,0,0,0,0,1,0,0,0,0,0,0
i ask those who may read my blog who are on my facebook that if you do have a problem with me and feel you want to delete me but are apprehensive or whatever just go ahead and do it,6636,0,0,0,0,0,1,0,0,0,0,0,0
i have a feeling that would go over quite badly seeing as how we are hated here for loving the chiefs lmfao,6696,0,0,0,0,0,1,0,0,0,0,0,0
i didn t wish to be the president i hardly know these people and i got the feeling that they hated me for being quiet and not smiling,6742,0,0,0,0,0,1,0,0,0,0,0,0
i feel so irritable and i am hateful,6760,0,0,0,0,0,1,0,0,0,0,0,0
i feel like by action the professor is saying your time and your activities are unimportant to me in comparison to whatever i was doing instead,6979,0,0,0,0,0,1,0,0,0,0,0,0
i hate the feeling of being needy or as if my world was about to come to an end yukky,6988,0,0,0,0,0,1,0,0,0,0,0,0
i know that i will continue writing on top of whatever new job i might choose or stumble upon but i truly hope that i will be able to write a story that might inspire or help someone in small way someday and i will keep this thought in mind whenever i do feel discouraged or frazzled,7113,0,0,0,0,0,1,0,0,0,0,0,0
i understand what it feels to be hated,7142,0,0,0,0,0,1,0,0,0,0,0,0
i feel hated to be myself,7170,0,0,0,0,0,1,0,0,0,0,0,0
i dont feel as hateful when shes not around,7326,0,0,0,0,0,1,0,0,0,0,0,0
i realize someones not feeling like it pissed off and its pretty harsh when they hang up this way ah man i hate phone calls,7328,0,0,0,0,0,1,0,0,0,0,0,0
i hate myself and feel useless,7376,0,0,0,0,0,1,0,0,0,0,0,0
i feel like apologizing to everyone ive ever said hateful words to and i will,7397,0,0,0,0,0,1,0,0,0,0,0,0
i feel hated loving god you made me who i am,7437,0,0,0,0,0,1,0,0,0,0,0,0
i feel hated helping prevent gay teen suicide by rev,7449,0,0,0,0,0,1,0,0,0,0,0,0
i hate the feeling cause its shitty to say the lease,7500,0,0,0,0,0,1,0,0,0,0,0,0
im feeling hateful right now,7535,0,0,0,0,0,1,0,0,0,0,0,0
i hate that i feel like no one not in the sense of who i am is unimportant but that i feel like i dont exist,7643,0,0,0,0,0,1,0,0,0,0,0,0
i didnt feel hated,7875,0,0,0,0,0,1,0,0,0,0,0,0
im feeling passionate about something i still pray to whatever it is that is connecting us all,7895,0,0,0,0,0,1,0,0,0,0,0,0
i do think it s worth remembering that even though you ve read our books and our blogs and feel friendly toward us on our end of things you re a stranger even if we ve interacted with you through blog comments or e mail or whatever,8084,0,0,0,0,0,1,0,0,0,0,0,0
i feel like he deserves to be hated and i want him to know exactly how much i do,8104,0,0,0,0,0,1,0,0,0,0,0,0
im justifying these feelings so theyre not so hateful i dont know,8193,0,0,0,0,0,1,0,0,0,0,0,0
i feel irritated to hear your name the disgusted feeling when youre around your presence brought annoyance to me like a calamity that disrupt the peace of mine i deemed you are the person i hated the most in my lifetime,8207,0,0,0,0,0,1,0,0,0,0,0,0
i try not to hate anyone or anything but i cant help but feel like i hate my sons dad and not that jaded women hatred a hatred that is derived from my sons pain,8218,0,0,0,0,0,1,0,0,0,0,0,0
i wasnt even going to do that because this is a stupid show and i hate this show and i hate you if you watch this show and i feel dumb for even writing about it,8305,0,0,0,0,0,1,0,0,0,0,0,0
i have an eating disorder or i feel worthless or whatever,8359,0,0,0,0,0,1,0,0,0,0,0,0
i feel like i have to leave so much of my life out when i talk with my mother because i know she has hated so many people in my life,8376,0,0,0,0,0,1,0,0,0,0,0,0
i was taking everything out on andy because he was the only one who knew how i was feeling and i hated him knowing the truth,8539,0,0,0,0,0,1,0,0,0,0,0,0
i hate her father i hate this situation and im generally feeling angsty and weepy and unhappy,8600,0,0,0,0,0,1,0,0,0,0,0,0
when a boy i hated most in our classroom took my t jersey from my desk and put it on,8803,0,0,0,0,0,1,0,0,0,0,0,0
i finally figured out it didn t feel very room like because i hated how high the bed was and the tv just wasn t in the right spot so i thought i d adjust that and see what happens,8818,0,0,0,0,0,1,0,0,0,0,0,0
i feel in a way madee s death because she hated that about me has made me less and less afraid of my feelings because feelings are valid,8857,0,0,0,0,0,1,0,0,0,0,0,0
i hate feeling like im totally whipped which im still convinced that im not,8910,0,0,0,0,0,1,0,0,0,0,0,0
i cant stand where im stuck between just being miserable but doing whatever she says and doing what i want and feeling like an ungrateful daughter,8923,0,0,0,0,0,1,0,0,0,0,0,0
i fight despite of how alone i feel sometimes despite of how hateful i sound or despite of how hard the truth is to hear,8955,0,0,0,0,0,1,0,0,0,0,0,0
i hate feeling broke,9004,0,0,0,0,0,1,0,0,0,0,0,0
i feel gloomy upset whatever negative emotions i take a look at my colorful paint pots and it will instantly lift up my mood,9052,0,0,0,0,0,1,0,0,0,0,0,0
i think you feel angered that the priest was not moved by the description of your dream or whatever was going on with you which is incredibly confusing in the way you were hoping and now you are looking for someone to agree with you and tell you that you are justified in feeling this way,9066,0,0,0,0,0,1,0,0,0,0,0,0
i really don t know what i am thinking now that i ve earned a i hate you title i feel a bit regretful of my actions,9423,0,0,0,0,0,1,0,0,0,0,0,0
im not sure why i do it but when i heard this khutbah it made me feel awful as i never really saw it as a particularly bad thing before even though my poor hubby hates it,9454,0,0,0,0,0,1,0,0,0,0,0,0
i mean a lighter sleep probably makes you feel less groggy when you wake but whatever i can get over that,9478,0,0,0,0,0,1,0,0,0,0,0,0
i hate having a day off when she does because i feel like shes not considerate of me while i have to be super considerate of her,9496,0,0,0,0,0,1,0,0,0,0,0,0
i remember feeling like i was going to go to hell that god hated me now,9553,0,0,0,0,0,1,0,0,0,0,0,0
i feel like i ll be hated for saying this,9658,0,0,0,0,0,1,0,0,0,0,0,0
i dont think i did anything wrong yet i feel like im hated,9720,0,0,0,0,0,1,0,0,0,0,0,0
i know some fairly hateful religious people and i use that term loosely here because i feel that religion should make a person less hateful and some really wonderful ones,9760,0,0,0,0,0,1,0,0,0,0,0,0
i feel bad because i hate hating on myself for writing silly things in the past,9811,0,0,0,0,0,1,0,0,0,0,0,0
i am on a new lifestyle plan a diet and i hate feeling deprived of anything delicious,9818,0,0,0,0,0,1,0,0,0,0,0,0
i hate feeling like that because its stupid,9865,0,0,0,0,0,1,0,0,0,0,0,0
i feel rich when i can get whatever i want i want all the things that will make me feel richer than the next guy,9979,0,0,0,0,0,1,0,0,0,0,0,0
i noticed that i begin to feel shaky and dizzy and cannot concentrate of whatever im working on,10107,0,0,0,0,0,1,0,0,0,0,0,0
i feel about the monsters who did that to us i know that fanatics no matter how hateful amp murderous don t make an army,10130,0,0,0,0,0,1,0,0,0,0,0,0
i feel some days like dumpster diving at rotten ronnies to grab whatever they have thrown out to eat but of course as they are now hours and pretty much make as the orders come they dont have quite the abundance of left overs as they did back in the s and s,10218,0,0,0,0,0,1,0,0,0,0,0,0
i really hate it when i feel disillusioned with a group of people,10346,0,0,0,0,0,1,0,0,0,0,0,0
i rushed out of the house hating my sartorial lack of effort hating my body hating my breakfast cereal hating the weather and just generally feeling hateful,10446,0,0,0,0,0,1,0,0,0,0,0,0
i hate feeling helpless and like i cant make my own decisions,10571,0,0,0,0,0,1,0,0,0,0,0,0
i just feel assured that god is gonna take care of whatever circumstance or situation,10594,0,0,0,0,0,1,0,0,0,0,0,0
i hate having an invisible disability because i can look like i m doing well while in reality i can have a headache and feel like i m going to have a seizure because i m feeling triggered by hot weather,10729,0,0,0,0,0,1,0,0,0,0,0,0
i feel that my boys would commit such a hateful awful crime,10757,0,0,0,0,0,1,0,0,0,0,0,0
i can feel the hated eminating from downstairs towards arse,10894,0,0,0,0,0,1,0,0,0,0,0,0
i just hate feeling like this and hate feeling so bitter but one day i am confident someone will come into my life and fight for me because i am worth it,10910,0,0,0,0,0,1,0,0,0,0,0,0
i would never be able to come up with a justification for this and i would say that i am simply a superior type of human but deep down i feel as though people loathe me hate me and are disgusted by me,10922,0,0,0,0,0,1,0,0,0,0,0,0
i hate him and the feeling is pretty mutual i find him obnoxious and he thinks im a bitch once again it has nothing to do with what happened and nobody thinks less of anybody because of it,10934,0,0,0,0,0,1,0,0,0,0,0,0
i hate feeling less smart than others my own age,10939,0,0,0,0,0,1,0,0,0,0,0,0
i feel hated as fuck,10952,0,0,0,0,0,1,0,0,0,0,0,0
i wonder whater my feelings are also dangerous things that might burn you,11106,0,0,0,0,0,1,0,0,0,0,0,0
i hate gays so that i can feel as if my own heterosexuality makes me that much more acceptable to myself and thus god whom i make in my own image,11133,0,0,0,0,0,1,0,0,0,0,0,0
i feel as if i am going to be a bitter bitter manhater who will eventually live in an unkept home with a hundred stray cats,11138,0,0,0,0,0,1,0,0,0,0,0,0
i think he is feeling pretty stressed about it but i know whatever is supposed to happen will happen,11154,0,0,0,0,0,1,0,0,0,0,0,0
i cry at the drop of a hat or the grouch of a hateful customer and i m tamping down feeling bitchy as all get out,11229,0,0,0,0,0,1,0,0,0,0,0,0
i feel so hated and rejected,11280,0,0,0,0,0,1,0,0,0,0,0,0
i was thinking the situation is fucked up so i must be high because the opportunity presents itself and thats what people do when they feel fucked up or whatever,11416,0,0,0,0,0,1,0,0,0,0,0,0
i did not hate high school and remembering those times doesnt make me feel tortured or anything but man when i was i was a piece of work,11442,0,0,0,0,0,1,0,0,0,0,0,0
i hate this feeling paranoid days i scare,11493,0,0,0,0,0,1,0,0,0,0,0,0
i didnt feel like i was causing a problem im the kind of person i had confrontations so i hated sending an email saying something wasnt right,11498,0,0,0,0,0,1,0,0,0,0,0,0
i post on this blog will not be thematic but rather a sampling of whatever thoughts i feel inspired to put into words and share,11562,0,0,0,0,0,1,0,0,0,0,0,0
i want to pull out my hair times i want to run times that i feel selfish and times that i hate myself for feeling all those things,11673,0,0,0,0,0,1,0,0,0,0,0,0
i wonder what it is going to feel like to have a president that isn t hated by the world,11732,0,0,0,0,0,1,0,0,0,0,0,0
i hate myself for it and i feel ugly because of it,11831,0,0,0,0,0,1,0,0,0,0,0,0
im going to find my cats and coo at them until i stop feeling so hateful,11938,0,0,0,0,0,1,0,0,0,0,0,0
i feel like i am alone and not wanted because whatever i do for you seems like the wrong thing to do,12010,0,0,0,0,0,1,0,0,0,0,0,0
i appreciate the sentiment he said sounding and feeling much less pained but the irony or whatever this was was going to kill him here,12013,0,0,0,0,0,1,0,0,0,0,0,0
im feeling a lot of presure about my philosophy of life that unfortunately its a theory that needs to be taken to the practice if i do what my mom or religion say i would be miserable because i would feel that i lost the battle against all i hate and im against,12055,0,0,0,0,0,1,0,0,0,0,0,0
i hate it cuz i feel like a defective friend like a fairweather friend thats only there when they want me,12069,0,0,0,0,0,1,0,0,0,0,0,0
i have done to the person who feels i have angered them please let me know and ill see what i can do so you dont hate me,12110,0,0,0,0,0,1,0,0,0,0,0,0
i knew there were more of them and i could feel how much they hated the picturesque red roofed house i was in because i have looked up at these houses and hated them too,12146,0,0,0,0,0,1,0,0,0,0,0,0
i hate it i feel like im being abused bcoz of it,12159,0,0,0,0,0,1,0,0,0,0,0,0
i really hate feeling like such a reluctant adult in the hard things in life,12205,0,0,0,0,0,1,0,0,0,0,0,0
i could feel again and i hated it,12252,0,0,0,0,0,1,0,0,0,0,0,0
i feel fine with whatever outcome we will hopefully see tomorrow,12322,0,0,0,0,0,1,0,0,0,0,0,0
i feel all vain for photos d i dont know where i got the confidence streak o henyways i hate how i look so clean,12388,0,0,0,0,0,1,0,0,0,0,0,0
i feel romantic by the way men look at me with admiration give me plant arrangements candy and pay for meals and say get whatever you want because it communicates i don t have to be different slimmer to be acceptable to a judge and let me cry and like my feminine expression,12465,0,0,0,0,0,1,0,0,0,0,0,0
i hate that stuff makes me feel this way but i still throw myself into it like a foolish moth attracted to fire all the while helping to build the fire digging my own grave,12505,0,0,0,0,0,1,0,0,0,0,0,0
i hated the feeling of her being away and hated the feeling of my heart jumping out of my chest now that she was back,12629,0,0,0,0,0,1,0,0,0,0,0,0
i hate all other drivers and feel i should be extremely suspicious of them all,12633,0,0,0,0,0,1,0,0,0,0,0,0
ive been feeling this strong urge to hate to loathe to detest,12677,0,0,0,0,0,1,0,0,0,0,0,0
i began to feel hated and disliked sometimes and so i outcasted my self from socializing with my classmates at lunchtime,12713,0,0,0,0,0,1,0,0,0,0,0,0
i feel like i ve never hated anyone so much and never have financial issues ever made me feel so helpless so one person standing against something inconquerable,12715,0,0,0,0,0,1,0,0,0,0,0,0
i feel hateful toward their needs and how feverish their faces get,12902,0,0,0,0,0,1,0,0,0,0,0,0
id also tell you that i hate feeling complacent,12941,0,0,0,0,0,1,0,0,0,0,0,0
i feel embarrassed and ashamed and stupid and small and i hate that i feel like this and i don t understand why i feel like this and i don t know how to fix it,13155,0,0,0,0,0,1,0,0,0,0,0,0
i thought it was worth mentioning because the steubenville trial was and still is something i feel very strongly about and i have always always hated the deification of sports students within their educational facilities and their sheer arrogance coupled with their animalistic top lad culture,13183,0,0,0,0,0,1,0,0,0,0,0,0
i feel like you just want to get me away from the people whose opinions i trust in the vain hopes that you might catch me on an off day to buy promote consume whatever stupid product or service you have,13218,0,0,0,0,0,1,0,0,0,0,0,0
i feel as though i have always hated being at yon hormones beck and call,13321,0,0,0,0,0,1,0,0,0,0,0,0
i hate seeing him feel this awful and not being able to do much about it,13359,0,0,0,0,0,1,0,0,0,0,0,0
i hate feeling defeated and resigned its shameful,13369,0,0,0,0,0,1,0,0,0,0,0,0
i feel i finally understand why i hated architecture for a while hung on to it found hope in interactive architecture felt a need to move away from singapore,13393,0,0,0,0,0,1,0,0,0,0,0,0
i hate the way i feel i hate that i am grumpy tired have a sore throat and every time i cough i hate that i feel like my head is literally going to explode on the spot,13405,0,0,0,0,0,1,0,0,0,0,0,0
ill just let people know if im feeling really annoyed that day cause i hate people guessing and lying around hiding the truths,13417,0,0,0,0,0,1,0,0,0,0,0,0
i am having is that i have been feeling really jealous of my friends lately and i hate the feeling of jealousy,13470,0,0,0,0,0,1,0,0,0,0,0,0
i feel hated by alw i want to show i can do it i want to be here tomorrow,13492,0,0,0,0,0,1,0,0,0,0,0,0
i was sort of in hallo hate this year not feeling very festive at all didnt even dress up,13539,0,0,0,0,0,1,0,0,0,0,0,0
i hated feeling inadequate to meet their needs,13614,0,0,0,0,0,1,0,0,0,0,0,0
i feel so much gently to and fro hated and desired a href http sareelro,13665,0,0,0,0,0,1,0,0,0,0,0,0
i just had a strange feeling that if i switched i may have hated the new one and wished i could go back to the original which would have been impossible,13791,0,0,0,0,0,1,0,0,0,0,0,0
i seriously had a feeling like this person hated me and wanted to kill me,13841,0,0,0,0,0,1,0,0,0,0,0,0
i just feel like i have to be hated and viewed with fear in order to get any respect as a manager,13852,0,0,0,0,0,1,0,0,0,0,0,0
i say to not take parenting too seriously though is because i now can say i know how it feels to be hated by my child at least temporarily,13906,0,0,0,0,0,1,0,0,0,0,0,0
i always hate it when i go to bed feeling like my time with my children was unpleasant,13999,0,0,0,0,0,1,0,0,0,0,0,0
i feel like he played the role perfectly as i absolutely hated sean parker as a person in the movie obviously i cant judge him since ive never actually met him,14026,0,0,0,0,0,1,0,0,0,0,0,0
i hate that society makes everyone feel like youre either smart or obsessed with clothing and you just cant put those two things together,14076,0,0,0,0,0,1,0,0,0,0,0,0
im the type of person who hates feeling out of control but still frequently gives into temptation i was not really convinced that this book would do anything for me,14178,0,0,0,0,0,1,0,0,0,0,0,0
i can ignore them and i do but i hate the way it makes me feel slightly vulnerable irritated self conscious and when someone does something which makes a person experience those negative feelings its not harmless,14189,0,0,0,0,0,1,0,0,0,0,0,0
i hate being the new person and i hate feeling dumb,14199,0,0,0,0,0,1,0,0,0,0,0,0
i really do feel like im actually hated,14231,0,0,0,0,0,1,0,0,0,0,0,0
i hate feeling unimportant or feeling stupid,14246,0,0,0,0,0,1,0,0,0,0,0,0
i hate the most about ty is how he always feels the need to point out my lame lies,14297,0,0,0,0,0,1,0,0,0,0,0,0
i was working in a job i loathed and where i did not feel respected,14457,0,0,0,0,0,1,0,0,0,0,0,0
i feel when i see him feeling slutty for whatever cleavage i m showing etc,14561,0,0,0,0,0,1,0,0,0,0,0,0
i could ingrain in my mind all my feelings all my experiences reading it so if i hated everything that happened in the next book i could just go back to the first and pretend nothing ever happened past it,14630,0,0,0,0,0,1,0,0,0,0,0,0
i know im trying to make someone turn over a new chapter when it feels like all of u are supporting him in whatever hes doing,14660,0,0,0,0,0,1,0,0,0,0,0,0
i feel like a hateful bitch for getting every member of his family besides him a present including his mom who i barely speak to anymore and his sister who pisses me off on a daily basis,14851,0,0,0,0,0,1,0,0,0,0,0,0
i get people asking me what it feels like to be the most hated man in dallas county said assessor steve helm,14872,0,0,0,0,0,1,0,0,0,0,0,0
i feel bitchy right now if only because i hate being used and not hearing a thank you or a by the way do you want everything back,15098,0,0,0,0,0,1,0,0,0,0,0,0
i absolutely hate feeling drained and crabby like that thankfully thats not my usual energy level and i feel much better today,15144,0,0,0,0,0,1,0,0,0,0,0,0
i didnt feel like i could trust him and i hated myself for feeling that way,15172,0,0,0,0,0,1,0,0,0,0,0,0
i do really hate my past so much that i feel like a part of my precious life was ruined due to extremely stupid reasons and i even hate it more when most of them were my fault,15189,0,0,0,0,0,1,0,0,0,0,0,0
i feel friendly when i hate you,15217,0,0,0,0,0,1,0,0,0,0,0,0
i don t shave and leave my hair people do feel the urge to touch it and i ve always hated people touching my face for the very reason that it s hairy,15221,0,0,0,0,0,1,0,0,0,0,0,0
i just want to be able to give up and not feel so hated,15364,0,0,0,0,0,1,0,0,0,0,0,0
i feel hated helping prevent gay teen suicide class facebook title share this on facebook facebook a href http del,15369,0,0,0,0,0,1,0,0,0,0,0,0
im not describe yourself pretty hate machine how do you feel somewhat damaged describe where you currently live help me im in hell if you could go anywhere where would you go,15396,0,0,0,0,0,1,0,0,0,0,0,0
i feel we can stop this hateful crime one non statement at a time,15443,0,0,0,0,0,1,0,0,0,0,0,0
i never knew i could be so weak i couldnt even fight what i was feeling i knew i hated to feel that way yet i just let the emotions run free i acted waaay childishly like a child deprived of candies,15491,0,0,0,0,0,1,0,0,0,0,0,0
i forget those feeling i get when she hated me,15556,0,0,0,0,0,1,0,0,0,0,0,0
i hate hate hate spending a lot of money and then on top of that losing precious things and then feeling pointless and idiotic at the end of it,15684,0,0,0,0,0,1,0,0,0,0,0,0
im not the person i used to be and i feel myself becoming this hateful vindictive person,15685,0,0,0,0,0,1,0,0,0,0,0,0
i was in elementary school and i had to read the stories in the english book and answer the questions at the end one of the questions was always how did this story make you feel i hated that question,15717,0,0,0,0,0,1,0,0,0,0,0,0
i feel now that evryone in my class hates me for makin a move on the one girl i like this makes me want to quit college quicker because i feel humiliated,15761,0,0,0,0,0,1,0,0,0,0,0,0
i feel im amongst friends who are supportive of whatever i do,15763,0,0,0,0,0,1,0,0,0,0,0,0
i wasnt going because i didnt feel like it because i hated school the truth was i didnt go because i was i couldnt,15795,0,0,0,0,0,1,0,0,0,0,0,0
i do know how i feel about knox though i hated him,15820,0,0,0,0,0,1,0,0,0,0,0,0
i hate smoking cigarettes i always feel dirty afterward but sometimes i do it because i m too drunk to care and i m young and everyone else is doing it and somehow it seems to help with that breeze that s just a bit too cold,15855,0,0,0,0,0,1,0,0,0,0,0,0
i hate this feeling when youre troubled by so many problems,15882,0,0,0,0,0,1,0,0,0,0,0,0
im a disaster at hiding the way i feel my ex boyfriend hated this about me but ive always liked this i think its better to be honest about the way you feel than to hide it,15898,0,0,0,0,0,1,0,0,0,0,0,0
i also remember feeling like all eyes were on me all the time and not in a glamorous way and i hated it,15914,0,0,0,0,0,1,0,0,0,0,0,0
im suddenly feeling all sympathetic for him missing out on where the bands gone but kasia gets me back to happy matt hate normality,15931,0,0,0,0,0,1,0,0,0,0,0,0
i could feel that my horse hated the mud as much as i hated running in that kind of ground,15969,0,0,0,0,0,1,0,0,0,0,0,0
i hated feeling so frightened and weak and made sure not to try anything similar for the last years,16094,0,0,0,0,0,1,0,0,0,0,0,0
i have always believed that my blog should be about whatever i feel like posting but i also realize that some of my faithful readers come solely for the pics while others of you are here for the full enchilada,16126,0,0,0,0,0,1,0,0,0,0,0,0
i then asked as i often do in these situations how i could fix this so she wouldnt feel like i hated her because of my lack of postings on her facebook page,16362,0,0,0,0,0,1,0,0,0,0,0,0
i hate to feel sympathetic for corporations but these artists are,16385,0,0,0,0,0,1,0,0,0,0,0,0
i know how you feel i hated school also,16490,0,0,0,0,0,1,0,0,0,0,0,0
i hate hunting over irc the amount of advertisement relating to drugs i just kicked the shit habit for months now the longer i stay there the more i feel like getting myself some stuff and im farking horny right now and the angry type of horny kinda like i wanna,16492,0,0,0,0,0,1,0,0,0,0,0,0
i feel mocked and hated,16572,0,0,0,0,0,1,0,0,0,0,0,0
i hate dealing with sketchball loser recovering heroin addicts who are panhandling in my hostel and still feeling sympathetic to them,16760,0,0,0,0,0,1,0,0,0,0,0,0
i did but i feel so bad because i lied and i am a person who hates being lied to,16783,0,0,0,0,0,1,0,0,0,0,0,0
i do wash it almost everyday i know people say thats bad but i hate the feeling of being dirty a little ocd anyway so most everyday im blow drying it and curling or straightening it so it tends to be very dry and not very silky soft,16785,0,0,0,0,0,1,0,0,0,0,0,0
i get angry when i look in the mirror and i hate my body and feel embarrassed,16788,0,0,0,0,0,1,0,0,0,0,0,0
i feel hated ignored trashed,16803,0,0,0,0,0,1,0,0,0,0,0,0
i entertained the hate the feeling it gave me and while not entirely unpleasant because there is a smugness to rage that is seductive i let it go,16843,0,0,0,0,0,1,0,0,0,0,0,0
i can t help how i feel i have hated you both for so many years and,16882,0,0,0,0,0,1,0,0,0,0,0,0
i needed supportive caring understanding loving he made me feel i broke up with him because despite it all i could tell he was stressed and whatever place i held in his heart before i no longer kept,16892,0,0,0,0,0,1,0,0,0,0,0,0
i still dont know how i feel i hated getting wisconsin plates,16963,0,0,0,0,0,1,0,0,0,0,0,0
i didn t want him to feel that way but because i hated feeling like i had a hand in making him feel that way,16964,0,0,0,0,0,1,0,0,0,0,0,0
i hate that i feel hated like im not part of my grade or class,16983,0,0,0,0,0,1,0,0,0,0,0,0
i always hated it when people approach me feeling that they know me when in fact theyre just trying to be friendly to win me to their side,17018,0,0,0,0,0,1,0,0,0,0,0,0
i never knew this feeling but i hated it,17036,0,0,0,0,0,1,0,0,0,0,0,0
i really hate the feeling of being judged and hated on,17101,0,0,0,0,0,1,0,0,0,0,0,0
i feel less hated already,17124,0,0,0,0,0,1,0,0,0,0,0,0
i post my feelings thoughts without being judged or hated not like i care for it,17126,0,0,0,0,0,1,0,0,0,0,0,0
i feel like i am hated across the united states,17136,0,0,0,0,0,1,0,0,0,0,0,0
i feel edwards hateful gaze on me i cant help it my head turns and i look him in the face,17146,0,0,0,0,0,1,0,0,0,0,0,0
i dont know why but about a month ago i was feeling uber emo readpussy and i just hated the world and life and i was practically acting like a typical down teenager and thats stupid i know,17167,0,0,0,0,0,1,0,0,0,0,0,0
i hate missing practice because i feel like the reps in practice are vital to your performance on sunday,17250,0,0,0,0,0,1,0,0,0,0,0,0
i know how it feels to be hated due to my incapability and of course i know how it feels to face someone s incapability,17261,0,0,0,0,0,1,0,0,0,0,0,0
i hate the behaviour of my so called friends,17267,0,0,0,0,0,1,0,0,0,0,0,0
i have to stop you kensei he says feigning a determination i can tell he doesnt really feel he is furious with me but even after all i have done he does not yet hate me,17271,0,0,0,0,0,1,0,0,0,0,0,0
i feel like im being punked by the amount of hate from ugly dudes and women,17277,0,0,0,0,0,1,0,0,0,0,0,0
i hate feeling distracted when i m with bella,17352,0,0,0,0,0,1,0,0,0,0,0,0
i hate feeling lied to deceived disillusioned,17395,0,0,0,0,0,1,0,0,0,0,0,0
i didn t wish to be the president i hardly know these people and i got the feeling that they hated me for being quiet and not smiling,17421,0,0,0,0,0,1,0,0,0,0,0,0
i desperately want to be where i once was not afraid to exercise live a life without having to weigh the likelihood that itll throw my bipolar into a spin trust people and not feel hated or judged,17446,0,0,0,0,0,1,0,0,0,0,0,0
im most confused about is the sudden change in my feelings for superman ive always hated him,17551,0,0,0,0,0,1,0,0,0,0,0,0
i feel terrible and i hate myself,17565,0,0,0,0,0,1,0,0,0,0,0,0
i really relate to the blacks i know how it feels to be hated for the color of my skin or for being some cracker ass yankee living in the south,17632,0,0,0,0,0,1,0,0,0,0,0,0
i hate feeling hated,17636,0,0,0,0,0,1,0,0,0,0,0,0
i received via e mail from a total jackass who feels that not only is he the answer to all womens prayers but for those who reject him and his idiotic thinking is a man hater,17661,0,0,0,0,0,1,0,0,0,0,0,0
i feel contented knowing that after mark s initial run through of the news before the weather broadcaster comes on i will ditch my plastic yellow bowl in the sink and tear off outside to run around for a few more hours doing whatever kid stuff it was that i did on that farm,17708,0,0,0,0,0,1,0,0,0,0,0,0
i did not hate high school and remembering those times doesnt make me feel tortured or anything but man when i was i was a piece of work,17748,0,0,0,0,0,1,0,0,0,0,0,0
i really hate that feeling thats because im afraid to convey my feelings,17804,0,0,0,0,0,1,0,0,0,0,0,0
i look at facebook in a bad mood and i feel like posting the responses to people that i really feel your kids are ugly you are such an idiot for voting the way you do and i hate dogs and they have certainly never left paw prints on my heart,17925,0,0,0,0,0,1,0,0,0,0,0,0
i stop crying i start again harder than ever and my body starts to feel hated by me and everyone and so i make very horrible decisions to bring short term relief and i beat myself like no one else could,17974,0,0,0,0,0,1,0,0,0,0,0,0
i went through the door knocked down any positivity i was trying to feel i hated the place,18008,0,0,0,0,0,1,0,0,0,0,0,0
i no longer have contact with the third party but because whatever hurt she was feeling however wronged by the third party she had been her dark energy and hatred would only ever come back to haunt and harm her,18021,0,0,0,0,0,1,0,0,0,0,0,0
i just dont know how to take compliments and i hate feeling like im being rude by trying to deny that im doing anything special,18067,0,0,0,0,0,1,0,0,0,0,0,0
i will try and keep it that way thru my blog wiredtalks i would share my few life experiences views amp whatever i feel like after all life is all about being restless spontaneous amp doing what your heart says,18094,0,0,0,0,0,1,0,0,0,0,0,0
i hate this feeling of regret foolishness heartbroken etc,18147,0,0,0,0,0,1,0,0,0,0,0,0
i am always directed to whatever line has the backscatter machine even if i am singled out for how i dress even if i feel humiliated at security there is a huge different between how i am treated and subsequently how i feel and how other dark skinned muslim or muslim seeming people are treated,18148,0,0,0,0,0,1,0,0,0,0,0,0
i hate it when people start publicly judging and criticizing others who are trying to express their feelings i cant help but feel annoyed at them sometimes,18152,0,0,0,0,0,1,0,0,0,0,0,0
i feel invigorated now but i truly hate it when the weather is too consistently dangerous to get outdoor exercise,18173,0,0,0,0,0,1,0,0,0,0,0,0
i feel grouchy mean short tempered hateful unloving and want to jump in a hole until my period starts,18395,0,0,0,0,0,1,0,0,0,0,0,0
i was feeling that i didnt tell her because being the stubborn person i am i hate to admit im wrong,18419,0,0,0,0,0,1,0,0,0,0,0,0
i hated that feeling and i hated the arguing,18526,0,0,0,0,0,1,0,0,0,0,0,0
i ended up crying because i hate feeling like hes mad at me or anything close,18563,0,0,0,0,0,1,0,0,0,0,0,0
i sometimes even feel hated or made a pariah,18626,0,0,0,0,0,1,0,0,0,0,0,0
i kept having this feeling that somehow i ve always been like that it s like i ve hated the treadmill a very long time ago perhaps even before it existed,18764,0,0,0,0,0,1,0,0,0,0,0,0
i hated that feeling but even more i hated the wierd squirrely behavior he exhibited when we were together and especially when his son was with us,18771,0,0,0,0,0,1,0,0,0,0,0,0
i know how you feel when you said you hated what austin was going through,18817,0,0,0,0,0,1,0,0,0,0,0,0
i will shed every feeling of regret ive ever had and any hateful feelings ive ever had,18885,0,0,0,0,0,1,0,0,0,0,0,0
i hate valentines day because it makes single people feel like crap and i hate april fools day because it causes people to laugh at another innocent persons expense,18931,0,0,0,0,0,1,0,0,0,0,0,0
i post a fan fic i get this feelings that everyone will hate it and that it will be mocked and shamed,19018,0,0,0,0,0,1,0,0,0,0,0,0
i feel after i quit the job i hated script language javascript src http reddit,19063,0,0,0,0,0,1,0,0,0,0,0,0
i keep living the life i feel is a run on sentience of a hated over used phrase,19128,0,0,0,0,0,1,0,0,0,0,0,0
i sort of like this mindframe at times cause in it its so easy to feel naturally near cheech amp chong cool w whatever happens or doesnt,19172,0,0,0,0,0,1,0,0,0,0,0,0
i miss feeling like i hated you,19241,0,0,0,0,0,1,0,0,0,0,0,0
i somehow feel hated,19243,0,0,0,0,0,1,0,0,0,0,0,0
i feel humiliated i feel ashamed i abandon my self i hate my self i feel terrified of others i become secretive mostly i feel terrified,19271,0,0,0,0,0,1,0,0,0,0,0,0
i hate feeling unwelcome anywhere but i get that everywhere,19275,0,0,0,0,0,1,0,0,0,0,0,0
i feel like sh they feel hated for no reason and i cant force myself to do work im supposed to do like filling out applications go get a job,19348,0,0,0,0,0,1,0,0,0,0,0,0
i feel so unimportant as if i don t exist and i hate that feeling,19420,0,0,0,0,0,1,0,0,0,0,0,0
i feel like i was hated for something i had nothing to do with,19476,0,0,0,0,0,1,0,0,0,0,0,0
i hate feeling as if i am damaged goods like he saw right through me and was able to rip away that slight curtain or security that i put up around myself,19565,0,0,0,0,0,1,0,0,0,0,0,0
i hate the idea of feeling vulnerable but even more i hate the idea of burdening others with my problems,19600,0,0,0,0,0,1,0,0,0,0,0,0
i know im trying to make someone turn over a new chapter when it feels like all of u are supporting him in whatever hes doing,19617,0,0,0,0,0,1,0,0,0,0,0,0
i imagined i would feel i hated that feeling,19620,0,0,0,0,0,1,0,0,0,0,0,0
i feel hated here and dont feel like i should write at all anymore,19723,0,0,0,0,0,1,0,0,0,0,0,0
i had conflicting feelings but he i hated him since he came,19776,0,0,0,0,0,1,0,0,0,0,0,0
i could feel the butterflies in her stomach before she had hated them longed for them to disappear but since she had been apart from the red head she had found herself missing that feeling the feeling she only got around emily fitch,19810,0,0,0,0,0,1,0,0,0,0,0,0
i hate to see him feeling miserable,19847,0,0,0,0,0,1,0,0,0,0,0,0
i really hate hurting people in other ways and feel pained when i do so,19874,0,0,0,0,0,1,0,0,0,0,0,0
i feel unhappy i can almost directly trace it to oh i shouldn t have done that or i shouldn t have said this or whatever,19890,0,0,0,0,0,1,0,0,0,0,0,0
i deposit a check i always forget to have the envelope out and ready so the machine starts beeping at me immediately and i feel all frantic and cant seal the envelope fast enough and cant remember which way to put it in and i just hate that noise,20031,0,0,0,0,0,1,0,0,0,0,0,0
i hated feeling this way and hated constantly beating myself up,20099,0,0,0,0,0,1,0,0,0,0,0,0
i hate talking about presents because i feel greedy,20202,0,0,0,0,0,1,0,0,0,0,0,0
i just hate feeling helpless,20310,0,0,0,0,0,1,0,0,0,0,0,0
i just want to feel like im not hated,20324,0,0,0,0,0,1,0,0,0,0,0,0
i cant be me because i hate myself even the stuff i do makes me feel shitty,20431,0,0,0,0,0,1,0,0,0,0,0,0
im with jam i started talking to victor but of course not frequently after i feel that i can treat him as a friend and not someone that i hated because shit happened,20447,0,0,0,0,0,1,0,0,0,0,0,0
ive learned many things but one of the things ive learned is that you should never punish kids when youre mad because then you feel guilty and whether they deserve it or not you let them off the hook and then they learn that they can get away with whatever they feel like,20475,0,0,0,0,0,1,0,0,0,0,0,0
i have no feelings towards france even though im supporting them from now on and i just hate italy,20531,0,0,0,0,0,1,0,0,0,0,0,0
i get the feeling that the few kids that i hated senior year are gonna be there,20536,0,0,0,0,0,1,0,0,0,0,0,0
i never had that feeling because nobody hates me becaue i amn popular in school and the coolest teenager ever,20585,0,0,0,0,0,1,0,0,0,0,0,0
i had always had this feeling as if every body around me hated me,20637,0,0,0,0,0,1,0,0,0,0,0,0
i feel hated by everyone,20733,0,0,0,0,0,1,0,0,0,0,0,0
i hate how they are sometimes and they do exasperate me more than i could ever be exasperated here but why do i still feel most at ease amongst those strange chaotic violent corrupt yet curiously happy creatures,20754,0,0,0,0,0,1,0,0,0,0,0,0
i didn t feel like they were working and i hated her for making me but i kept seeing my doctor and she said it might even take as long as a few months to see results,20820,0,0,0,0,0,1,0,0,0,0,0,0
i hate feeling like i am selfish for protecting her because i cant face another trip to a amp e and i hate the fact that it really didnt end when we got discharged from nicu and that here we are today still feeling like were waiting on that dreaded nicu phone call,20899,0,0,0,0,0,1,0,0,0,0,0,0
i feel like we are friends and i want to be her friend but now im convinced that she hates me,20939,0,0,0,0,0,1,0,0,0,0,0,0
i was overwhelmed by the feeling that i hated my life and everything in it,20956,0,0,0,0,0,1,0,0,0,0,0,0
i feel the shake is no longer cute i would hate whining i began to make a lot of folk do their own object tiny envious i calculate is very vexatious will start to actually appropriate,20989,0,0,0,0,0,1,0,0,0,0,0,0
i feel i have to impress or i get laughed at or mocked or hated or whatever,21046,0,0,0,0,0,1,0,0,0,0,0,0
i just wasn t feeling their version of history i need to read up on this and see if they were just some of the people who hated communist or if literally all hungarians hated communism this much,21127,0,0,0,0,0,1,0,0,0,0,0,0
im feeling fucking hateful right now so its time for me to sit down and have a chat with you all,21129,0,0,0,0,0,1,0,0,0,0,0,0
i hate that i feel that i am being punished for doing my job,21178,0,0,0,0,0,1,0,0,0,0,0,0
i didnt feel like he absolutely hated me this time,21199,0,0,0,0,0,1,0,0,0,0,0,0
i hated him for ignoring everything i had told him i hated him for never thinking of my feelings i hated him for being the spoiled selfish brat that he is,21234,0,0,0,0,0,1,0,0,0,0,0,0
i hate feeling like my life is so messy right now i like a gentle tide not something youd look at in awe at peahi or hookipa,21236,0,0,0,0,0,1,0,0,0,0,0,0
i have no hard feelings towards you i dont hate you i am not mad at you nothing,21258,0,0,0,0,0,1,0,0,0,0,0,0
i hated feeling this way and hated constantly beating myself up,21289,0,0,0,0,0,1,0,0,0,0,0,0
i hate it when im feeling like i shouldnt be going to bed even though it would be totally acceptable,21298,0,0,0,0,0,1,0,0,0,0,0,0
i mean i personally hate the feeling of being ignored and every time it happened out of a sudden the frustration feeling starts to rise up slowly unless i already know you are busy,21325,0,0,0,0,0,1,0,0,0,0,0,0
i feel like im such a hateful person,21331,0,0,0,0,0,1,0,0,0,0,0,0
i hate feeling so vunerable and needy especially when he has no clue what to do with these aspects of me,21361,0,0,0,0,0,1,0,0,0,0,0,0
i want to feel his anger and desire with every hateful thrust,21453,0,0,0,0,0,1,0,0,0,0,0,0
i really hate that word but ill just keep saying it till i feel comfortable saying it,21476,0,0,0,0,0,1,0,0,0,0,0,0
i bought it for a few cents and carried it all day cupping it in my hands and smelling it whenever i started to feel hateful towards tourists or florence,21508,0,0,0,0,0,1,0,0,0,0,0,0
i always feel like i am hated among my friends,21603,0,0,0,0,0,1,0,0,0,0,0,0
i hate to see him feeling that way so if he is agitated when i am there i go over and rub his back and look into his eyes,21646,0,0,0,0,0,1,0,0,0,0,0,0
i hate that i feel this way because it seems so ungrateful,21673,0,0,0,0,0,1,0,0,0,0,0,0
i hate to feel devastated so much so that i have an unhealthy habit of suppressing my feelings,21676,0,0,0,0,0,1,0,0,0,0,0,0
i suggest the gun if youre feeling particularly hateful the impact is very fulfilling,21739,0,0,0,0,0,1,0,0,0,0,0,0
i hate how i care so much about how people perceive me judge me and become so conscious about it that i actually feel so burdened and weighed down,21878,0,0,0,0,0,1,0,0,0,0,0,0
i hate when i feel like this and i never hated,21879,0,0,0,0,0,1,0,0,0,0,0,0
i hate just feeling worthless and unwanted,21893,0,0,0,0,0,1,0,0,0,0,0,0
i do feel like they re all so talented they ll be good at whatever they do and that this film wasn t necessarily my favorite performance for any of them,21936,0,0,0,0,0,1,0,0,0,0,0,0
i feel like i honestly hated the way someone was acting,22154,0,0,0,0,0,1,0,0,0,0,0,0
i don t really feel like writing about it twas a fairly dull episode and i hate loli s as a knee jerk reaction,22175,0,0,0,0,0,1,0,0,0,0,0,0
i wanted to be angrier i wanted to feel more hated more useless,22381,0,0,0,0,0,1,0,0,0,0,0,0
i feel so hated and alone,22391,0,0,0,0,0,1,0,0,0,0,0,0
i made people feel safe and happy and always hated to see people fawning,22503,0,0,0,0,0,1,0,0,0,0,0,0
i know i could look a lot worse but i just hate not feeling gorgeous,22505,0,0,0,0,0,1,0,0,0,0,0,0
i hate feeling stupid for making choices i believe is right and moral,22575,0,0,0,0,0,1,0,0,0,0,0,0
i hate that im sitting here typing this shit out instead of talking to you feeling ignored and pushed away,22589,0,0,0,0,0,1,0,0,0,0,0,0
i have scopolamine patches with me but i hate to use them since they make me feel so weird but i think my plan is failing,22617,0,0,0,0,0,1,0,0,0,0,0,0
i hate that i sometimes feel resentful towards e and wonder why both baby if stuff and now our finances fall on to my shoulders,22700,0,0,0,0,0,1,0,0,0,0,0,0
i feel like somehow i am being hated,22730,0,0,0,0,0,1,0,0,0,0,0,0
i lived her life without the feeling of acceptance she felt as though trouble and misery followed her everywhere she went and that everyone hated her because of it,22759,0,0,0,0,0,1,0,0,0,0,0,0
i feel truly honoured by being on the top of the charts of shenoy s list of hate objects,22812,0,0,0,0,0,1,0,0,0,0,0,0
i loathe the moment i see your reflections on glass doors or windows because you have developed in me an inferiority complex that puts me feeling so low every time i look at you,22879,0,0,0,0,0,1,0,0,0,0,0,0
i feel hopeful for whatever comes next,22950,0,0,0,0,0,1,0,0,0,0,0,0
i feel reassured that whatever life sends my way with the lords help and good friends i will make it,22998,0,0,0,0,0,1,0,0,0,0,0,0
i hate feeling inadequate or like i cannot be independent so it is time to take that leap of faith,23003,0,0,0,0,0,1,0,0,0,0,0,0
i sword for close encounters sawed off shotgun when i m feeling particularly hateful and blood thirsty and some kind of automatic or semi automatic weapon for everything else,23049,0,0,0,0,0,1,0,0,0,0,0,0
i feel damn you sun not even the most hateful of my strikes could hope to lay a dent on you not to mention that destroying you would present me with a host of new problems to hell with you sun,23099,0,0,0,0,0,1,0,0,0,0,0,0
i feel a bit free to just write whatever the hell comes out of my brain,23115,0,0,0,0,0,1,0,0,0,0,0,0
i hate school and stress and i feel like im always neurotic,23206,0,0,0,0,0,1,0,0,0,0,0,0
i dont want to have to talk because i hate feeling vulnerable,23257,0,0,0,0,0,1,0,0,0,0,0,0
i get the feeling that i will be a horribly hated author in this group,23362,0,0,0,0,0,1,0,0,0,0,0,0
i hate feeling accused or under the spotlight especially since im innocent of stealing anything from them,23482,0,0,0,0,0,1,0,0,0,0,0,0
i dont know i really hate that lonely feeling i dont like the feeling of not being accepted though i often feel that way and just have to keep quiet cause i dont really have a person to share my stupid woes with,23484,0,0,0,0,0,1,0,0,0,0,0,0
i also hope they all feel that it was worth taking these shortcuts and becoming what they claimed they ve hated,23543,0,0,0,0,0,1,0,0,0,0,0,0
i generally get the feeling that pretty much everyone hates me,23595,0,0,0,0,0,1,0,0,0,0,0,0
i feel any sympathy whatsoever for the klan in any of its incarnations i find the idea of violent secret gangs of whatever stripe operating outside the law distinctly unappealing,23705,0,0,0,0,0,1,0,0,0,0,0,0
i feel so ad for him cause i know his pain its never gonna go away hes always gonna feel like garbage fuck i hate that people can be casual,23846,0,0,0,0,0,1,0,0,0,0,0,0
i cant really tell sometimes it seems to me shed be interested others i feel like its not going anywhere because im in the hated friend zone,23876,0,0,0,0,0,1,0,0,0,0,0,0
i feel hated i feel fake i am confused i am lost i am found i am hidden i am dead img src http img,23881,0,0,0,0,0,1,0,0,0,0,0,0
i like not feeling hated anymore at least by one person haha,24018,0,0,0,0,0,1,0,0,0,0,0,0
i feel hated exiled,24150,0,0,0,0,0,1,0,0,0,0,0,0
i really hate the feeling of being hated by many for some reason i just can t pin point,24275,0,0,0,0,0,1,0,0,0,0,0,0
i felt out of control i hated myself for feeling it then felt more out of control hated myself for hating that i hated it and it just got worse until i was walking to work in a haze trying to not curl up on the pavement and just,24314,0,0,0,0,0,1,0,0,0,0,0,0
i started to feel a gnawing sense of unease i blamed it on pms cold weather whatever i could think of until i returned home from indonesia on sunday,24323,0,0,0,0,0,1,0,0,0,0,0,0
i hate to have to stop it and for the past couple years thats been the case so many times i would just get involved into something feel this amazing flow beginning and without warning id have to come to a terrible stop oh,24330,0,0,0,0,0,1,0,0,0,0,0,0
i would never admit it but thats how i feel i feel so hated,24336,0,0,0,0,0,1,0,0,0,0,0,0
i hate to comment on fics when people reading well the few i read all the way through after finding such a basic mistake because i feel like im being to bitchy but i learned this in the th grade if not earlier,24437,0,0,0,0,0,1,0,0,0,0,0,0
i always listen to this song when i feel hated,24518,0,0,0,0,0,1,0,0,0,0,0,0
i feel some botl are getting hated on because they may dig certain cigars like acids or gurkhas,24520,0,0,0,0,0,1,0,0,0,0,0,0
i hate that feeling when im unsure about something and then my mind starts overplaying it trying to conclude it but then it just adds up more questions in your head,24573,0,0,0,0,0,1,0,0,0,0,0,0
i feel like a minority hated because of how i am feared not because of who i am what i look like or what i do but because of how i am made,24600,0,0,0,0,0,1,0,0,0,0,0,0
i hate feeling lonely here,24614,0,0,0,0,0,1,0,0,0,0,0,0
i still feel paranoid about it i hate this feeling lol,24640,0,0,0,0,0,1,0,0,0,0,0,0
i hate when people feel the need to act petty about stuff,24648,0,0,0,0,0,1,0,0,0,0,0,0
i feel ignored and hated,24678,0,0,0,0,0,1,0,0,0,0,0,0
i suddenly feel super hungry and i think its tied to whatevers going on inside me,24737,0,0,0,0,0,1,0,0,0,0,0,0
i hate feeling like i cant really talk about something even in my own journal without being told that im just paranoid and itll pass,24769,0,0,0,0,0,1,0,0,0,0,0,0
i dont know what i did but i feel very left out and hated,24795,0,0,0,0,0,1,0,0,0,0,0,0
i just feel that ive been hated even before i was born,24887,0,0,0,0,0,1,0,0,0,0,0,0
i feel like i am hated,24935,0,0,0,0,0,1,0,0,0,0,0,0
i feel like a victory over our hated rival would be a monster spring board toward bigger things and a loss would mean its not going to happen this year,24968,0,0,0,0,0,1,0,0,0,0,0,0
i hated the feeling that i might fall out and i hated the feeling of my stomach going up to my throat,24974,0,0,0,0,0,1,0,0,0,0,0,0
i hate to feel rushed wanted to eat my bagel and take a shower,25005,0,0,0,0,0,1,0,0,0,0,0,0
i hate to feel or be rushed or forced into unrealistic time constraints to get things accomplished properly and not leave anyone alone for too long,25022,0,0,0,0,0,1,0,0,0,0,0,0
i feel hateful when i think death is an option when many things irritate or anger me,25108,0,0,0,0,0,1,0,0,0,0,0,0
i hate to feel disliked for disappointing someone,25206,0,0,0,0,0,1,0,0,0,0,0,0
i still feel i have some explaining to do about something because im getting the sense that im kinda getting hated over it,25271,0,0,0,0,0,1,0,0,0,0,0,0
i just had a completely random unexpected joly of feeling hateful and bitter at life,25302,0,0,0,0,0,1,0,0,0,0,0,0
i feel like i m hated so much,25305,0,0,0,0,0,1,0,0,0,0,0,0
i hate feeling angry i dont even wanna think about tomorrow,25330,0,0,0,0,0,1,0,0,0,0,0,0
i feel every hated day i want it gone forever to go away,25360,0,0,0,0,0,1,0,0,0,0,0,0
i just hate to feel this humiliated,25380,0,0,0,0,0,1,0,0,0,0,0,0
i feel jealous becasue i wanted that kind of love the true connection between two souls and i wanted that,5,0,0,0,0,0,0,1,0,0,0,0,0
i feel like she has taken on the role of a grandmother to me since my beloved grandma is no longer with me,74,0,0,0,0,0,0,1,0,0,0,0,0
i feel like im back to the arms of a beloved last seen a long time ago,171,0,0,0,0,0,0,1,0,0,0,0,0
i am feeling so festive right now and not just because this was the lovely wintry scene when i walked the dog the other day a href http,356,0,0,0,0,0,0,1,0,0,0,0,0
i don t discuss even my feelings for beloved with anyone,380,0,0,0,0,0,0,1,0,0,0,0,0
i also love seeing a star emerge and i feel like in a few years everyone is gonna know and i can be one of those people who says obnoxious things like bah,403,0,0,0,0,0,0,1,0,0,0,0,0
im feeling kinda shaky my mind is full of doubt good luck love you,478,0,0,0,0,0,0,1,0,0,0,0,0
i love running because i feel strong and powerful and totally in control,486,0,0,0,0,0,0,1,0,0,0,0,0
i feel that popular bloggers dont post with freedom anymore there will always be part control rare exception is the blog love aesthetics,513,0,0,0,0,0,0,1,0,0,0,0,0
i can never fall in love with anyone because my feelings make me too dangerous,514,0,0,0,0,0,0,1,0,0,0,0,0
i feel scared and worthless when someone doesn t love me,518,0,0,0,0,0,0,1,0,0,0,0,0
i feel very passionate about a certain topic i love backing up my position with actual knowledge and facts instead of relying solely on opinions,576,0,0,0,0,0,0,1,0,0,0,0,0
i cant sleep and re read happy posts and i go past the one about picnic day and i get so happy im like james you make me so happy i love you and then repeat as soon as i feel jealous,594,0,0,0,0,0,0,1,0,0,0,0,0
i feel shy at the fact that i love these inanimate things,604,0,0,0,0,0,0,1,0,0,0,0,0
i got a bit caught up in the moment and forgot that at the core of the rude comments and silly songs were the real feelings of a beloved and brilliant comic actor and a very sweet and big hearted young woman,694,0,0,0,0,0,0,1,0,0,0,0,0
i think his uniform and glove make him feel very important too,703,0,0,0,0,0,0,1,0,0,0,0,0
i really like it a lot and think its a great fit for me and i love talking to the patients and trying to help them feel less nervous or at least that someone cares about them for a few minutes,809,0,0,0,0,0,0,1,0,0,0,0,0
i love that she doesnt always feel brave,816,0,0,0,0,0,0,1,0,0,0,0,0
i feel that time frame is going properly i m keen on you plenty probably we could repeat this once more and then the lady may possibly grin at you as well as claim the girl loves as well,873,0,0,0,0,0,0,1,0,0,0,0,0
i have these random moments where i feel suddenly very creative and would love to sit down and hear the tick tick tick of the keyboard keys as my thoughts spilled out onto the screen,952,0,0,0,0,0,0,1,0,0,0,0,0
i hate to say it but i felt a tinge of this same feeling last week as i watched my beloved red sox fall to the tampa bay devil rays,1005,0,0,0,0,0,0,1,0,0,0,0,0
i supposed to feel about a persom that i was wickdly in love with for so long for me who tells me that he will not see me when hes got a girlfriend because he can not be faithful to her if im around,1079,0,0,0,0,0,0,1,0,0,0,0,0
i feel tortured the one thing i love is the one thing that wont support me financially but i cringe when i think of spending years chained to a desk performing a job by wrote with little or no room for creativity or for anything else that matters,1095,0,0,0,0,0,0,1,0,0,0,0,0
i love how a whiff of a certain scent can take you back to a certain time or place remind you of a certain person and make you feel content or nostalgic,1122,0,0,0,0,0,0,1,0,0,0,0,0
i love it he makes me feel so greedy,1123,0,0,0,0,0,0,1,0,0,0,0,0
i miss how safe and comfortable he made me feel and how vulnerable i was able to be with him because i knew he loved me,1202,0,0,0,0,0,0,1,0,0,0,0,0
i did this especially feels strongly at the moment with gina who just died but had as fucked up as a family as you could ever imagine and wrote me letters during my misgivings and insecure times about how my love was enough,1207,0,0,0,0,0,0,1,0,0,0,0,0
i didn t have feelings for them but seriously after a while how do you feel love for someone who treats you with such disregard i was faithful and loyal,1218,0,0,0,0,0,0,1,0,0,0,0,0
i suppose if one were to love someone one would feel doubtful,1224,0,0,0,0,0,0,1,0,0,0,0,0
i love that its adoption of a teenager which many people feel afraid to consider,1235,0,0,0,0,0,0,1,0,0,0,0,0
i have a lovely nesty feeling after looking at all that cute teeny weeny clothing,1255,0,0,0,0,0,0,1,0,0,0,0,0
i love feeling brave,1269,0,0,0,0,0,0,1,0,0,0,0,0
i love the way he talks sometimes i feel shy when i was inside him,1277,0,0,0,0,0,0,1,0,0,0,0,0
i think if a poem doesn t put pressure on me i don t feel uncomfortable in the sense of feeling more than i can feel understanding more than i can understand loving more than i am able to be in love,1365,0,0,0,0,0,0,1,0,0,0,0,0
i love gives me a great feeling of contented accomplishment,1391,0,0,0,0,0,0,1,0,0,0,0,0
i feel very lucky and it is nice to be able to buy some lovely resources for the little ones i care for,1458,0,0,0,0,0,0,1,0,0,0,0,0
i feel heartless now feeling bored and not believe in love anymore,1510,0,0,0,0,0,0,1,0,0,0,0,0
i love those ted talks i feel intimidated more than inspired because greater than great can be found in simplicity too,1522,0,0,0,0,0,0,1,0,0,0,0,0
i mean geez cara was raised not to feel compassion she had all love and feeling tortured and beaten from her at a very young age thats how the mord sith work,1601,0,0,0,0,0,0,1,0,0,0,0,0
i absolutely love this skinny fiber it is doing wonders for me and i feel fabulous,1659,0,0,0,0,0,0,1,0,0,0,0,0
i probably love a handful of friends too but i always feel a bit strange when describing this as love,1678,0,0,0,0,0,0,1,0,0,0,0,0
i feel like im actually supporting myself by making use of what i know and love,1688,0,0,0,0,0,0,1,0,0,0,0,0
i just hope we can help him feel less afraid and more supported and loved,1692,0,0,0,0,0,0,1,0,0,0,0,0
i am feeling brave and lucky kind of like my heart is breaking and im falling in love all at the same time,1694,0,0,0,0,0,0,1,0,0,0,0,0
i love doing kim kardashion make up tutorials i always feel so glamorous with all that make up on,1728,0,0,0,0,0,0,1,0,0,0,0,0
i just love the feeling of something warmly hugging you and feeling so precious and small precious to someone something,1736,0,0,0,0,0,0,1,0,0,0,0,0
i don t feel like i m being pressured to do anything and i don t feel like making love to my husband has any connection to the assaults and rapes,1766,0,0,0,0,0,0,1,0,0,0,0,0
i hope that i look back on this in the future and feel glad i documented all her small ways and feel if possible even more love for her than i do now,1784,0,0,0,0,0,0,1,0,0,0,0,0
i love taking in peoples smiles the way children giggle the gorgeous way little ones move closer to their moms if strangers smile at them and they feel scared the way teenagers are boisterous and full of life and hopes,1800,0,0,0,0,0,0,1,0,0,0,0,0
i can feel that she smiled i love you even more gorgeous,1813,0,0,0,0,0,0,1,0,0,0,0,0
i remember just knowing you were crazy in love with me without a shadow of a doubt and you made me feel gorgeous always,1886,0,0,0,0,0,0,1,0,0,0,0,0
i feel pressured in social situations yes but not as much anymore i love my body enough to not abandon it for the sake of someone else s beliefs,1887,0,0,0,0,0,0,1,0,0,0,0,0
i hope i did not make you feel greedy o shit i hope i did not make you feel greedy or whore like sniiiiifff honey i was just trying to make you feel loved and happy,1919,0,0,0,0,0,0,1,0,0,0,0,0
i can do all things through christ who gives me strength is a lovely little verse that i repeat over and over when im feeling a little unsure about something,1941,0,0,0,0,0,0,1,0,0,0,0,0
i hate feeling so despised and detested by someone who i truly care for and completely love,1942,0,0,0,0,0,0,1,0,0,0,0,0
i do find that this question puts me right at the edge of bringing the love of the dharma into the world an edge that i feel is vital and necessary,1971,0,0,0,0,0,0,1,0,0,0,0,0
i hated that i hurt him with my feelings i hated that i was dating somebody i didn t love i hated that i pretended lied to a friend i really treassured,2040,0,0,0,0,0,0,1,0,0,0,0,0
i need some to hold me to hug me like they love me really love me to be there in quiet to just sit to be there just to stop me doing something stupid it cant be my parents cos i know id just run i cant run from other people i feel rude,2070,0,0,0,0,0,0,1,0,0,0,0,0
i love the treadmill and i am actually so used to it that i actually feel intimidated running outside,2089,0,0,0,0,0,0,1,0,0,0,0,0
i feel and bring him and coming against a savage the wax doll in the clouds blown across to tak my own feeling that be the bare feet were they were moving fast as i brought it as i love in a time for he yet i made him,2094,0,0,0,0,0,0,1,0,0,0,0,0
i feel your innocent love,2152,0,0,0,0,0,0,1,0,0,0,0,0
when my boyfriend last told me he loved me after i gave him an impulsive kiss,2159,0,0,0,0,0,0,1,0,0,0,0,0
i really loved the day which made me feel such gratitude that we were having such a wonderful day which made me feel very happy,2197,0,0,0,0,0,0,1,0,0,0,0,0
i want every woman to feel the kind of love from god that sheri shares in her letters from the king and i am positive that she does too,2217,0,0,0,0,0,0,1,0,0,0,0,0
i love everything that were learning about and feel really passionate about design,2227,0,0,0,0,0,0,1,0,0,0,0,0
i want to feel your sweet embrace but dont take that paper bag off your face i love your smile face and eyes damn im good at telling lies,2267,0,0,0,0,0,0,1,0,0,0,0,0
i feel like i was lucky like a four leaf clover,2274,0,0,0,0,0,0,1,0,0,0,0,0
i love the smell it makes me feel invigorated and fresh and happy,2302,0,0,0,0,0,0,1,0,0,0,0,0
i was going to be loved made me feel a woman like me could be valuable that i stood a chance there was more out there and told me that i could get over him it was a lazy bandaid where i didn t have to better my character i could just hope,2317,0,0,0,0,0,0,1,0,0,0,0,0
i feel very lucky to live in a warm home with the three people i love most,2368,0,0,0,0,0,0,1,0,0,0,0,0
i feel the love and i thank you for it pagetitle popular news abc news u,2385,0,0,0,0,0,0,1,0,0,0,0,0
i love the long summer evenings where you can shoot into o clock and not feel as pressured as the short daylight hours winter provides,2393,0,0,0,0,0,0,1,0,0,0,0,0
i just love the colors and the way the yarns feel i also love supporting small businesses and it allows me to provide quality products in my own shop,2397,0,0,0,0,0,0,1,0,0,0,0,0
i love feeling like i am truly making a difference in students lives although sometimes i am unsure,2445,0,0,0,0,0,0,1,0,0,0,0,0
i love the porn industry and i feel satisfied and fulfilled working in it i have to say that it doesn t really bring in the big bucks,2491,0,0,0,0,0,0,1,0,0,0,0,0
i feel only love yesterday it brought tears to my eyes to hear him say that today i realize that it was why it was so special to be with them i was surrounded by love,2526,0,0,0,0,0,0,1,0,0,0,0,0
i searched long and hard for a bad review telling me that i shouldnt buy into something i feel so apprehensive about but i only found that people loved and swore by f,2530,0,0,0,0,0,0,1,0,0,0,0,0
i am quite a regular reader of your blog and each time i read an experience i feel the greatness and kindness of our beloved father sai,2532,0,0,0,0,0,0,1,0,0,0,0,0
i feel myself being sucked back in and this vicious cycle starts again every time you open the door and every time you show me more you back back any hints of love what is it that youre afraid of,2590,0,0,0,0,0,0,1,0,0,0,0,0
i love tall guys they make me feel so little and innocent however innocent was the last thing that i was that night,2638,0,0,0,0,0,0,1,0,0,0,0,0
i love the rainbow look that i have going on and think that it feels really festive i just hope the kids don t feel like it s suppose to be a constant party in our classroom thanks to the tissue paper balls,2670,0,0,0,0,0,0,1,0,0,0,0,0
i feel uptight love had to show me one thing i was so right,2686,0,0,0,0,0,0,1,0,0,0,0,0
i love being comfy that is my main goal when i look for new clothes i cannot stand feeling uncomfortable in something,2724,0,0,0,0,0,0,1,0,0,0,0,0
i loved how all his pack mates bonded with her the touchy feely way they were with each other was sweet,2726,0,0,0,0,0,0,1,0,0,0,0,0
i love comments so feel free to post one,2769,0,0,0,0,0,0,1,0,0,0,0,0
ive always heard choose one feauture to play up eyes or lips then tone down the other feautures and i love this rule i feel envious of selena here she is soo pretty she has lovely dark hair and great eyes she can wear such a wide colour range,2848,0,0,0,0,0,0,1,0,0,0,0,0
i feel a tranquil and eloquent charm his praise array delights me thought of legard but he loved me not,2873,0,0,0,0,0,0,1,0,0,0,0,0
i don t know what it feels like to be in love so i m starting to get scared that i don t actually love him,2874,0,0,0,0,0,0,1,0,0,0,0,0
i love lots of different kinds of sports and love hanging out with my friends in my free time i also have an unhealthy up session with greys anatomy im feeling ecstatic about being in ty,2897,0,0,0,0,0,0,1,0,0,0,0,0
i feel like i m watching another copy of my beloved son created for the english speaking world being wonderful clever and delightful in new and different ways,2902,0,0,0,0,0,0,1,0,0,0,0,0
im feeling the moxie fab love cath script src http www,2941,0,0,0,0,0,0,1,0,0,0,0,0
i constantly feel lied to and wronged by them i love these people to death,2973,0,0,0,0,0,0,1,0,0,0,0,0
i was feeling joy happiness ecstasy triumph or love i felt contented somehow,2980,0,0,0,0,0,0,1,0,0,0,0,0
i see lovers i feel envious i want someone to be there for me,3036,0,0,0,0,0,0,1,0,0,0,0,0
i first held my scotty i knew i was in love with my high priced bundle of joy but i couldnt help feeling apprehensive about what the time to come holds,3088,0,0,0,0,0,0,1,0,0,0,0,0
i posted this lovely picture on instagram and was feeling slightly rebellious walking on that plane feeling,3095,0,0,0,0,0,0,1,0,0,0,0,0
i loved a person and he went away it wasnt necessary that he left me to reach his goals,3103,0,0,0,0,0,0,1,0,0,0,0,0
i love this because to me it should leave the reader feeling confused and slightly deceived,3108,0,0,0,0,0,0,1,0,0,0,0,0
i am going to clean the slate by unilaterally forgiving those i feel have wronged me or someone i love intentionally or through carelessness so that i thereby in time can forget the perceived insults and abuses,3119,0,0,0,0,0,0,1,0,0,0,0,0
i wanted that sacred experience to feel that divine communion with the god of my understanding i wanted to feel sublime love in sacred terms,3122,0,0,0,0,0,0,1,0,0,0,0,0
i am just so sick of feeling hated and lonely and dumb and unloved and forgotten,3202,0,0,0,0,0,0,1,0,0,0,0,0
i truly felt that when i left friday you were smiling and feeling i had respected you and you thinking i was a teasing little heathen you loved who enjoys arousing you with an animal delight,3232,0,0,0,0,0,0,1,0,0,0,0,0
i love the most about them is the slight cat eye shape of the lenses they instantly make me feel likeaudrey hepburn in breakfast at tiffanys so glamorous and of course that gorgeous case doesnt hurt either,3282,0,0,0,0,0,0,1,0,0,0,0,0
i take the offense that is most frightening to me when i am feeling the most vulnerable in close relationships with others and i draw that offense and all my frightful vulnerability into the love of god into the mercy seat that fills me full,3346,0,0,0,0,0,0,1,0,0,0,0,0
i love sliding down on a nice big throbbing cock and feeling what my gorgeous body does to a man,3351,0,0,0,0,0,0,1,0,0,0,0,0
i got lots o crazy shit going on but i am loved and feel hopeful about the future,3537,0,0,0,0,0,0,1,0,0,0,0,0
id love to hear how any of you handle these types of situations as well so if you have any stories of your own feel free to share,3551,0,0,0,0,0,0,1,0,0,0,0,0
i am back in the shire and although it is lovely to be reunited with fields once more i am feeling a bit restless and missing london life,3567,0,0,0,0,0,0,1,0,0,0,0,0
im being particular but id feel uncomfortable even asserting ive ever been in love,3575,0,0,0,0,0,0,1,0,0,0,0,0
i really love the feeling of being scared,3594,0,0,0,0,0,0,1,0,0,0,0,0
i looked at my husband and even though i love him with all the love in my heart the feelings i felt for him today when he was stood there so vulnerable grew so deep and strong and i didnt realise that i could love him anymore,3612,0,0,0,0,0,0,1,0,0,0,0,0
i have loved not feeling rushed here,3638,0,0,0,0,0,0,1,0,0,0,0,0
i may be starting to feel paranoid or maybe insecure but im just a mere human being who yearns to be loved to be cared of and to be noticed,3845,0,0,0,0,0,0,1,0,0,0,0,0
i feel like most designers shy away from using color in the kitchen so i just love how julia incorporated bright splashes of orange blue and green throughout the space,3862,0,0,0,0,0,0,1,0,0,0,0,0
i don t want you to feel pressured into making love,3869,0,0,0,0,0,0,1,0,0,0,0,0
i feel your soul in mine calling for our beloved,3888,0,0,0,0,0,0,1,0,0,0,0,0
ill feel uncomfortable although i always heard people or friends around calling their loved one honey babe my angel darling peaches pickle gt,3931,0,0,0,0,0,0,1,0,0,0,0,0
i enjoy feedback and love comments on my posts so please do not feel afraid,3946,0,0,0,0,0,0,1,0,0,0,0,0
i was starting to feel resentful towards ah kiat with regards to his obsessive and anal approach towards the house and forgetting he has only treated me with lots of love care and attention so far since weve been together,3952,0,0,0,0,0,0,1,0,0,0,0,0
im just trusting in my feelings and im trusting god above and im trusting you can give this baby both his mothers love,3963,0,0,0,0,0,0,1,0,0,0,0,0
ive been feeling the demands of my three beloved males pushing and pulling spinning me around as i dance to the beat of their drum,3981,0,0,0,0,0,0,1,0,0,0,0,0
i see other people writing about love when they have just brokeup and finding another person in his her life i kinda feel so disgusted,3998,0,0,0,0,0,0,1,0,0,0,0,0
i say whatever comes in my mind tell you directly what i feel a jealous girl not because i m insecure but because i just love that person a trust worthy friend sweet to the one i love,4024,0,0,0,0,0,0,1,0,0,0,0,0
i prayed for love for the people that i was feeling bitter towards and that they would find what was best for them,4089,0,0,0,0,0,0,1,0,0,0,0,0
i love about my job i still feel dissatisfied,4121,0,0,0,0,0,0,1,0,0,0,0,0
i dont read into traditions because i love them so much so to me when a stranger opens my door i dont feel offended or like he is trying to send a message to me and the rest of the world that i cant open it myself,4134,0,0,0,0,0,0,1,0,0,0,0,0
i reach for your hand feel its warmth sense a strange mysterious connection the greater sea of lives intimately shared and buoyed by a wave of love hope and joy surrender to its greater transcendent surge letting it take me wherever it will,4320,0,0,0,0,0,0,1,0,0,0,0,0
i am feeling so much love for my own mother and appreciative of all that she has done for me,4335,0,0,0,0,0,0,1,0,0,0,0,0
i think you said beautiful things to them and i think you meant them you loved being with them i think you made them feel terrific,4384,0,0,0,0,0,0,1,0,0,0,0,0
i love my job and know that the surgeries were doing are emergencies i always feel resentful especially when it is am and i was sleeping,4436,0,0,0,0,0,0,1,0,0,0,0,0
i do love life and i do love to laugh and i enjoy the funny side of things because honestly if i dont look at the funny side of things i would spend the majority of my life feeling pissed off over the stupid things that people do,4439,0,0,0,0,0,0,1,0,0,0,0,0
i feel really wonderful about myself and love the life i live,4455,0,0,0,0,0,0,1,0,0,0,0,0
i love the feeling of running in the cold when you can see your breath and cold air seems to refresh you from the inside out,4476,0,0,0,0,0,0,1,0,0,0,0,0
i hate even doing this because i feel like it s rude but i must say i love the blog it came from and this is no insult to the food photography because i enjoy it,4536,0,0,0,0,0,0,1,0,0,0,0,0
i love this projector it is old it has an old smell to it not displeasing just old and slightly musty it is from the early s i feel like i am in my own little episode of mad men when we set it up to watch something on it,4579,0,0,0,0,0,0,1,0,0,0,0,0
i may or may not have cried when thanking them for making my children feel so special and loved,4603,0,0,0,0,0,0,1,0,0,0,0,0
i love comments so feel free,4619,0,0,0,0,0,0,1,0,0,0,0,0
i always loved the blue angels and i feel so privileged and proud to be a blue angel burmeister said,4652,0,0,0,0,0,0,1,0,0,0,0,0
im starting to not buy the whole everything happens for a reason bit or god has a plan b c i feel that god is love and theres no way that he would torture me and other women like weve been tortured dealing w fertility issues,4671,0,0,0,0,0,0,1,0,0,0,0,0
i feel terribly like cassandra locking myself in attics and barns to write in beloved journals warmed by my ginger cat mine huckleberry and hers abelard,4675,0,0,0,0,0,0,1,0,0,0,0,0
i am so connected with families that are not my own and i love them so much and so i feel blessed to find a family to be connected with on so many different levels,4687,0,0,0,0,0,0,1,0,0,0,0,0
i just feel weird doing it but i want to make sure he feels loved in there,4716,0,0,0,0,0,0,1,0,0,0,0,0
im feeling selfish enough to start this lovely scarf for myself,4771,0,0,0,0,0,0,1,0,0,0,0,0
i want to feel valued i do and appreciated i do and know the people who love me arent going anywhere even if the nature of the relationship changes,4811,0,0,0,0,0,0,1,0,0,0,0,0
i have always loved my jobs and loved to work and i truly feel like being back there with my patients and co workers will do me a lot of good even if it is only for a few weeks,4812,0,0,0,0,0,0,1,0,0,0,0,0
i feel like the heartless from kingdom hearts or really any stock character that is born without feelings and watches enviously as the normal people laugh cry love and feel things that i can t,4818,0,0,0,0,0,0,1,0,0,0,0,0
i have the best conversations and the best time together unlike any ive had before but i feel like being totally in love with him does no good when he could care less about some stupid sophomore,4838,0,0,0,0,0,0,1,0,0,0,0,0
i feel selfish for that choice i made i just beg that you dont let your love for me go away,4849,0,0,0,0,0,0,1,0,0,0,0,0
i dontknow why but i never feel this way with anyone else i really cant be without linus i love him which i never thought i could ever love anyone after went through few fucked up relationship,4872,0,0,0,0,0,0,1,0,0,0,0,0
i feel really angry sometimes because for the love of god havent we been through enough,4884,0,0,0,0,0,0,1,0,0,0,0,0
i know a lot of people are whining that a first boot cant possibly be a favourite but you guys know how i feel about my beloved a href http winterpaysforsummer,4938,0,0,0,0,0,0,1,0,0,0,0,0
i feel so bitchy talking about myself this way ahaha i sound less retarded telling this story in person i swear and said if i were a boy i would fall in love with you,4940,0,0,0,0,0,0,1,0,0,0,0,0
i love the response i get from the students and it is such a good feeling when someone who is obviously shy comes and talks to you even if their english isnt great,4975,0,0,0,0,0,0,1,0,0,0,0,0
i felt low at this point with missing people i know and i love but feeling helpless to do it,5011,0,0,0,0,0,0,1,0,0,0,0,0
i love him but i feel threatened with him around a little,5016,0,0,0,0,0,0,1,0,0,0,0,0
i love the feeling of the cold nipping at my nose while im in warm clothes,5066,0,0,0,0,0,0,1,0,0,0,0,0
i get to tell her that i love her to make her feel valued and appreciated to tell her how beautiful and intelligent she is i do,5072,0,0,0,0,0,0,1,0,0,0,0,0
i feel like i ve been neglecting my beloved mom blog,5113,0,0,0,0,0,0,1,0,0,0,0,0
i always feel so delighted to know that there are so many other people who are just as inspired and in love with the old fashioned graphics and illustrations as i am,5161,0,0,0,0,0,0,1,0,0,0,0,0
i murakami but the first that i feel captures what makes him so beloved by his fans,5174,0,0,0,0,0,0,1,0,0,0,0,0
i love the look of the black and i feel like that would be the smart choice but im kind of drawn to the rich blue or grayish blue,5182,0,0,0,0,0,0,1,0,0,0,0,0
i will adress those issues and attempt to reason with them so they may feel less threatened and more supported and loved,5191,0,0,0,0,0,0,1,0,0,0,0,0
i can see the shallow of many lives and if i try to give love or atention to that person then i can see the distance and the confusion looks to me that people stop trusting others and feel insulted or misstreated by affeccion,5221,0,0,0,0,0,0,1,0,0,0,0,0
i can remember when cammie was a couple of months old looking at her sweet innocent face and just sobbing thinking about her going to school the thought that someone would hurt her feelings be unkind to her be unfair to her the thought that a teacher might be mean to her or not love her,5226,0,0,0,0,0,0,1,0,0,0,0,0
im tired of crying then feeling content and loved then going back to crying again,5272,0,0,0,0,0,0,1,0,0,0,0,0
i love wearing new shoes i just feel so glamourous and when i get a pair of designer shoes i love the box and all the trimmings that come with them,5396,0,0,0,0,0,0,1,0,0,0,0,0
i guess were annoyed agiatated and my sis feels hated darn cos i told her shes a geek i love you amy,5465,0,0,0,0,0,0,1,0,0,0,0,0
i cant even explain how difficult it is to tear yourself away from something you both love and feel doubtful of,5479,0,0,0,0,0,0,1,0,0,0,0,0
i can feel what hes feeling but not quite because this is his own beloved brother,5513,0,0,0,0,0,0,1,0,0,0,0,0
i feel like im gonna be so greedy with him cuz i just love him so much,5531,0,0,0,0,0,0,1,0,0,0,0,0
i don t want to tell people how my first was with you and how you made me feel i don t want to think that you re the most gorgeous guy i ve ever seen and i love how other people disagree because i don t want them to see how truly wonderful you are to me,5586,0,0,0,0,0,0,1,0,0,0,0,0
i feel like im too frickin uptight to let loose enough to love anyone else or more importantly myself,5617,0,0,0,0,0,0,1,0,0,0,0,0
i love rocking her to sleep at nap time during the day and not feeling rushed or exhausted,5713,0,0,0,0,0,0,1,0,0,0,0,0
i hate the moment when i completely feel perfect with people around me whom i love the most suddenly disappear,5719,0,0,0,0,0,0,1,0,0,0,0,0
i had gone to the cumberland earlier that week so had met a few of n amp h friends prior to the weekend which was really lovely as since moving away i feel there are so many wonderful people i don t know,5814,0,0,0,0,0,0,1,0,0,0,0,0
i care about someones emotional spiritual and intellectual progress to the point where i feel like i should exert myself in that progress and its important to me that is love,5868,0,0,0,0,0,0,1,0,0,0,0,0
i love the combination of lavender and orange scent but feel free to substitute any other fragrance oil or essential oils that you wish,5878,0,0,0,0,0,0,1,0,0,0,0,0
i feel like a jerk because the library students who all claim to love scrabble cant be bothered to participate and clearly scrabble is an inappropriate choice for a group of students whose native language isnt english,5950,0,0,0,0,0,0,1,0,0,0,0,0
i would imagine this is just one of the reasons why marriage is so hard because theyll see all the good bad and ugly parts of you the parts that make it hard for you to love yourself and it feels even more awful when you feel like those parts are exposed to other people and i dont know,5961,0,0,0,0,0,0,1,0,0,0,0,0
i found jason s observation very helpful in restating a truth i learned some years ago as my wife and i now together for years went through some times when you love someone trust can feel an awful lot like letting go,5972,0,0,0,0,0,0,1,0,0,0,0,0
i think a guy can make up for lacking funds in romantic ways to make his lady feel taken care of and loved,5979,0,0,0,0,0,0,1,0,0,0,0,0
i would want to thank them for letting my heart feel the lovely phenomenon for the first time,5988,0,0,0,0,0,0,1,0,0,0,0,0
im still me its just im feeling affectionate here lately,6025,0,0,0,0,0,0,1,0,0,0,0,0
i like super committed like to the point where i feel like i could honestly see myself marrying the person and am not a fan of casual sex or sex without love or any of that does your mate need to be taller than you,6049,0,0,0,0,0,0,1,0,0,0,0,0
i really love reading bible because i can feel the presence of the lord jesus and i feel every single word it says and also amazed on how this and that happened how jesus sacrifice just to save us from our sin and also looking back then on how he created everything in this world,6053,0,0,0,0,0,0,1,0,0,0,0,0
im emotionally drained my head is lowered although my body is not in the corner rocking back and forth thats how i feel what do you do when someone is too stubborn to love you,6070,0,0,0,0,0,0,1,0,0,0,0,0
i think the book blogger slump hits whenever this blog starts to feel like work instead of a beloved pastime,6104,0,0,0,0,0,0,1,0,0,0,0,0
i love travel and out of that developed a love of photography however i began to feel that the type of travel photography i was doing even though it was commercially successful was very unsatisfying and clearly not expressing any of my personality or thoughts on the world,6120,0,0,0,0,0,0,1,0,0,0,0,0
i feel very privileged to have shared this event with everyone and highly recommend it to potterheads fans of things or just people who love reading,6139,0,0,0,0,0,0,1,0,0,0,0,0
i really hate that feeling of getting ignored by someone u love,6171,0,0,0,0,0,0,1,0,0,0,0,0
i also remember what it feels like to be and in love and confused and exhilarated and nervous and happy and independent and perhaps just slightly out of control,6264,0,0,0,0,0,0,1,0,0,0,0,0
i feel love the collection target blank title click here if you liked this article,6281,0,0,0,0,0,0,1,0,0,0,0,0
i felt a profound and dramatic shift into feeling being that divine love that i was longing for,6289,0,0,0,0,0,0,1,0,0,0,0,0
i hate the moment when i completely feel perfect with people around me whom i love the most suddenly disappear,6300,0,0,0,0,0,0,1,0,0,0,0,0
i saw what he could do and then when he told me everything it was like everything just clicked and i suddenly saw him for who he really was and all these feelings id repressed came to the surface and i realized that i love him,6302,0,0,0,0,0,0,1,0,0,0,0,0
i love to feel useful,6303,0,0,0,0,0,0,1,0,0,0,0,0
i expect to beaten down to give until i feel as if i can give no more to love without being loved always to continually pray to feel pain for my children and because of my children,6312,0,0,0,0,0,0,1,0,0,0,0,0
i love having that feel of my stomach hurting every time i see that person i really like i love cuddling and kissing all day and just seeing them smile while therere saying sweet things to me to make me feel great about myself,6331,0,0,0,0,0,0,1,0,0,0,0,0
i love reading books about how best to educate kids in part because i care very strongly about the issue and in part because i like to feel inadequate,6333,0,0,0,0,0,0,1,0,0,0,0,0
i love old urban stuff to paint and often feel that it is my job to make the ugly look beautiful with paint,6338,0,0,0,0,0,0,1,0,0,0,0,0
i love a lot of other things too but ill write all that stuff down when im feeling clever and witty enough,6346,0,0,0,0,0,0,1,0,0,0,0,0
i love what i do but every year i have my moments of feeling disheartened,6384,0,0,0,0,0,0,1,0,0,0,0,0
i can imagine how it feels to be in love and have that ecstatic top of the world feeling,6406,0,0,0,0,0,0,1,0,0,0,0,0
i ended up getting this lovely knit that i thought would be great for autumn winter it feels lovely and drapes beautifully,6416,0,0,0,0,0,0,1,0,0,0,0,0
i love feeling useful,6421,0,0,0,0,0,0,1,0,0,0,0,0
i feel rebellious and some rules are begging to be broken let s have some fun here s a list of the top real estate blogging rules i love to break and the contributors can too,6423,0,0,0,0,0,0,1,0,0,0,0,0
i feel such love for you and i m contented with my life now,6444,0,0,0,0,0,0,1,0,0,0,0,0
i find that by mid march i am so done with my winter diet and feel like i just want to eat some lovely fresh fruit,6458,0,0,0,0,0,0,1,0,0,0,0,0
i love how he makes me feel so intimidated when it comes to music,6478,0,0,0,0,0,0,1,0,0,0,0,0
i feel in me sparkle sweet passion aretha love all the hurt away jump to it the jamaica world music festival greatest hits whos zooming who aretha i knew you were waiting for me feat,6503,0,0,0,0,0,0,1,0,0,0,0,0
i can feel her frustration in her vocals and i love how passionate she is,6513,0,0,0,0,0,0,1,0,0,0,0,0
i really loved the cool feeling on my aching knee,6517,0,0,0,0,0,0,1,0,0,0,0,0
i do not want to feel unimportant or unloved or a nuisance any more,6577,0,0,0,0,0,0,1,0,0,0,0,0
i feel very loved lt,6579,0,0,0,0,0,0,1,0,0,0,0,0
i feel loved and cherished and safe,6592,0,0,0,0,0,0,1,0,0,0,0,0
i feel like i am being punished forced to leave this place i love,6613,0,0,0,0,0,0,1,0,0,0,0,0
i want to understand how to be in love so in love with my partner and not feel really terrible about myself when i hear him say wow shes hot or yeah shes fucking amazing,6679,0,0,0,0,0,0,1,0,0,0,0,0
ive broken them in and they feel lovely until ive stood in them for four hours straight,6692,0,0,0,0,0,0,1,0,0,0,0,0
i feel like my beloved city is going to ruins,6703,0,0,0,0,0,0,1,0,0,0,0,0
i had sex the first time it just made me feel disgusted with myself why cos all of the shitty people who said to love another guy was wrong,6794,0,0,0,0,0,0,1,0,0,0,0,0
i have those quiet moments where sales slow down i feel un loved and un appreciated i hold on to what my son said,6823,0,0,0,0,0,0,1,0,0,0,0,0
i feel this will make the ring lovely and tactile by the end,6861,0,0,0,0,0,0,1,0,0,0,0,0
i am strangely drawn to you why should i feel love for a heartless bastard,6863,0,0,0,0,0,0,1,0,0,0,0,0
i can feel the splendor here its a lovely place,6878,0,0,0,0,0,0,1,0,0,0,0,0
i love the work that i do and i feel lucky to be a part of the a href http momstown,6894,0,0,0,0,0,0,1,0,0,0,0,0
i feel so unloved here,6899,0,0,0,0,0,0,1,0,0,0,0,0
i can t shake the feeling that my beloved console simply doesn t care about me anymore,6902,0,0,0,0,0,0,1,0,0,0,0,0
i had a feeling that the reason my beloved steam cleaner appeared on the curb wasn t that it worked perfectly but a cash strapped gal can hope can t she,6905,0,0,0,0,0,0,1,0,0,0,0,0
i usually hat taking them surrounded by trees i have a feeling they never turn out good but this time i loved the colors,6973,0,0,0,0,0,0,1,0,0,0,0,0
i am deeply in love can make me feel worthwhile,6984,0,0,0,0,0,0,1,0,0,0,0,0
i love the tingly feeling from their lip products and im impressed with the quality of the mascara so far too,7009,0,0,0,0,0,0,1,0,0,0,0,0
i feel about being back at work after a lovely long weekend pfft,7013,0,0,0,0,0,0,1,0,0,0,0,0
i also got the feeling that many of the pieces i loved most were from the lovely eclectic translation expensive boutiques in paris,7043,0,0,0,0,0,0,1,0,0,0,0,0
i thought maybe dating someone would cure me of this feeling so when a lovely japanese guy fell for me i went with it in the hope that i would grow more fond of him,7050,0,0,0,0,0,0,1,0,0,0,0,0
i feel like if i continue this i will turn into my beloved whale,7081,0,0,0,0,0,0,1,0,0,0,0,0
i feel like they embody some of the dynamics of my beloved sauvignon blanc with a tad bit more sugar,7116,0,0,0,0,0,0,1,0,0,0,0,0
i feel so honored and i love her sketches,7119,0,0,0,0,0,0,1,0,0,0,0,0
i am grateful for my new calling and for all the amazing girls and leaders in the ward who have already made me feel welcomed and loved,7153,0,0,0,0,0,0,1,0,0,0,0,0
i dont feel ashamed timid embarassed or anything else along those lines when im around him because i know he will still love me for me at the end of the day,7158,0,0,0,0,0,0,1,0,0,0,0,0
i still feel like i am going to pass out every time i think of our handsome credit but i must really love the house because i am prepared to close my eyes and stomach the fact that we are in debt for xx years,7163,0,0,0,0,0,0,1,0,0,0,0,0
i desperately wanted to love leave me feeling unsure if i will read more by this author,7173,0,0,0,0,0,0,1,0,0,0,0,0
i know is i was feeling so sure of my love for him that i felt i could let go of him and survive,7199,0,0,0,0,0,0,1,0,0,0,0,0
i dont know how else to describe it except to say that i had the same feeling about three weeks before my beloved grandmother passed away,7209,0,0,0,0,0,0,1,0,0,0,0,0
i walked to the side gate walking pass the canteen from far i saw a dude quite tall but i couldnt see his face because i wasnt wearing my specs until i walk nearer its him the one i used to love the most i feel distressed,7263,0,0,0,0,0,0,1,0,0,0,0,0
i think has been a blessing because i feel you get everything you loved about the first one but you get so much more this time around,7313,0,0,0,0,0,0,1,0,0,0,0,0
i feel about my beloved,7323,0,0,0,0,0,0,1,0,0,0,0,0
i feel many insects taking over a more lovely sound of assurance,7370,0,0,0,0,0,0,1,0,0,0,0,0
i feel like were aloft yet i feel the loves gentle balm,7405,0,0,0,0,0,0,1,0,0,0,0,0
ive learnt that you will feel allahs love at times when you are feeling so unloved and that that love is enough,7507,0,0,0,0,0,0,1,0,0,0,0,0
i did this especially feels strongly at the moment with gina who just died but had as fucked up as a family as you could ever imagine and wrote me letters during my misgivings and insecure times about how my love was enough,7511,0,0,0,0,0,0,1,0,0,0,0,0
i love feeling reassured,7617,0,0,0,0,0,0,1,0,0,0,0,0
i know sometimes to others this may feel as though people are thinking as though you can not do things on your own you may feel insulted yet it is the total opposite they do it from their heart they do it with love,7649,0,0,0,0,0,0,1,0,0,0,0,0
i wouldnt waste time fucking everything that moves but sex as a physical expression of the love i feel for my beloved would be neat,7659,0,0,0,0,0,0,1,0,0,0,0,0
i love getting into bed i love the feeling of my sheets how supportive my mattress is the big body pillow named lucy from rachel that i cant figure out a use for except when using my bed as a couch type seater for watching movies on my mac,7660,0,0,0,0,0,0,1,0,0,0,0,0
i feel messy sometimeswhy the cheat is necessary in the love,7782,0,0,0,0,0,0,1,0,0,0,0,0
i don t feel beaten i feel more like a sword that s been put through the fire and then afterwards it becomes all sharp fl so you ve gone through horrors that i can t imagine you grew up without without any love,7783,0,0,0,0,0,0,1,0,0,0,0,0
i have been absent from my beloved great britain for the majority of this year i feel like it has been a positive time for my country in terms of restoring national pride,7820,0,0,0,0,0,0,1,0,0,0,0,0
i often feel unloved not good enough and shoved off to the side,7824,0,0,0,0,0,0,1,0,0,0,0,0
id love to hear what the artist was thinking feeling seeing doing when he was inspired to paint this,7830,0,0,0,0,0,0,1,0,0,0,0,0
i will throw it in the trash the moment i feel someone is not sincere but i honestly have love in my heart and i am trying to prove that,7832,0,0,0,0,0,0,1,0,0,0,0,0
i also cant stand the fact that not everything is okay and that i feel so unloved and unmotivated and my own world is ignoring me and theres nothing i can do but cry and keep my feet together or else ill breakdown,7836,0,0,0,0,0,0,1,0,0,0,0,0
i love him but i m feeling humiliated by this wedding situation,7847,0,0,0,0,0,0,1,0,0,0,0,0
i didnt buy it and i didnt buy it and then she announce that she was closing and she marked everything down and then with a week left she marked everything else down and there the table sat forlornly in the corner surely feeling unloved,7851,0,0,0,0,0,0,1,0,0,0,0,0
i love to come jaunting out to my hubby wearing it to make him feel happy,7858,0,0,0,0,0,0,1,0,0,0,0,0
i have also learned that as much as i love the blog and feel devoted to it there are other things that take priority,7862,0,0,0,0,0,0,1,0,0,0,0,0
i want a love that makes me feel like that that feeling of passionate pursuit of jumping out of an airplane climbing a mountain dancing through a minefield that romance that makes you feel like the entirety of the world is not strong enough to break your hearts resolve,7882,0,0,0,0,0,0,1,0,0,0,0,0
i feel the need to ask a range of questions to my ma am lilia oh she s my beloved physics teacher,7884,0,0,0,0,0,0,1,0,0,0,0,0
i remember feeling annoyed and a little vengeful due to some recent events and that had put a damper on my desires to truly love mine enemies,7927,0,0,0,0,0,0,1,0,0,0,0,0
i really feel that communities like this where everyone is so supportive and full of love and give a damn for one another are really important for comfort and trust when it comes to whats happening to your body,7940,0,0,0,0,0,0,1,0,0,0,0,0
i always found talking to relaxed eclectic homeschoolers left me feeling more calm and at ease than before the conversation so i believed that to be my style though i would say that i love the classical idea of chronological history,7959,0,0,0,0,0,0,1,0,0,0,0,0
i loved the feeling when someone clicked hostile your heart always started to pump a little bit extra in those games especially when you were going to enter a wp tp,7994,0,0,0,0,0,0,1,0,0,0,0,0
i was hot and sweaty from the spicy mexican food we had for lunch which wasnt settling well with me though she loves super spicy stuff so i was trying to hide the fact that i was feeling a bit tender from the meal,8016,0,0,0,0,0,0,1,0,0,0,0,0
i will try plead my case to those who may be feeling unloved and abandoned by me and those who cant empathise with my position read on,8037,0,0,0,0,0,0,1,0,0,0,0,0
i miss reaching back and feeling her there telling her i loved her as the last thing we said to one another each night,8046,0,0,0,0,0,0,1,0,0,0,0,0
i feel like im channelling my beloved a href http vintagevixon,8051,0,0,0,0,0,0,1,0,0,0,0,0
i wasnt here id love to feel that vital to my job but the reality is its just a weird year with a lot of stuff in transition around my office so a lot of the field personnel i support are nervous and need a lot of hand holding,8062,0,0,0,0,0,0,1,0,0,0,0,0
i also love to apply it in my foundation to give me a healthy looking glow when i feel a little dull,8073,0,0,0,0,0,0,1,0,0,0,0,0
i feel like a little princess today with these lovely group gifts,8097,0,0,0,0,0,0,1,0,0,0,0,0
i get to feeling like my loved one will never make his commitment i simply hold on to gods promise to me and i remember saul,8114,0,0,0,0,0,0,1,0,0,0,0,0
i truly feel and am convinced god enabled my marriage and motherhood to fulfill my need to give love,8123,0,0,0,0,0,0,1,0,0,0,0,0
i love silly questions and also i feel like it makes me part of some cool blogging group,8144,0,0,0,0,0,0,1,0,0,0,0,0
i often felt like youth group activities were about controlling chaos instead of helping kids feel loved and know jesus,8151,0,0,0,0,0,0,1,0,0,0,0,0
i thought about blogging a lot but it just seemed too much like hard work anyway now i am getting lots better i feel that i want to join you peeps again and catch up with all my lovely blogging pals and all the wonderful creations i have missed,8165,0,0,0,0,0,0,1,0,0,0,0,0
i know where i feel free and i love the feeling of know that no one can do a thing to harm you,8184,0,0,0,0,0,0,1,0,0,0,0,0
i wish feeling like someones beloved would be a constant thing for me,8186,0,0,0,0,0,0,1,0,0,0,0,0
i love to go on and on about things i feel like every curious question must be unfolded and explained,8195,0,0,0,0,0,0,1,0,0,0,0,0
i had to take a stab at one of the many reasons i ve tried to hide this pain i d say a good reason would be that i don t want to make my friends here feel unloved,8212,0,0,0,0,0,0,1,0,0,0,0,0
i love this feeling of happiness and i sure hope it lasts for a while,8224,0,0,0,0,0,0,1,0,0,0,0,0
i so love and want back but acting that way is out of the norm for me so i feel weird which leads to me being self conscious which then leads to me going back to my normal morose self,8238,0,0,0,0,0,0,1,0,0,0,0,0
i have loved working with the images that debbie has created and thank her for inviting me onto a great dt and to work with some very talented crafters i feel very honoured,8323,0,0,0,0,0,0,1,0,0,0,0,0
i love manicure monday its not perfect and sometimes leaves me feeling annoyed or frustrated,8324,0,0,0,0,0,0,1,0,0,0,0,0
i feel less convinced than ever before that love conquers all,8329,0,0,0,0,0,0,1,0,0,0,0,0
i hear the name i feel loved,8335,0,0,0,0,0,0,1,0,0,0,0,0
i feel the language of love must not startle you as strange or unfamiliar,8390,0,0,0,0,0,0,1,0,0,0,0,0
i imagine and feel love for each thing in my day going well before i do it,8409,0,0,0,0,0,0,1,0,0,0,0,0
i feel fearful that i will never find true love,8410,0,0,0,0,0,0,1,0,0,0,0,0
i will be using this on myself for a day treat as its intended but i think just one application if you were to do it in a group would still feel lovely especially when you live in the grimy city like i do,8495,0,0,0,0,0,0,1,0,0,0,0,0
i am feeling loved up i listen to it as well,8507,0,0,0,0,0,0,1,0,0,0,0,0
i love how it feels that i am before a blank canvas and i can make it look however we want to,8536,0,0,0,0,0,0,1,0,0,0,0,0
i love the lemon crusted flavor and when i m feeling a bit naughty i get the pan seared lime chili tilapia,8541,0,0,0,0,0,0,1,0,0,0,0,0
i cant quite say that i love running like i love swimming but i do feel quite virtuous after i run and i love that feeling,8570,0,0,0,0,0,0,1,0,0,0,0,0
i am sure at times she probably feels defeated but every day she comes back with strength and love for the children,8578,0,0,0,0,0,0,1,0,0,0,0,0
ive kind of had a love hate relationship with felting because i tend to be a perfectionist and feel that if i am going to spend time on something i want my end product to be worthwhile,8587,0,0,0,0,0,0,1,0,0,0,0,0
i should have aborted my child i say you will never know what true love is you will never know the joy i feel you will never hold this sweet little girl in your arms and know what true unconditonal love is and i feel sorry for you,8592,0,0,0,0,0,0,1,0,0,0,0,0
i love my wife and often that involves feelings however when she is not meeting my expectations or quite frankly when she makes me mad i know that i can still love her in my actions beginning with complete forgiveness,8606,0,0,0,0,0,0,1,0,0,0,0,0
i have a feeling he ll be around to gaze upon his beloved mountains for a good few years yet,8615,0,0,0,0,0,0,1,0,0,0,0,0
i feel i can serve my beloved country best in this way,8643,0,0,0,0,0,0,1,0,0,0,0,0
im feeling kind of scared cuz im falling in love with you but you dont care cuz you dont know how i feel i dont want to give my heart to someone new someone please stop me,8654,0,0,0,0,0,0,1,0,0,0,0,0
i haven t heard before i love it when the music questions on something like university challenge involve having to spot something like that makes me feel so clever,8679,0,0,0,0,0,0,1,0,0,0,0,0
i just really really love to serve and make people feel special and loved now i just need to get studying and cleaning all this mess,8709,0,0,0,0,0,0,1,0,0,0,0,0
i feel anxious i feel nervous and unloved,8740,0,0,0,0,0,0,1,0,0,0,0,0
i feel like its been awhile since i have played with my beloved maggies,8741,0,0,0,0,0,0,1,0,0,0,0,0
im going through one of those stages when i just feel real affectionate,8746,0,0,0,0,0,0,1,0,0,0,0,0
i learned that communication has to be existent and the vulnerability to have to sacrifice feel pain and be at the most ecstatic feeling could come about in any time of being in love,8747,0,0,0,0,0,0,1,0,0,0,0,0
i love to feel your tongue in my pussy and my ass bite and suck my nips i like a lot of naughty things,8769,0,0,0,0,0,0,1,0,0,0,0,0
i wrong to feel unloved,8777,0,0,0,0,0,0,1,0,0,0,0,0
i love this snack or sometimes even breakfast when i feel like a sweet treat,8830,0,0,0,0,0,0,1,0,0,0,0,0
i love running and how i feel amazing afterwards bleeding feet and all,8835,0,0,0,0,0,0,1,0,0,0,0,0
i loved feeling in charge but hated some of the responsibility that came with it,8851,0,0,0,0,0,0,1,0,0,0,0,0
i love you and cuddle you a lot and be very affectionate but sometimes he does little silly nice sweet things that show me how much he cares and that he too gets paranoid about me and he make me feel soooooooooooo giggly,8870,0,0,0,0,0,0,1,0,0,0,0,0
one day i heard from a friend that the boy i loved had gone out with her and not with me,8918,0,0,0,0,0,0,1,0,0,0,0,0
i have a happy loving and supportive boyfriend who loves god makes me laugh makes me feel special treats me and all my friends with utmost respect and helps me be a better person every day,8926,0,0,0,0,0,0,1,0,0,0,0,0
i love running in cold or cooler temperatures because the heat generated from running balances out the cold to make me feel perfectly content,8946,0,0,0,0,0,0,1,0,0,0,0,0
i feel this urge i turn to my beloved cuttlebug,8967,0,0,0,0,0,0,1,0,0,0,0,0
i feel but the love divine excelling comforts me,9009,0,0,0,0,0,0,1,0,0,0,0,0
i thought of buzz and i will be ever grateful i had a crush on buzz and he gave me the feeling he liked me back as well because now i feel like i am important and can be loved for who i am no matter my shape or size or personality,9015,0,0,0,0,0,0,1,0,0,0,0,0
im not feeling cute these days but this little babe is sure kicking me like crazy and i love it,9018,0,0,0,0,0,0,1,0,0,0,0,0
i have such a lovely feeling within me to know that i have such a sweet little wife to be wish that you knew how i feel towards you,9020,0,0,0,0,0,0,1,0,0,0,0,0
i really need to say is that i love all of you who read my blog especially english rose tinyrose you bring some brightness into my life when i feel totally hopeless,9031,0,0,0,0,0,0,1,0,0,0,0,0
i look back on my childhood and feel like i was unloved or under gifted,9039,0,0,0,0,0,0,1,0,0,0,0,0
i hear you but i would love to be able to sit and meditate without feeling antsy falling asleep or just distracted,9137,0,0,0,0,0,0,1,0,0,0,0,0
im feelin hot to the touch you say you miss me and i wanna say i miss you so much but something keeps me really quiet im alive im a lush your love your love our love,9143,0,0,0,0,0,0,1,0,0,0,0,0
i love the nothingness feeling but running did feel a little weird,9170,0,0,0,0,0,0,1,0,0,0,0,0
i who was known as a friend of thor a feeling that appears to be mutual as the story calls thor the astvinr beloved friend of thorolfr the troth,9173,0,0,0,0,0,0,1,0,0,0,0,0
i started to feel unloved and unwanted when i next saw him i got upset about it and cried,9230,0,0,0,0,0,0,1,0,0,0,0,0
i truly feel im not those affectionate kind and im mostly an introvert,9235,0,0,0,0,0,0,1,0,0,0,0,0
id love to be invited though itd feel special to me,9237,0,0,0,0,0,0,1,0,0,0,0,0
i feel like crumbling into a messy pile and have someone scoop me up and let me lean on his shoulder while whispering to make you feel my love to me,9263,0,0,0,0,0,0,1,0,0,0,0,0
i hope that you can at least imagine that someone in kansas cares and sincerely wants you to feel beloved this day,9288,0,0,0,0,0,0,1,0,0,0,0,0
i feel so thankful that i m able to be a part of something that i love to wake up and run to work every day,9297,0,0,0,0,0,0,1,0,0,0,0,0
i do really miss the feeling of being beloved especially when i am ill or tired,9326,0,0,0,0,0,0,1,0,0,0,0,0
i feel lovely she confessed,9332,0,0,0,0,0,0,1,0,0,0,0,0
i have no feelings of love towards the festive season and witnessing vlogmas is stressing me out something rotten,9380,0,0,0,0,0,0,1,0,0,0,0,0
i think he must have experienced the nostalgia any man might feel when looking at a beloved place remembered from childhood mixed with the anguish brought about by twenty years of deterioration and not for the better change,9420,0,0,0,0,0,0,1,0,0,0,0,0
i think shell share the way i feel why am i tortured by our love in dreams only to wake up and realize it wasnt real,9432,0,0,0,0,0,0,1,0,0,0,0,0
i firmly believe that you shouldnt have to spend a lot to look feel fantastic and i love mixing style steals with higher end items,9467,0,0,0,0,0,0,1,0,0,0,0,0
i have only been here in this community for about a week and i feel as if i am loved and accepted and that i have been here much longer,9487,0,0,0,0,0,0,1,0,0,0,0,0
i allow these feelings in my beloved apostles because their service to me then becomes even more beneficial,9591,0,0,0,0,0,0,1,0,0,0,0,0
i love the other rotations too but it is such an amazing feeling to give these people what they need and help them feel loved,9603,0,0,0,0,0,0,1,0,0,0,0,0
i will be traveling soon and because it means much to me to feel devoted to my love i thought joni mitchells all i want from her iconic album blue would be a nice dulcimer and voice addition to the player,9667,0,0,0,0,0,0,1,0,0,0,0,0
i could never find that feeling with anyone other than you i thought love was just a mirage of the mind its an illusion its fake impossible to find,9679,0,0,0,0,0,0,1,0,0,0,0,0
im not going to slide into a saccharine cutesy wootsy love fest but it amazes me to watch a young human feel become compassionate,9696,0,0,0,0,0,0,1,0,0,0,0,0
i feel some sort of shame in admitting to it i was never thrilled with the books as written by meyer as a four part epic on the love between a vampire and a mortal,9764,0,0,0,0,0,0,1,0,0,0,0,0
i thought id feel uncomfortable about my parents knowing about my blog but it doesnt i really love it,9829,0,0,0,0,0,0,1,0,0,0,0,0
i was a little worried that the story would make him feel threatened but he loves it,9847,0,0,0,0,0,0,1,0,0,0,0,0
i feel productive and i love this feeling of finally growing up but staying young at the same time,9875,0,0,0,0,0,0,1,0,0,0,0,0
i didnt love it and will probably not see it again but i have to say it was pretty engrossing and maybe i feel dumb about this but the twists and turns of this erotic thriller took me and i was kept guessing about the ending until the end,9879,0,0,0,0,0,0,1,0,0,0,0,0
i likes the feel of it the love story is so incongruously innocent and the whole film puts me in mind of crashing waves and decaying haciendas and in addition i think i have seen osaka in my dreams without ever having actually been there,9946,0,0,0,0,0,0,1,0,0,0,0,0
i really loved the day which made me feel such gratitude that we were having such a wonderful day which made me feel very happy,9970,0,0,0,0,0,0,1,0,0,0,0,0
ive got all these derby related goals that id love to achieve but my lack of belief in actually achieving them left me feeling more of a spectator and less of a skater and ive probably felt like that pretty much since i started derby,10006,0,0,0,0,0,0,1,0,0,0,0,0
i feel he the abnormality is mac eyeliner gel lovely i feel he the abnormality is mac eyeliner gel lovely a href http www,10014,0,0,0,0,0,0,1,0,0,0,0,0
i don t think anybody should feel as unloved and unwelcome as i do not even me,10023,0,0,0,0,0,0,1,0,0,0,0,0
i remember many nights when i would cry and feel no love for myself i hated myself and i had no confidence or happiness,10028,0,0,0,0,0,0,1,0,0,0,0,0
i love the quaint little town with its old family businesses town y feel beauty delicious food antiques,10038,0,0,0,0,0,0,1,0,0,0,0,0
i love to make people feel accepted to feel normal to feel absolutely comfortable,10049,0,0,0,0,0,0,1,0,0,0,0,0
i feel like if i continue this i will turn into my beloved whale,10076,0,0,0,0,0,0,1,0,0,0,0,0
i am in complete and utter awe at the love i feel for this precious baby,10082,0,0,0,0,0,0,1,0,0,0,0,0
ive loved you so baby i cant deny but now its time to dry my eyes its hard to think of what was changed when i feel like it was all in vain cant be right and feel this wrong this heart of mine is just,10091,0,0,0,0,0,0,1,0,0,0,0,0
i like to buy new ones because i love the feeling of artistic rebirth,10102,0,0,0,0,0,0,1,0,0,0,0,0
i feel shy because i ve fallen in love via tumblr,10179,0,0,0,0,0,0,1,0,0,0,0,0
i love the fact that the heartwarming series is specifically created for readers who enjoy wholesome tender stories and i feel privileged to be able to join such a talented committed group of authors,10181,0,0,0,0,0,0,1,0,0,0,0,0
i feel sure they must have been making love before i interrupted,10209,0,0,0,0,0,0,1,0,0,0,0,0
i wanna give thanks to the lovelies who is going or already been through the tiki period telling me how much i m worth when i feel worthless,10232,0,0,0,0,0,0,1,0,0,0,0,0
i feel rotten all week because i hardly ever see you that s why i wrote this hopeless song i ve never been in love with a girl like you before darling come with me such a wonderful thing has never happened to me before you re the only one who touched my heart it s all a question of courage,10233,0,0,0,0,0,0,1,0,0,0,0,0
i love that throw anything on and feel fabulous feeling,10336,0,0,0,0,0,0,1,0,0,0,0,0
i also love the red next jumper with the reindeer it feels really festive and fun,10344,0,0,0,0,0,0,1,0,0,0,0,0
i bet satin sheets feel lovely against your skin great for sex i bet but what about sleeping,10380,0,0,0,0,0,0,1,0,0,0,0,0
i love when ianto feels this outgoing,10389,0,0,0,0,0,0,1,0,0,0,0,0
i believe tension due to feeling unloved blocks us from loving generously,10397,0,0,0,0,0,0,1,0,0,0,0,0
i wont dare to take the risk of being the same because im too afraid to feel love for somebody whom i always respected like a father,10402,0,0,0,0,0,0,1,0,0,0,0,0
i loved this masque it left my hair feeling lovely and soft and added a lovely shine to my hair,10430,0,0,0,0,0,0,1,0,0,0,0,0
i would have told her already i would have told her that she is the one ray of sunshine in my life that she haunts me with every moment that passes by and that if we were together i would stop at nothing to make her feel like the most loved girl on this planet,10435,0,0,0,0,0,0,1,0,0,0,0,0
i saw and felt your feelings for me i knew you were in love with me even before i felt brave enough to acknowledge my own feelings,10480,0,0,0,0,0,0,1,0,0,0,0,0
i love the style of free worship the intensity the charismatic feel to it all some songs last minutes and most of it is just free worship,10510,0,0,0,0,0,0,1,0,0,0,0,0
im lulled into a fantasy of walking hand in hand in some remote location preferably the beach at sunset its cliched i know and feeling love and loving in return,10519,0,0,0,0,0,0,1,0,0,0,0,0
i really feel like its going to be glamorous think dark velvety roses purple callas candelabras and crystals oh my my veil albeit fun and lovely just seemed out of place and ive fallen for this little couture ish number a much better fit,10521,0,0,0,0,0,0,1,0,0,0,0,0
i confess that when i feel awful my misery loves company so i attempted to show josh this video,10526,0,0,0,0,0,0,1,0,0,0,0,0
i find is that these things are effecting loved ones who i love dearly so i feel so so helpless so what is the remedy for the hard times,10533,0,0,0,0,0,0,1,0,0,0,0,0
i only feel two are really sure non qualifiers and one of those id love to have in the final but it wont happen,10562,0,0,0,0,0,0,1,0,0,0,0,0
i was a kid and okay now as an adult when im feeling naughty i loved milka chocolate,10567,0,0,0,0,0,0,1,0,0,0,0,0
i love the feeling of accomplishment that comes with putting together a successful outfit dont you,10575,0,0,0,0,0,0,1,0,0,0,0,0
i had an opportunity to express my feelings to my beloved with the emotions that arose,10589,0,0,0,0,0,0,1,0,0,0,0,0
i wish he had showed me a little more a little more of a feeling when i said i hated that he loved elizabeth too,10599,0,0,0,0,0,0,1,0,0,0,0,0
i allow myself to be still and be loved when i feel beloved by god i feel like me,10613,0,0,0,0,0,0,1,0,0,0,0,0
i feel sometimes i get bitchy about it but thats just my instictual response to drama when i back up and look at it all i love it because i learn something about something that i didnt know before,10640,0,0,0,0,0,0,1,0,0,0,0,0
i feel like recapitulating events though for the heck of it for actually fulfilling this blog s divine purpose but i m not because i love my readers if there be any left so much i d spare them the torture of having to go through an account of my boring life,10644,0,0,0,0,0,0,1,0,0,0,0,0
i acquainted that my physique fat was burning and i began to feel affectionate of hot beneath my skin,10671,0,0,0,0,0,0,1,0,0,0,0,0
im in love with my new blog design and feel so lovely every time i come here,10706,0,0,0,0,0,0,1,0,0,0,0,0
i long to feel the love and desire of your gentle touch,10721,0,0,0,0,0,0,1,0,0,0,0,0
i focus on what i love and that those posts come from a sincere stance one i believe in as an everyday art it feels happy and natural to do them,10762,0,0,0,0,0,0,1,0,0,0,0,0
i just feel ecstatic and silly and i love it,10764,0,0,0,0,0,0,1,0,0,0,0,0
i truly believe mj will also be ok as long as we re doing everything we can for him i love my job even the silly questions i get asked and i feel like i ve taken this infertility thing that tortured me for so long and have laughed in it s face,10795,0,0,0,0,0,0,1,0,0,0,0,0
i feel appreciative as i am the only one who is an avid plant lover and both of them were simply sweet enough to accompany me,10821,0,0,0,0,0,0,1,0,0,0,0,0
i swear he had feelings that teddy i was so convinced of that and i was very very careful to always make him feel special and more loved than any of my other toys and teddies,10822,0,0,0,0,0,0,1,0,0,0,0,0
i just had this overwhelming feeling of love for my sweet in laws,10858,0,0,0,0,0,0,1,0,0,0,0,0
i love to get comments so feel free to ask any questions and or share your thoughts with me,10898,0,0,0,0,0,0,1,0,0,0,0,0
i felt like you werent fulfilling my need to feel special valued loved even though you were doing everything you could to show me,10906,0,0,0,0,0,0,1,0,0,0,0,0
i love that my home speaks my name that it is full of beauty and that almost every room is a place where i could hang out and feel satisfied not that its perfect but that its as it should be,10919,0,0,0,0,0,0,1,0,0,0,0,0
i feel unloved and underappreciated in life which of course we all do from time to time i think i d like to retreat into my cancer and pull away from everyone and all activities and future plans,10928,0,0,0,0,0,0,1,0,0,0,0,0
i became overwhelmed in the spirit and went to praying briefly in tongues with sobbing feeling so strongly the grief of my beloved savior and of my beloved husband phillip am edt am ark time,10986,0,0,0,0,0,0,1,0,0,0,0,0
i am just clinging there feeling unloved yet helpless,11029,0,0,0,0,0,0,1,0,0,0,0,0
i have always loved feeling the connection with the online disney community the sense of feeling accepted by others that share the same passion and love that i do some even more so lol,11059,0,0,0,0,0,0,1,0,0,0,0,0
i might feel afraid but am determined to have that fear serve as a counterpoint to my tendency to procrastinate if i have to apologize tell someone i love you try to make a difference i need to do it without delay,11064,0,0,0,0,0,0,1,0,0,0,0,0
i have always loved sharing things that i feel passionate about,11086,0,0,0,0,0,0,1,0,0,0,0,0
i could be totally mistaken and hope i am but the feeling is still there i trust and love glenn so much but my paranoid head of maybe i have done something wrong kicks in,11087,0,0,0,0,0,0,1,0,0,0,0,0
i already loved this sweet woman and now i love her even more and feel like my ward is super true yall,11090,0,0,0,0,0,0,1,0,0,0,0,0
i just love throwing on a pair of flats or boots jeans t shirt and scarf and feeling cute with no effort,11102,0,0,0,0,0,0,1,0,0,0,0,0
i feel a lovely sense of achievement but my list continues to grow,11137,0,0,0,0,0,0,1,0,0,0,0,0
i stopped it but before i hit the halt button i begin to feel the tears come on for the section laudamus te the singer who is lovely is not arlene auger,11177,0,0,0,0,0,0,1,0,0,0,0,0
i feel like loving innocent giddy love,11179,0,0,0,0,0,0,1,0,0,0,0,0
i guess i m feeling mellow and loved,11249,0,0,0,0,0,0,1,0,0,0,0,0
i feel like gods taking me to this place where im like god even if you take all of this away i want to be fully in love and satisfied in you,11260,0,0,0,0,0,0,1,0,0,0,0,0
i have been spending some serious time with the lord and i am starting to feel like the beloved child of a heavenly king again who loves me just as i am and only wants the best for me,11262,0,0,0,0,0,0,1,0,0,0,0,0
i mentioned how spoilt i feel our dream wedding and then a lovely brunch,11269,0,0,0,0,0,0,1,0,0,0,0,0
i actually love working i like feeling that i create something do something worthwhile,11273,0,0,0,0,0,0,1,0,0,0,0,0
i will feel shitty for a bit but you counter that with smiles love hugs kisses even though i wont initiate the happy fun time goofy playtime at home,11303,0,0,0,0,0,0,1,0,0,0,0,0
i wake up my skin still feels lovely and soft,11317,0,0,0,0,0,0,1,0,0,0,0,0
i never feel lonely as long as people love and support my work,11329,0,0,0,0,0,0,1,0,0,0,0,0
i love not having to leave for work at am sometimes but i feel so much more successful when i have a schedule to keep,11344,0,0,0,0,0,0,1,0,0,0,0,0
i made hair clips i always love using the hot glue gun i feel so dangerous,11346,0,0,0,0,0,0,1,0,0,0,0,0
im feeling punished for having loved the previous books,11391,0,0,0,0,0,0,1,0,0,0,0,0
ive come in contact with has made me feel loved cared for and like i have some cheerleaders in the corner rooting for us and hoping and praying that we achieve our dream someday,11431,0,0,0,0,0,0,1,0,0,0,0,0
i only drank a bit actually and loved it just merry so feel fabulous this morning,11439,0,0,0,0,0,0,1,0,0,0,0,0
i know a lot of people say that its just another day and we shouldnt wait for commercialized so called holiday to express and remember our love and our loved ones but i cant help but feel something specially romantic in the air every valentines day,11461,0,0,0,0,0,0,1,0,0,0,0,0
i never made time for me and things were happening personally that left me feeling unloved and worthless,11483,0,0,0,0,0,0,1,0,0,0,0,0
i really just cant stand the feeling of letting my beloved gf meeting her ex which they still contact so much and they still have strong feeling there,11490,0,0,0,0,0,0,1,0,0,0,0,0
i feel as if im watching the delicate surgery of a loved one who went gt into the hospital for a splinter and is now battling for her life,11500,0,0,0,0,0,0,1,0,0,0,0,0
i know i will be back and since i m a teacher i hope to bring my love for zouk to the people in shanghai but it still feels strange,11504,0,0,0,0,0,0,1,0,0,0,0,0
i wanted her to be loved and feel loved with my actions of saying it every day,11521,0,0,0,0,0,0,1,0,0,0,0,0
i feel sure that he will love it because it will complete his vintage winter look perfectly,11554,0,0,0,0,0,0,1,0,0,0,0,0
i really love about the spray is how it feels cool to the skin,11613,0,0,0,0,0,0,1,0,0,0,0,0
i can feel how much he loves me shows me that i m safe from hurt and loneliness and pain at his hands,11686,0,0,0,0,0,0,1,0,0,0,0,0
im feeling a little frustrated right now because im trying to do things that will in the end make me feel better but a lack of money is really holding me back despite the fact that i work almost full time at a job i love btw,11699,0,0,0,0,0,0,1,0,0,0,0,0
i do not feel that homosexuals should be blamed for wanting a deeper commitment with their lover,11718,0,0,0,0,0,0,1,0,0,0,0,0
i trust exo more than my family and i feel loved and happy with the members but no i don t think of exo as my family,11763,0,0,0,0,0,0,1,0,0,0,0,0
im sure many of us have found ourselves feeling what we think is love but not being sure,11776,0,0,0,0,0,0,1,0,0,0,0,0
i am able to feel incomparability of life most precious resources to your affectionate touch that can bring warmth and awaken my cautious yet feeble heart together our bonds is able to release the troubles that bother us they will steadily sink to darkest depths of the ocean,11781,0,0,0,0,0,0,1,0,0,0,0,0
i feel like every element of this food blends together creating such a lovely flavor close to the heart the pancake is moist and i always love having it with one scoop of vanilla ice cream,11794,0,0,0,0,0,0,1,0,0,0,0,0
i had that all encompassing feeling of love for tate that almost suffocated my soul it almost broke my heart how much love i have for him,11797,0,0,0,0,0,0,1,0,0,0,0,0
i want to protect you from feeling unloved like me,11848,0,0,0,0,0,0,1,0,0,0,0,0
i want to tell him im not interested but he buys me all this stuff so ill feel bad he is not buying this stuff out of love,11849,0,0,0,0,0,0,1,0,0,0,0,0
i worked on saturday i had such a lovely weekend that im still feeling very relaxed i just hope i dont forget to go in to work later,11864,0,0,0,0,0,0,1,0,0,0,0,0
i love travelling feel the experience with the gorgeous sweet classy enter into my world of love desire and endless passion i love triplle penetration,11867,0,0,0,0,0,0,1,0,0,0,0,0
i imagined that this was what a normal human family usually feels on a lovely saturday,11914,0,0,0,0,0,0,1,0,0,0,0,0
ive lately been feeling the absence of my beloved mythtv box more then usual,11922,0,0,0,0,0,0,1,0,0,0,0,0
i never imagined being a dad could be so wonderful and fulfilling and i never understood what it was like to be so in love with a woman especially one who actually loves and respects me as well its a new feeling and one im quite fond of,11935,0,0,0,0,0,0,1,0,0,0,0,0
i feel lucky i just love my job,12009,0,0,0,0,0,0,1,0,0,0,0,0
ive been exploring kettle bells quite a lot in the past months and im in love with the feeling of being strong again,12032,0,0,0,0,0,0,1,0,0,0,0,0
losing a boyfriend for the second time to my friend he fell in love with her the same thing happened a few months earlier with another boyfriend,12059,0,0,0,0,0,0,1,0,0,0,0,0
i would love to open up a beauty salon for real women one day somewhere those who do not necessarily have perfect bodies skin can come without feeling intimidated,12072,0,0,0,0,0,0,1,0,0,0,0,0
i feel up in the air fucked up on life all of the laws ive broken and loves that i sacrificed,12076,0,0,0,0,0,0,1,0,0,0,0,0
i feel as though those lovely things are manifest in a physical way through their welcoming home,12111,0,0,0,0,0,0,1,0,0,0,0,0
i feel that my beloved bogo is getting bastardized,12114,0,0,0,0,0,0,1,0,0,0,0,0
i love feeling hated,12115,0,0,0,0,0,0,1,0,0,0,0,0
i do love this time of the year but i am feeling ever so slightly stressed about it,12117,0,0,0,0,0,0,1,0,0,0,0,0
i didnt feel gods prescence a lot but i was happy to know that im back with him in his house again i knew somehow in my heart that god loves me and that i could depend and trust in him,12129,0,0,0,0,0,0,1,0,0,0,0,0
i believe youre not in love unless you feel completely helpless to the feeling,12139,0,0,0,0,0,0,1,0,0,0,0,0
i feel quite bad about it i m sure they re all perfectly lovely people and in the right company i m sure they sparkle just not in mine,12162,0,0,0,0,0,0,1,0,0,0,0,0
i feel and bring him and coming against a savage the wax doll in the clouds blown across to tak my own feeling that be the bare feet were they were moving fast as i brought it as i love in a time for he yet i made him,12193,0,0,0,0,0,0,1,0,0,0,0,0
i go in a bookstore and it s not carrying my books i feel it as personally and keenly as a mother whose beloved child has been dissed by a teacher or snubbed by a school,12222,0,0,0,0,0,0,1,0,0,0,0,0
i want x xf x x xf x lovers feeling as a boy towards beloved,12244,0,0,0,0,0,0,1,0,0,0,0,0
i love feeling this sweet boy move inside me and i cant wait to meet and hold him,12259,0,0,0,0,0,0,1,0,0,0,0,0
im serious its a really strong feeling one way or the other and when i find one thats perfect i can do it for days and weeks and love every minute never mind how many times i stab my fingers,12263,0,0,0,0,0,0,1,0,0,0,0,0
i feel whatta lovely song jar of hearts,12274,0,0,0,0,0,0,1,0,0,0,0,0
i loved to watch her to be with her to feel her arms in mine to feel her pull me along with her as she ran into the surf again and again to hear her laugh echo in my hears to see that wonderful glorious smile that made her whole face shine like starlight,12287,0,0,0,0,0,0,1,0,0,0,0,0
i feel nothing but sweet sorrow for leaving behind my best friend r whose daughter broke my heart by doing a drawing for me amp writing in her best english amp khmer i love esther amp esther loves me,12329,0,0,0,0,0,0,1,0,0,0,0,0
i feel more affectionate towards animals than people,12338,0,0,0,0,0,0,1,0,0,0,0,0
i would be quite happy without presents but would like to feel accepted and loved for who i am not what others want m,12349,0,0,0,0,0,0,1,0,0,0,0,0
i feel really affectionate towards the name and as it is pretty unique i m glad that people are able to remember it more easily,12442,0,0,0,0,0,0,1,0,0,0,0,0
i loved that he made me feel like i was acceptable to him more than even when so many others that we knew weren t,12466,0,0,0,0,0,0,1,0,0,0,0,0
i just don t feel that i m talented if everyone loves a photo just because i happened to be standing in front of a fresh kill or something,12476,0,0,0,0,0,0,1,0,0,0,0,0
i love how these two work together and i swear i could feel the longing between the two when grace kept shifting,12493,0,0,0,0,0,0,1,0,0,0,0,0
i feel like all of the artists i love the ones i find truly talented seem to have a unique style that you can recognize from a mile away,12554,0,0,0,0,0,0,1,0,0,0,0,0
i feel it is such a lovely sensitive and well thought piece,12573,0,0,0,0,0,0,1,0,0,0,0,0
i love someone and i am very angry with them sometimes it feels kind of like loving them and hating them at the same time,12578,0,0,0,0,0,0,1,0,0,0,0,0
i do not have what it takes to review or talk about movies professionally when i truly enjoy a film i suddenly find myself with nothing to say at all that can do my feelings justice but rest assured list lovers white reindeer will certainly feature high in my end of year list a href http letterboxd,12591,0,0,0,0,0,0,1,0,0,0,0,0
i closely associate with feeling deeply in love whilst being uncertain of the future,12599,0,0,0,0,0,0,1,0,0,0,0,0
i often ask clients to write me a recipe of what would make them feel loved,12628,0,0,0,0,0,0,1,0,0,0,0,0
i love my son as much as you do and feel just as privileged and grateful for the gift of parenthood so knock it off,12632,0,0,0,0,0,0,1,0,0,0,0,0
i had a bunch of accounting crap to take care of plus my colleagues required assistance with several small yet urgent tasks i hadnt slept well wasnt feeling particularly in love with my hair and basically was a bit cranky,12724,0,0,0,0,0,0,1,0,0,0,0,0
i love feeling my sweet pea move around,12731,0,0,0,0,0,0,1,0,0,0,0,0
i put it that way i feel almost affectionate towards him but i also know a more selfish side to him,12738,0,0,0,0,0,0,1,0,0,0,0,0
i want to be loved and happy and to feel i am doing something worthwhile,12747,0,0,0,0,0,0,1,0,0,0,0,0
i can feel the drug in my blood now i just need one girl to get fucked in my love lemme suck your tits and fuck you hardcore dont think for this dick is just for bar whores coz these bitches ditch us fucking sluts with hiv oh i see busted by lust,12755,0,0,0,0,0,0,1,0,0,0,0,0
i have not been able to depending on the person and situation because i feel what if they are scandalised by the fact that someone just randomly came up and said your just so amazing and i really love you,12789,0,0,0,0,0,0,1,0,0,0,0,0
i was already in a place of feeling unloved taken advantage of rejected and it just hit that nerve,12851,0,0,0,0,0,0,1,0,0,0,0,0
i feel everyone loves gossip and i should not make the mistake of trusting one person because every best friend has another best friend and no one ever keeps things to themselves,12877,0,0,0,0,0,0,1,0,0,0,0,0
id love to hear your thoughts and comments so please feel free to leave me something below and have a wonderful weekend,12910,0,0,0,0,0,0,1,0,0,0,0,0
i paint in oils and love the feeling of the rich paint on canvas,12931,0,0,0,0,0,0,1,0,0,0,0,0
i did feel a connection between the two of them i wasn t convinced they d made it to the love stage yet,12954,0,0,0,0,0,0,1,0,0,0,0,0
im so full of life i feel appalled,1,0,0,0,0,0,0,0,1,0,0,0,0
i sit here to write i start to dig out my feelings and i think that i am afraid to accept the possibility that he might not make it,2,0,0,0,0,0,0,0,1,0,0,0,0
i feel suspicious if there is no one outside like the rapture has happened or something,4,0,0,0,0,0,0,0,1,0,0,0,0
when a friend of mine keeps telling me morbid things that happened to his dog,6,0,0,0,0,0,0,0,1,0,0,0,0
i feel a bit annoyed and antsy in a good way,8,0,0,0,0,0,0,0,1,0,0,0,0
i feel like i ve regained another vital part of my life which is living,9,0,0,0,0,0,0,0,1,0,0,0,0
i feel a bit like franz liebkind in the producers not many people know it but the fuhrer was a terrific dancer,10,0,0,0,0,0,0,0,1,0,0,0,0
i was feeling at the start didnt want to move much at all was really glad to experience this glimpse into the sort of vibrant energy i will gain through out the year,11,0,0,0,0,0,0,0,1,0,0,0,0
i was bitten by a dog,12,0,0,0,0,0,0,0,1,0,0,0,0
i do not always find myself feeling thankful but over the years i ve gathered a few tricks that allow me to feel grateful in the face of moments when the last thing i want to do is say thanks,13,0,0,0,0,0,0,0,1,0,0,0,0
i just try not to talk to anyone when i feel irritable like that,14,0,0,0,0,0,0,0,1,0,0,0,0
i dont know who wrote the following little note but this is how i feel today if u r offended by the following posting then you obviously have not lived long enough to be compromised on how you act or believe,16,0,0,0,0,0,0,0,1,0,0,0,0
i feel offended i choose to tell you guys how i feel because i treated you guys as friends and would want to put a stop to all these nonsense,17,0,0,0,0,0,0,0,1,0,0,0,0
i remember feeling as if i didn t belong and that i wasn t smart enough cool enough or even young enough,18,0,0,0,0,0,0,0,1,0,0,0,0
i feel like i have to redeem myself even though i think they realized why i was distraught and were ok with it,19,0,0,0,0,0,0,0,1,0,0,0,0
i hope that the next quote will be able to let my special someone knows what im feeling insecure about and understand that no matter how much i trust,20,0,0,0,0,0,0,0,1,0,0,0,0
i feel much better and without the help of ice,21,0,0,0,0,0,0,0,1,0,0,0,0
i still feel its a little shaky at times and can move into the slightly odd jades hair in particular seems prone to this but generally it works well with spencers writing,23,0,0,0,0,0,0,0,1,0,0,0,0
i stropped about for a bit feeling grumpy because i was missing out,24,0,0,0,0,0,0,0,1,0,0,0,0
i have a feeling i shall go mad,25,0,0,0,0,0,0,0,1,0,0,0,0
i am happpy when i get good results in the field of academics or athletics,26,0,0,0,0,0,0,0,1,0,0,0,0
i got the feeling brig is sincere and has a very strong desire to help others become successful both financially and also through building strengthening relationships through christianity,27,0,0,0,0,0,0,0,1,0,0,0,0
im feeling deeply overwhelmed by these ordinary tasks,28,0,0,0,0,0,0,0,1,0,0,0,0
i feel so grouchy and irritable when im sick,29,0,0,0,0,0,0,0,1,0,0,0,0
i feel my heart shaky all the time now,30,0,0,0,0,0,0,0,1,0,0,0,0
i feel amused at the absurdity of it all,32,0,0,0,0,0,0,0,1,0,0,0,0
i end up getting unwanted attention from boys i want little to do with or ill be sort of starting something with a boy then find myself flirtiing with others in his presence or ill feel really insincere around boys that i do like,33,0,0,0,0,0,0,0,1,0,0,0,0
i go back to my point about what an easy sell getting folk to feel really virtuous for not doing what they dont want to do anyway,35,0,0,0,0,0,0,0,1,0,0,0,0
im feeling a bit more sociable now although i dont think ill be able to express everything i want to say,36,0,0,0,0,0,0,0,1,0,0,0,0
at a certain situation i felt myself neglected and undeservedly harmed,38,0,0,0,0,0,0,0,1,0,0,0,0
i felt good and feel fine today too,39,0,0,0,0,0,0,0,1,0,0,0,0
im feeling slightly optimistic,41,0,0,0,0,0,0,0,1,0,0,0,0
im still feeling indecisive im polling yall p,43,0,0,0,0,0,0,0,1,0,0,0,0
sometime back another girl who was in terms with my exboyfriend came to shout at me at twelve midnight it was because she thought i was still interested in the boy,44,0,0,0,0,0,0,0,1,0,0,0,0
id start feeling resentful that i lived in a part of the country where the sun stubbornly refuses to show itself after the end of september,45,0,0,0,0,0,0,0,1,0,0,0,0
i just feel so fucked up these days,46,0,0,0,0,0,0,0,1,0,0,0,0
i confess that i was feeling nervous as i made my way to the event venue,47,0,0,0,0,0,0,0,1,0,0,0,0
i was really worried that i would feel intimidated by monica but when we met that morning she was incredibly welcoming and made me feel relaxed straight away,48,0,0,0,0,0,0,0,1,0,0,0,0
i was sick with a cold amp not feeling well wondering if i would even be able to have the patience to go to whitleys month photo shoot,49,0,0,0,0,0,0,0,1,0,0,0,0
i feel like i have been a bit obnoxious in my picture posting,50,0,0,0,0,0,0,0,1,0,0,0,0
i feel pissed my friend didnt offer me a soda,52,0,0,0,0,0,0,0,1,0,0,0,0
i feel our hearts are treading dangerous territory,53,0,0,0,0,0,0,0,1,0,0,0,0
i feel frightened by it all,54,0,0,0,0,0,0,0,1,0,0,0,0
i know it was not pleasant for her and i feel selfish saying it but i think i would have fallen apart if i had been there,55,0,0,0,0,0,0,0,1,0,0,0,0
i feel shafted or greedy,56,0,0,0,0,0,0,0,1,0,0,0,0
i have just had such a crappy week that i am still feeling all agitated and like the day wasn t what i wanted,57,0,0,0,0,0,0,0,1,0,0,0,0
i feel rebellious because i don t particularly like watching romcoms but i get the feeling that i may be pretty good at writing them,58,0,0,0,0,0,0,0,1,0,0,0,0
i feel reluctant to just leave her alone like that without helping her enough to repay her goodness to me,59,0,0,0,0,0,0,0,1,0,0,0,0
i am ashamed when i feel like that the moment i see terrified crying children and dead ones,60,0,0,0,0,0,0,0,1,0,0,0,0
i wake up in the morning and have my voice and my throat feels ok but by the afternoon its all scratchy again and i sound like marge simpson until the night when its so bad and my throat is so sore i just have to whisper,61,0,0,0,0,0,0,0,1,0,0,0,0
ive always been very nervous to do something like that as i feel like i am not really that talented to enter something into an official contest,62,0,0,0,0,0,0,0,1,0,0,0,0
i feel a bit pissed off because we went first,63,0,0,0,0,0,0,0,1,0,0,0,0
i feel satisfied knowing the dirt and hair is no longer in the car and house,64,0,0,0,0,0,0,0,1,0,0,0,0
i really like how the special edition really does feel special with songs on it,65,0,0,0,0,0,0,0,1,0,0,0,0
i would accept your gift without feeling mad,66,0,0,0,0,0,0,0,1,0,0,0,0
i feel hesitant to do it since i don t have any experience with programming and all,67,0,0,0,0,0,0,0,1,0,0,0,0
i was feeling particularly bitchy and i dont think i adequately expressed my appreciation for that,68,0,0,0,0,0,0,0,1,0,0,0,0
i do feel confused,69,0,0,0,0,0,0,0,1,0,0,0,0
im with you when your professor looks at you like a spitball when your friend is dying when you cry into your pillow at night when you feel the dangerous tickles of jealousy luring you down into its lair,70,0,0,0,0,0,0,0,1,0,0,0,0
i didn t feel rushed to finish millions of things and i was able to focus on each task separately,71,0,0,0,0,0,0,0,1,0,0,0,0
i feel so tortured,72,0,0,0,0,0,0,0,1,0,0,0,0
i fear that other people ask me about my feelings i am most reluctant to talk about things,75,0,0,0,0,0,0,0,1,0,0,0,0
i would have smiled except i was starting to feel like any more uptight comments and my jaw would fall right out of my head,76,0,0,0,0,0,0,0,1,0,0,0,0
i feel completely unsure of any boundaries or normalcy,78,0,0,0,0,0,0,0,1,0,0,0,0
i think of or feel gratitude i think of my kind and gracious heavenly father,79,0,0,0,0,0,0,0,1,0,0,0,0
im feeling really really left out and somewhat dissatisfied with everything,80,0,0,0,0,0,0,0,1,0,0,0,0
i simply said how sorry i am and just got out from her car and got into my house feeling restless,81,0,0,0,0,0,0,0,1,0,0,0,0
i am feeling weird and feel wanna know,82,0,0,0,0,0,0,0,1,0,0,0,0
i had an incredible feeling of frantic despair,83,0,0,0,0,0,0,0,1,0,0,0,0
i feel reluctant to sell but hey,84,0,0,0,0,0,0,0,1,0,0,0,0
i take a long sip and feel the cold sensation of the iced capp,85,0,0,0,0,0,0,0,1,0,0,0,0
i wasn t feeling pressured even if this was the longest race and the one i expected the most from,86,0,0,0,0,0,0,0,1,0,0,0,0
i remember feeling the most terrified i had ever felt in my entire life and that its still affecting me now but ive never thought it accounted to trauma,88,0,0,0,0,0,0,0,1,0,0,0,0
i had for me to confess my feelings for her but still i couldnt bring myself to her for i was scared of losing her once more,89,0,0,0,0,0,0,0,1,0,0,0,0
im clearly influenced by the dash happiness of emily dickinson for example and i use dashes instead of colons or semi colons to enhance the feelings of rushed enjambment in the sonnet,90,0,0,0,0,0,0,0,1,0,0,0,0
i pray that the eyes that read this the minds that comprehend this and the hearts that feel this will not be offended,91,0,0,0,0,0,0,0,1,0,0,0,0
im not afraid of going on my own but i feel like a lot of people were in groups and a part of me feels like it would be cool to have a small group to hang out with,92,0,0,0,0,0,0,0,1,0,0,0,0
the possibility of having failed the examination,93,0,0,0,0,0,0,0,1,0,0,0,0
i feel so thankful to be in a part of the country where i can train outdoors this late in the year and not have to bundle up or wear several layers,94,0,0,0,0,0,0,0,1,0,0,0,0
i am feeling rather grouchy too this morning since i didnt sleep last night on purpose,95,0,0,0,0,0,0,0,1,0,0,0,0
i feel like the earthquake has also shaken the foundations of my life and work,96,0,0,0,0,0,0,0,1,0,0,0,0
i might be able to recreate the feeling when i get back into the cold fog that awaits me tomorrow night,97,0,0,0,0,0,0,0,1,0,0,0,0
i woke up feeling positive i was totally in the mood for doing this and this evening i feel the same i had a banana shake for breakfast a chocolate shake for dinner and a sunday roast for tea,98,0,0,0,0,0,0,0,1,0,0,0,0
i would just go to the straight point rather than doing a defination of such as what is romance feeling or anger feeling or suspicious feelings,99,0,0,0,0,0,0,0,1,0,0,0,0
i feel so bitchy and mean and terrible,100,0,0,0,0,0,0,0,1,0,0,0,0
i feel envious that they can keep their posts regular and interesting and wish that i could feel this way to,101,0,0,0,0,0,0,0,1,0,0,0,0
i feel like him try to stay as faithful as possible to what he perceives as the real events that happened in that mountain,102,0,0,0,0,0,0,0,1,0,0,0,0
i feel assaulted the new kid whined,103,0,0,0,0,0,0,0,1,0,0,0,0
ive had a long road of that initially feeling like i was being rude for turning down food that was made brought for me and sometimes eating stuff because it was gluten free and looked delicious even if it maybe wasnt what i felt good about eating some really mediocre wedding cake for example,104,0,0,0,0,0,0,0,1,0,0,0,0
i wanted to make sure i didnt feel rushed getting to century college on friday afternoon,105,0,0,0,0,0,0,0,1,0,0,0,0
id kick myself into gear but i just feel irritable with no motivation what so ever,106,0,0,0,0,0,0,0,1,0,0,0,0
i feel so much more productive at college and so to keep that productivity in full gear ill have to chalk up some ideas for art projects this summer train an army of attack pigeons and take over a tiny and uninhabited island,107,0,0,0,0,0,0,0,1,0,0,0,0
i have a feeling that your father already convinced him of that,108,0,0,0,0,0,0,0,1,0,0,0,0
i feel im not bothered by that,109,0,0,0,0,0,0,0,1,0,0,0,0
im totally feeling bitchy and resentful about it,111,0,0,0,0,0,0,0,1,0,0,0,0
i drove to class i was feeling a little apprehensive but still no sweat,112,0,0,0,0,0,0,0,1,0,0,0,0
i feel so wronged but what can i do,113,0,0,0,0,0,0,0,1,0,0,0,0
i feel so weird that it feels like i wanna curse everything and bang my head onto the wall so that my world will be back to its focus,114,0,0,0,0,0,0,0,1,0,0,0,0
i feel suspicious of wrinkle prevention beauty products for some reason,115,0,0,0,0,0,0,0,1,0,0,0,0
i feel you see frantic and thus i am afraid,116,0,0,0,0,0,0,0,1,0,0,0,0
i am feeling so grumpy today,117,0,0,0,0,0,0,0,1,0,0,0,0
i feel that i have gotten to know the students pretty well and i talk to the parents if they drop their students off for the day,118,0,0,0,0,0,0,0,1,0,0,0,0
i cant help but feel suspicious of everything,119,0,0,0,0,0,0,0,1,0,0,0,0
i say we because it makes all the difference as a parent when you have an open and easy to talk to teacher who you really feel is the perfect fit for your child,120,0,0,0,0,0,0,0,1,0,0,0,0
i feel a little bit frightened of islam,121,0,0,0,0,0,0,0,1,0,0,0,0
im with her i feel terrific,122,0,0,0,0,0,0,0,1,0,0,0,0
i feel like this insecurity is a good thing when i first started writing i pictured it all,123,0,0,0,0,0,0,0,1,0,0,0,0
i even had a deep feeling for alaska and the cold and snowy and yet big open land with the pine trees and mountains but im destined to live in southern california,124,0,0,0,0,0,0,0,1,0,0,0,0
i didn t feel like she was shy so much as taking it all in as her mother has described her,125,0,0,0,0,0,0,0,1,0,0,0,0
i feel like any time anyone gets into the ring with him they are so intimidated by his arms and legs they dont even really try,126,0,0,0,0,0,0,0,1,0,0,0,0
im feeling cranky cantankerous and resentful like a house slave basically almost all the mothers i know rely heavily on either alcohol marijuana or separation divorce to get some space and sanity for themselves away from their maternal responsibilities,127,0,0,0,0,0,0,0,1,0,0,0,0
im not convinced that it all makes since because the talking never feels sincere in its execution and maybe the themes in life seem to large to ever fathom but what s the point when it already feels like an emotionless pit of self craving attention,129,0,0,0,0,0,0,0,1,0,0,0,0
i had begun to feel apprehensive when thick black rain clouds stormed into the sky above town,130,0,0,0,0,0,0,0,1,0,0,0,0
i think that they pop up so automatically because seeing those pictures or people makes me feel insecure about myself,131,0,0,0,0,0,0,0,1,0,0,0,0
i shut the door but i didn t feel triumphant,132,0,0,0,0,0,0,0,1,0,0,0,0
i could even feel his cold breath on my neck whispered hertha as she ran her fingers across the side of neck,133,0,0,0,0,0,0,0,1,0,0,0,0
i feel like life gave me a plenty of changes to shine and i pissed all over each and every one of them,134,0,0,0,0,0,0,0,1,0,0,0,0
i was feeling grumpy not women problems grumpy but five year old i want to get my way kind of grumpy you don t think there s a difference,135,0,0,0,0,0,0,0,1,0,0,0,0
i know you feel tortured reading this,137,0,0,0,0,0,0,0,1,0,0,0,0
i have a feeling hell be a casual favorite if blue or red are heavy colors at your casual tables otherwise i could see it in tournament decks while red is popular and possibly when if blue steps in its place one zendikar block rotates out,138,0,0,0,0,0,0,0,1,0,0,0,0
i think this is a valid complaint for those who arent willing to deal with it this aspect i imagine will be rather subjective but it makes sure that the cover based moments still feel dangerous despite being in cover,139,0,0,0,0,0,0,0,1,0,0,0,0
i feel like it must be a popular choice to have alterations done elsewhere,140,0,0,0,0,0,0,0,1,0,0,0,0
i feel bothered,141,0,0,0,0,0,0,0,1,0,0,0,0
i have noticed that if i go with out i start to feel irritated at him or easily annoyed by the things he does i feel this tiny ache inside of me almost unnoticeable the first few days as if a tiny hair had burrowed its way into my foot,142,0,0,0,0,0,0,0,1,0,0,0,0
i understand that any of my extremely positive attributes and there are some are overshadowed by my weakness and subconsciously some people are wired up to feel superior to others and thereby treat them differently,144,0,0,0,0,0,0,0,1,0,0,0,0
i find it very hard to feel relaxed for more than hours,145,0,0,0,0,0,0,0,1,0,0,0,0
i am just feeling grumpy and sore,146,0,0,0,0,0,0,0,1,0,0,0,0
i just make assumptions based on what i see think feel i ve wondered this before with strange things,147,0,0,0,0,0,0,0,1,0,0,0,0
i feel your motivation will be satisfied when you read this write up also who understands,148,0,0,0,0,0,0,0,1,0,0,0,0
i feel more terrified than the customers will be in my maze,150,0,0,0,0,0,0,0,1,0,0,0,0
i found these emails from scott dale and just reading them frusterated me so much that i feel the need to post them and show the world what a neurotic freak he was is,151,0,0,0,0,0,0,0,1,0,0,0,0
i have been neglecting the feeling of people around me i was stubborn,152,0,0,0,0,0,0,0,1,0,0,0,0
i have been sneakily listen to x mas music since the beginning of october but now i feel as if it is a little more socially acceptable to prance around while eartha kitt s version of santa baby blares from my ipod,153,0,0,0,0,0,0,0,1,0,0,0,0
i didn t feel as terrified or as nervous as i normally would in that type of situation,154,0,0,0,0,0,0,0,1,0,0,0,0
i typically respond when i feel offended,155,0,0,0,0,0,0,0,1,0,0,0,0
i am wearing and feeling confident about myself,156,0,0,0,0,0,0,0,1,0,0,0,0
i feel like i am as fearful now as i was when i first threw my leg over the top tube after my surgery,157,0,0,0,0,0,0,0,1,0,0,0,0
i feel unprotected if i do though,158,0,0,0,0,0,0,0,1,0,0,0,0
im feeling artistic today,159,0,0,0,0,0,0,0,1,0,0,0,0
i confess to feeling a bit nervous now though there are some very talented people in the group,160,0,0,0,0,0,0,0,1,0,0,0,0
i managed to eat more than i usually can on race morning mostly because jon was there and i didnt feel quite as nervous,161,0,0,0,0,0,0,0,1,0,0,0,0
i had never read the posts i never would have spent the emotional and mental energy to argue with them in my head or feel irritated by them,162,0,0,0,0,0,0,0,1,0,0,0,0
i feel pressured at times to succumb to fear and insecurities but thankfully i am still able to hold it on my own,163,0,0,0,0,0,0,0,1,0,0,0,0
i feel my strengths are that i m very determined motivated in the workout room,164,0,0,0,0,0,0,0,1,0,0,0,0
im feeling doubtful about my writing dreams to know shes behind me,165,0,0,0,0,0,0,0,1,0,0,0,0
i get into what it actually does i feel like everyone should buy it just because it smells amazing,167,0,0,0,0,0,0,0,1,0,0,0,0
i think the sooner we do the better well all feel greg im already in a distressed mood mom,168,0,0,0,0,0,0,0,1,0,0,0,0
i wear it i feel anxious visable spotlighted different unfashionable stupid embarrassed ashamed and paranoid,170,0,0,0,0,0,0,0,1,0,0,0,0
i feeling confused with my life and want to know why my life,174,0,0,0,0,0,0,0,1,0,0,0,0
i looked around and once again was disappointed that so little had shown up this evening but apparently this was my day to feel selfish,175,0,0,0,0,0,0,0,1,0,0,0,0
i was feeling and i said impatient,176,0,0,0,0,0,0,0,1,0,0,0,0
i feel very reluctant to blog during my free period even when my hp is plugged to my laptop for charging making it easy to upload photos online,177,0,0,0,0,0,0,0,1,0,0,0,0
i always notice even though she is fabulous at hiding it according to the rest of the world and feel it keenly and am greatly distressed,178,0,0,0,0,0,0,0,1,0,0,0,0
i got a stitch in my side during the first mile couldnt feel my feet it was so cold etc etc,179,0,0,0,0,0,0,0,1,0,0,0,0
i feel there are other options that not as violent probably more costly yet equally futile so whats the problem with keeping our men and women out of harms way,181,0,0,0,0,0,0,0,1,0,0,0,0
ive collected as i feel its vital to create something precious from those items as a tribute to the earth and its power generosity,182,0,0,0,0,0,0,0,1,0,0,0,0
i feel as though i fucked up so majorly this summer that im cast off into an alternate universe that i went the wrong way on a timeline and im stuck in a world that the same as the one i knew in all but one way,183,0,0,0,0,0,0,0,1,0,0,0,0
i friends helping them to dress up and practise their thai introduction session while i sat there feeling helpless,184,0,0,0,0,0,0,0,1,0,0,0,0
i feel helpless because i cannot stop it,185,0,0,0,0,0,0,0,1,0,0,0,0
im feeling disgusted already but seriously though i dont really like to have my pictures taken cause ive always referred to myself as ugly,186,0,0,0,0,0,0,0,1,0,0,0,0
i do feel very angered though,187,0,0,0,0,0,0,0,1,0,0,0,0
i am feeling very virtuous today,188,0,0,0,0,0,0,0,1,0,0,0,0
i just feel so good inside when i see people walking away with their own handmade pieces of,189,0,0,0,0,0,0,0,1,0,0,0,0
i went to see my pcm on post for a follow up appointment and i left feeling hopeful and optimistic,190,0,0,0,0,0,0,0,1,0,0,0,0
i wish that the girl he asked to prom had accepted his invitation that way i couldve been heartbroken and done with my feeling for him but now im just so indecisive,191,0,0,0,0,0,0,0,1,0,0,0,0
im still feeling all wimpy it may be another skip around,192,0,0,0,0,0,0,0,1,0,0,0,0
i didnt feel safe in my room because the argument was going on in my room and things were getting rough,193,0,0,0,0,0,0,0,1,0,0,0,0
im not feeling pissed off about picking up those toys,194,0,0,0,0,0,0,0,1,0,0,0,0
im feeling so goddamn pissed and just,195,0,0,0,0,0,0,0,1,0,0,0,0
i hopped on the scale this morning feeling none too optimistic,196,0,0,0,0,0,0,0,1,0,0,0,0
i appreciate the award i feel there are so many wonderful blogs out there that we are all winners,197,0,0,0,0,0,0,0,1,0,0,0,0
i should have left this movie feeling frightened or at the very least convinced that this number held some kind of mystical power or was the key to some government conspiracy but no,199,0,0,0,0,0,0,0,1,0,0,0,0
i feel tortured every moment and theres nowhere i can go to get away from it or to get back to what i was used to,202,0,0,0,0,0,0,0,1,0,0,0,0
im feeling brave this would be nice with black tips,203,0,0,0,0,0,0,0,1,0,0,0,0
i know who all think this way so i ve always feel skeptical about painting my nails red since i also have light skin so the red is really going to stand out is there a cute way for a year old to wear red nails without looking like she s trying too hard or looking like a hooker,204,0,0,0,0,0,0,0,1,0,0,0,0
in ward a was an epileptic patient who was burnt the whole body and was stinking very much such that the whole ward was affected few people could come near him,205,0,0,0,0,0,0,0,1,0,0,0,0
i have grown accustomed to the creative freedom of living by myself i can dance around my house and write songs and play guitar without feeling inhibited by the eyes and ears of others,206,0,0,0,0,0,0,0,1,0,0,0,0
i is an extremely positive feeling a divine energy who alone can take our quaking boat to the shore,207,0,0,0,0,0,0,0,1,0,0,0,0
i feel in the long run this hurts paulie as you could visibly see how distraught he was with the result and the perception of his performance,208,0,0,0,0,0,0,0,1,0,0,0,0
i also wouldnt mind a canon d mark iii if anyone is feeling generous,209,0,0,0,0,0,0,0,1,0,0,0,0
i wonder how genentech feel about a hostile takeover by its global partner,210,0,0,0,0,0,0,0,1,0,0,0,0
i feel that when i run i that is me sarah the mind am supporting this body,211,0,0,0,0,0,0,0,1,0,0,0,0
i feel truly impatient that this is taking so long,212,0,0,0,0,0,0,0,1,0,0,0,0
i feel really greedy wanting all this stuff but my mom asked me to make a list so,213,0,0,0,0,0,0,0,1,0,0,0,0
i feel popular but they dont want to be taught and they wont get married before the get baptized so they cant obviously,214,0,0,0,0,0,0,0,1,0,0,0,0
i don t particularly have too much to say on it as it works well but doesn t particularly feel like it s something very clever or new,216,0,0,0,0,0,0,0,1,0,0,0,0
i was feeling pretty anxious and overwhelmed as a friend rightly noted probably because i was on a boat with my mom grandmother and great aunt and no where to flee except the damn cold baltic sea,218,0,0,0,0,0,0,0,1,0,0,0,0
i feel like i need cute pictures to share,219,0,0,0,0,0,0,0,1,0,0,0,0
i wake up feeling triumphant,220,0,0,0,0,0,0,0,1,0,0,0,0
i am left feeling very confused and blah,222,0,0,0,0,0,0,0,1,0,0,0,0
i got a feeling by the look in her eyes that she was sincere,223,0,0,0,0,0,0,0,1,0,0,0,0
i can think about is how lonely i feel im all grouchy and agitated and esily airritated,224,0,0,0,0,0,0,0,1,0,0,0,0
ive decided to intentionally make it easier on myself even though it makes me feel wimpy admitting that is the reason but this girl does have to work a day job,225,0,0,0,0,0,0,0,1,0,0,0,0
im watching a movie called sharknado i feel like my intelligence is being insulted,226,0,0,0,0,0,0,0,1,0,0,0,0
i am feeling apprehensive about this move and worried i have blown all my money that was meant to pay my rego,227,0,0,0,0,0,0,0,1,0,0,0,0
i still feel like i get walked all over but well i m trying,228,0,0,0,0,0,0,0,1,0,0,0,0
i told her that we cannot continue this way and when she is starting to feel frustrated she has to let me know in a calm way,229,0,0,0,0,0,0,0,1,0,0,0,0
i feel like i cant be brave,234,0,0,0,0,0,0,0,1,0,0,0,0
i wish i could call off the wedding just so i can feel carefree again,235,0,0,0,0,0,0,0,1,0,0,0,0
i didnt feel scared at all,236,0,0,0,0,0,0,0,1,0,0,0,0
i dont know who i like i feel so bitchy and flirty,238,0,0,0,0,0,0,0,1,0,0,0,0
ive had this urgent feeling to write to you and tell you how the files make me feel but have felt hesitant because of fear as to where it will lead me,239,0,0,0,0,0,0,0,1,0,0,0,0
i started to develop feelings for you they scared me and i freaked out but you promised me that i was safe,240,0,0,0,0,0,0,0,1,0,0,0,0
im so damn tired and i feel a little grouchy,242,0,0,0,0,0,0,0,1,0,0,0,0
i was feeling quite something im not sure,243,0,0,0,0,0,0,0,1,0,0,0,0
i feel rude feel free to grab the seat next to me,244,0,0,0,0,0,0,0,1,0,0,0,0
im contemplating and feeling skeptical,245,0,0,0,0,0,0,0,1,0,0,0,0
i feel irritated useless and hopeless,246,0,0,0,0,0,0,0,1,0,0,0,0
i don t feel bothered about it getting credit equals getting debt and i have no interest in doing that again,247,0,0,0,0,0,0,0,1,0,0,0,0
i hurt your feelings or angered you with my last rant im sorry,248,0,0,0,0,0,0,0,1,0,0,0,0
i feel petty things but not to the extent that humans seem to feel them wars have been started over stupid little things and try as i might i cannot understand how things such as loving two people or feeling jealous can lead to murder and unhappiness,250,0,0,0,0,0,0,0,1,0,0,0,0
i was feeling pretty cranky this morning and stopping in here really made me feel a lot better,251,0,0,0,0,0,0,0,1,0,0,0,0
i feel better now on the menu tonight,253,0,0,0,0,0,0,0,1,0,0,0,0
i feel so hesitant to say anything positive trying to hold my breath so to speak because none of this really matters until i know that shaun has passed the dlpt,254,0,0,0,0,0,0,0,1,0,0,0,0
i feel stressed out i would watch movies alone or just walk on the streets alone,255,0,0,0,0,0,0,0,1,0,0,0,0
i slough off the carapace of crud that has enveloped me for the past thirty odd hours i feel invigorated and finally ready to face the day,256,0,0,0,0,0,0,0,1,0,0,0,0
i discovered that it gave me a great feeling of satisfaction to produce a blog post a delicious dish a few photos a written recipe that tangible job completed feeling that s rare in my life as a stay at home mom,257,0,0,0,0,0,0,0,1,0,0,0,0
i feel a lot of pressure but i am determined to finish them so that i can visit my sister in may with a clear conscience,258,0,0,0,0,0,0,0,1,0,0,0,0
i feel myself getting agitated over something insignificant or feeling bored i m going to remember this quote,259,0,0,0,0,0,0,0,1,0,0,0,0
i feel bitchy i guess,260,0,0,0,0,0,0,0,1,0,0,0,0
i much regret that i allowed johann to accompany me from khartoum i feel convinced he can never rally from his present descara,261,0,0,0,0,0,0,0,1,0,0,0,0
i feel have been convinced by many factors in our culture of a kind of cooking mystique,262,0,0,0,0,0,0,0,1,0,0,0,0
im feeling a much more festive with the tree in,264,0,0,0,0,0,0,0,1,0,0,0,0
i feel like as a creative professional you need to have that unpressed creative outlet to get re inspired,265,0,0,0,0,0,0,0,1,0,0,0,0
i feel very distressed because i m supportive of this campaign and with the senator jackson told cnn,266,0,0,0,0,0,0,0,1,0,0,0,0
i feel like i am being obnoxious by posting every three seconds,267,0,0,0,0,0,0,0,1,0,0,0,0
a girl entered in the division where i work and greeted everybody but not me,268,0,0,0,0,0,0,0,1,0,0,0,0
i started to feel apprehensive about it,269,0,0,0,0,0,0,0,1,0,0,0,0
i should not feel afraid we can stop shoulding all over ourselves,270,0,0,0,0,0,0,0,1,0,0,0,0
im feeling bitter towards them god,271,0,0,0,0,0,0,0,1,0,0,0,0
im being a teenager people and if you feel the need to make sarcastic bitchy comments you can kindly fuck off,272,0,0,0,0,0,0,0,1,0,0,0,0
i can understand feeling uncertain about the abc link,274,0,0,0,0,0,0,0,1,0,0,0,0
i came to china feeling a little frightened of everything around me,275,0,0,0,0,0,0,0,1,0,0,0,0
i tired of hearing of these unique communications special feelings and how sincere you are,276,0,0,0,0,0,0,0,1,0,0,0,0
i do feel weird why seldom people eat at there,278,0,0,0,0,0,0,0,1,0,0,0,0
i am not feeling fearful,279,0,0,0,0,0,0,0,1,0,0,0,0
i slow a bit to stay with him partly because i am feeling like if i start to win he will just give up and partly because i am afraid that if i push it he will kill himself trying to stay with me,280,0,0,0,0,0,0,0,1,0,0,0,0
i feel bitchy today its as if today i realized that i couldnt count on any of my friends anymore,281,0,0,0,0,0,0,0,1,0,0,0,0
i feel that the very foundations of my faith have been shaken to the core,282,0,0,0,0,0,0,0,1,0,0,0,0
i did feel that the ending was a bit rushed and i do wonder if i might have missed certain signs but its a small thing when the story happens to be addictive and you dont notice the time passing by,283,0,0,0,0,0,0,0,1,0,0,0,0
i did not feel like i was on the edge and it got to a point where i wasn t bothered about who wins and to hell with it whether this fight will even end,284,0,0,0,0,0,0,0,1,0,0,0,0
i feel crazily indecisive impulsive just in a,285,0,0,0,0,0,0,0,1,0,0,0,0
i feel overwhelmed when i think of a country suffering,286,0,0,0,0,0,0,0,1,0,0,0,0
i feel so heartless sometimes because i do not have the ability to mourn for the lost of someone relating to my past grandparents,287,0,0,0,0,0,0,0,1,0,0,0,0
i feel really free i feel that i can grow wings amp fly,288,0,0,0,0,0,0,0,1,0,0,0,0
i couldnt help feel infuriated when i had left the building,289,0,0,0,0,0,0,0,1,0,0,0,0
i just feel kind of heartless now,290,0,0,0,0,0,0,0,1,0,0,0,0
im not sure that feeling slightly wronged by the police the sheriff or the tsa is always a bad thing,293,0,0,0,0,0,0,0,1,0,0,0,0
i am feeling especially lively,294,0,0,0,0,0,0,0,1,0,0,0,0
i didn t need to mention our difference but i was feeling very vulnerable because of the differences and was having a bit of fear that in someway i am doing something wrong,295,0,0,0,0,0,0,0,1,0,0,0,0
im already feeling less agitated,296,0,0,0,0,0,0,0,1,0,0,0,0
i want to feel energetic again and when i do just that bit of exercise every day be it minutes i feel more awake energized and more focused,297,0,0,0,0,0,0,0,1,0,0,0,0
i feel like a greedy person for liking two people,298,0,0,0,0,0,0,0,1,0,0,0,0
i do feel offended and i think justly,299,0,0,0,0,0,0,0,1,0,0,0,0
im thinking that feeling extremely cold yesterday was more down to me brewing something than the actual weather,300,0,0,0,0,0,0,0,1,0,0,0,0
im most expressive when i feel distraught,301,0,0,0,0,0,0,0,1,0,0,0,0
i have a feeling that the smell is not going to be pleasant,302,0,0,0,0,0,0,0,1,0,0,0,0
i have control issues though they really only kick badly when i feel unprotected or dont trust my safety net,303,0,0,0,0,0,0,0,1,0,0,0,0
i cant let all these feeling in one blink im not a heartless person like you i give you a lot of change i give you a lot of change to come and change your decisions i give you a lot of change to find me but you threw it like a crap,304,0,0,0,0,0,0,0,1,0,0,0,0
i feel so despised and i feel this world is crumbling onto me again,305,0,0,0,0,0,0,0,1,0,0,0,0
i feel bore and restless,306,0,0,0,0,0,0,0,1,0,0,0,0
i don t feel frustrated anymore from the fierce us media campaign against egypt because the more they attack us the more we know that we are on the right track,307,0,0,0,0,0,0,0,1,0,0,0,0
i need to manage my spending money more wisely but im feeling uncertain and stressed as of late,308,0,0,0,0,0,0,0,1,0,0,0,0
i feel far too distracted to actually write anything of substance,311,0,0,0,0,0,0,0,1,0,0,0,0
i feel wonderful im tipping over backwards im so ambitious im looking back im running a race and youre the books i read so feel my fingers as they touch you arms im spinning around and i feel alright the book i read was in your eyes,312,0,0,0,0,0,0,0,1,0,0,0,0
i heard it somehow it brings me good feeling strange,313,0,0,0,0,0,0,0,1,0,0,0,0
i started explaining what my biggest problems were bottling up my feelings and then dumping all those problems onto one person and my selfish search for happiness when i had felt everyone around me had found their happiness,314,0,0,0,0,0,0,0,1,0,0,0,0
ive had a somewhat difficult time trying to find something to feel thankful for,315,0,0,0,0,0,0,0,1,0,0,0,0
i feel like people like this arent getting caught therefore the government plays it up when they catch criminals of petty crimes to make themselves look better,316,0,0,0,0,0,0,0,1,0,0,0,0
i call someone i feel like i need to at least talk a few minutes to not be rude,317,0,0,0,0,0,0,0,1,0,0,0,0
i think i m also feeling restless,318,0,0,0,0,0,0,0,1,0,0,0,0
i asked them to join me in creating a world where all year old girls could grow up feeling hopeful and powerful,319,0,0,0,0,0,0,0,1,0,0,0,0
i feel strange being thankful when such awful things on the other sides of the oceans that surround that country happen on a daily basis,320,0,0,0,0,0,0,0,1,0,0,0,0
i knew i needed to get over there but had been dragging my feet a combo of feeling intimidated by the language barrier and the kids nap schedules,321,0,0,0,0,0,0,0,1,0,0,0,0
im told by horsey people that they are a rare find so i feel quite lucky,322,0,0,0,0,0,0,0,1,0,0,0,0
i feel that as we study him we find that he was indeed a perfect example of what any christian and especially a latter day saint should be,323,0,0,0,0,0,0,0,1,0,0,0,0
i was feeling rebellious so i ate it,324,0,0,0,0,0,0,0,1,0,0,0,0
i feel uncertain about his motives and feel an inbalance in our committment to the process of counselling for reconciliation,325,0,0,0,0,0,0,0,1,0,0,0,0
i was still feeling weird about the day before,326,0,0,0,0,0,0,0,1,0,0,0,0
i feel like now i have the opportunity to become smart to embrace knowledge and really learn about everything i have daydreamed of learning,327,0,0,0,0,0,0,0,1,0,0,0,0
i feel useful again and serves as a reminder that ive come a long way since the first days of vertigo,328,0,0,0,0,0,0,0,1,0,0,0,0
i could feel the blood in my veins go cold,329,0,0,0,0,0,0,0,1,0,0,0,0
i started to feel super emotional all the time which was so strange,330,0,0,0,0,0,0,0,1,0,0,0,0
im feeling pretty rebellious right now because im writing this is my engineering class,331,0,0,0,0,0,0,0,1,0,0,0,0
i feel my life being threatened by illness i lose my mind,333,0,0,0,0,0,0,0,1,0,0,0,0
i was really hoping that theyd get far enough ahead of us that we could feel like we were doing our own navigating so i was delighted when after punching the second control they headed off onto a trail through the woods,334,0,0,0,0,0,0,0,1,0,0,0,0
i feel so frustrated but i cant tell them i am,335,0,0,0,0,0,0,0,1,0,0,0,0
i wanted to say something to her but it was just a bad vibe and i was feeling hostile didnt think it was a good night to do so,336,0,0,0,0,0,0,0,1,0,0,0,0
i feel the eyes of many turn away disgusted by the self indulgence the audacity of a british woman to admit this point of failure,337,0,0,0,0,0,0,0,1,0,0,0,0
i feel incredibly charmed that i have these people in my life and that i am at such an exciting amazing chapter of things,338,0,0,0,0,0,0,0,1,0,0,0,0
i feel jealous of everyone who has the chance to meet you everyday,339,0,0,0,0,0,0,0,1,0,0,0,0
i brought up privately a couple weeks ago that i felt targeted after feeling frustrated and belittled,340,0,0,0,0,0,0,0,1,0,0,0,0
im sure its a great film but i guess i wasnt feeling too appreciative and just had a long day,342,0,0,0,0,0,0,0,1,0,0,0,0
i feel suspicious of innanimate objects and as though my house is actually the set of a play or a movie or some kind of model of itself and how did i come to be here and why is that carpet looking up at me like that,343,0,0,0,0,0,0,0,1,0,0,0,0
i feel hesitant to be putting the words on this page feeling like every time i hit a key i am tempting fate to take this away from me,344,0,0,0,0,0,0,0,1,0,0,0,0
i watched the snow fall and accumulate on the conifer trees while i was shoveling in my shirt sleeves and feeling vigorous,345,0,0,0,0,0,0,0,1,0,0,0,0
i feel that it could have been a more successful outcome had i explored new styles but kept it close to me and remained myself,346,0,0,0,0,0,0,0,1,0,0,0,0
i feel glad i can still teach him at home myself,347,0,0,0,0,0,0,0,1,0,0,0,0
im feeling overwhelmed i can just give people the middle finger or tell them to f off,348,0,0,0,0,0,0,0,1,0,0,0,0
ive had a feeling of being satisfied with the performance of my car,349,0,0,0,0,0,0,0,1,0,0,0,0
i tend to lose feel for the water pretty quickly when im not in the water every other day and i felt this during the race,350,0,0,0,0,0,0,0,1,0,0,0,0
my flatmate was asking questions about my relationship with my boyfriend,351,0,0,0,0,0,0,0,1,0,0,0,0
i feel honoured that she has chosen to share this with me,352,0,0,0,0,0,0,0,1,0,0,0,0
i feel tat all of us in this world are clever just depending on how u are born if u are born to be errrr not good but it will still would have some good things that u have it just that u dun realise it lol i noe its quite lame hope no one have read it img src http shared,353,0,0,0,0,0,0,0,1,0,0,0,0
i do have to wonder when you re cast as a caveman and you re told you re perfect for the part do you feel insulted or complimented,354,0,0,0,0,0,0,0,1,0,0,0,0
ive worked plenty of them and have yet to find one that leaves me feeling satisfied with the way ive spent another day that i will never get back,357,0,0,0,0,0,0,0,1,0,0,0,0
i find myself feeling agitated because of how what the kids are playing i ask myself did i play this way when i was little,359,0,0,0,0,0,0,0,1,0,0,0,0
i don t have any issues with the obvious i went chinese with them yesterday and i wasn t feeling hostile towards any of them,361,0,0,0,0,0,0,0,1,0,0,0,0
i sat with dave atell at first trying not to feel rude while the guys were eating,363,0,0,0,0,0,0,0,1,0,0,0,0
im good at hiding my true feelings or blurting them out in sarcastic tones,364,0,0,0,0,0,0,0,1,0,0,0,0
ive been feeling really energetic at night and honestly i needed this,365,0,0,0,0,0,0,0,1,0,0,0,0
i can feel the beginnings of a cold so i figured i deserve a heinously hot bath,366,0,0,0,0,0,0,0,1,0,0,0,0
im inclined to believe that im simply too lazy to feel particularly greedy,367,0,0,0,0,0,0,0,1,0,0,0,0
i couldnt feel thing however that kind of bothered me because i didnt feel it pop,369,0,0,0,0,0,0,0,1,0,0,0,0
i feel insecure all the time,370,0,0,0,0,0,0,0,1,0,0,0,0
i said feeling strange uttering those words but space flight was still a pretty novel way of traveling in my time,371,0,0,0,0,0,0,0,1,0,0,0,0
i actually feel insulted when the plot goes off on a tangent like that,372,0,0,0,0,0,0,0,1,0,0,0,0
i arrived at the gym she was such a ball of sunshine and made me feel very welcomed at the gym although i felt like a dorky unfit rotund sloth that did not fit in with the environment of buffed fit looking and fierce looking bloke,373,0,0,0,0,0,0,0,1,0,0,0,0
i can feel his impatient and i can t stop my body from giving him positive response,374,0,0,0,0,0,0,0,1,0,0,0,0
i have had a lot of uncaring men in my life and it still feels strange to have several that call come by and reach out to me when i am at my weakest moments,375,0,0,0,0,0,0,0,1,0,0,0,0
i don t i risk feeling vulnerable the feeling that everyone is staring at me and examining every little dimple in my thigh and sag in my arm,376,0,0,0,0,0,0,0,1,0,0,0,0
i also feel extremely blessed to be marrying into such a loving family,377,0,0,0,0,0,0,0,1,0,0,0,0
i am your friend then why do i sometime feel so insulted around you,378,0,0,0,0,0,0,0,1,0,0,0,0
ive also discovered that because i feel less agitated by caffeine and cravings this coping method is unnecessary huge,379,0,0,0,0,0,0,0,1,0,0,0,0
i don t feel like i am dissatisfied because i don t have things i think i am dissatisfied because not much is changing in me and i still feel bad at times,381,0,0,0,0,0,0,0,1,0,0,0,0
i feel super glued to my bed,382,0,0,0,0,0,0,0,1,0,0,0,0
i must say that the initial splash was not too bad but after a few strokes you could feel the cold getting into your bones,383,0,0,0,0,0,0,0,1,0,0,0,0
i woke up today feeling pissed off,384,0,0,0,0,0,0,0,1,0,0,0,0
i went in there feeling a little hostile because it felt like they didnt really care about me,385,0,0,0,0,0,0,0,1,0,0,0,0
i just feel distressed i dont know why though but i do,386,0,0,0,0,0,0,0,1,0,0,0,0
ive been feeling so anxious and nauseous and tired but also so elated that some nights its all i can do to crawl into bed,387,0,0,0,0,0,0,0,1,0,0,0,0
i experience all my normal moods feel annoyed when my year old whines or my baby wants to be held while im making dinner but i no longer feel consumed by these emotions,388,0,0,0,0,0,0,0,1,0,0,0,0
i get the feeling that the rest of yall are a little appalled about it,389,0,0,0,0,0,0,0,1,0,0,0,0
i feel extremely insulted,391,0,0,0,0,0,0,0,1,0,0,0,0
i drove home i was aware of feeling not like myself and then she called to ask if i was ok,392,0,0,0,0,0,0,0,1,0,0,0,0
i have been conveniently uninformed of the specifics of the situation i am left feeling helpless and wanting more than ever to get away,393,0,0,0,0,0,0,0,1,0,0,0,0
i feel that this was their mistake and they are just being rude,395,0,0,0,0,0,0,0,1,0,0,0,0
ive played fps games and each time ive left feeling like it was an mentally emotionally dangerous thing to do that i had to switch off an important part of my brain just to play it,396,0,0,0,0,0,0,0,1,0,0,0,0
i feel if you re learning about your purpose and the workings of this universe and continue to evolve and transcend you will be productive and such along the journey,397,0,0,0,0,0,0,0,1,0,0,0,0
i continued on my way despite feeling a bit strange with my flexy new shoes and sweat soaked back,398,0,0,0,0,0,0,0,1,0,0,0,0
i do find myself feeling anxious seeing what everyone else is doing and feeling that i am not up to part with my peers and or i am stagnate,399,0,0,0,0,0,0,0,1,0,0,0,0
i cannot help but feel a bit anxious on how this delivery will go hopefully another vbac if all goes as planned,400,0,0,0,0,0,0,0,1,0,0,0,0
i have this feeling of security about the characters i want to do if someone else gets the role i am afraid they will not do well,401,0,0,0,0,0,0,0,1,0,0,0,0
i am if i go back to the hostel for a break i feel anxious to get back out and see more and more take it all in,402,0,0,0,0,0,0,0,1,0,0,0,0
i am feeling a bit adventurous i put on red lipstick rouge artist and intense from make up for ever,404,0,0,0,0,0,0,0,1,0,0,0,0
i am this thing i have these feelings and i m not afraid to express them and to stand up for what i believe in,405,0,0,0,0,0,0,0,1,0,0,0,0
i want be there when she passed away or when she was not feeling good and same with my brother and other grandparents,407,0,0,0,0,0,0,0,1,0,0,0,0
i spent much of the morning feeling like an impostor or a visitor in someone elses life and uncertain what if anything i should do next,408,0,0,0,0,0,0,0,1,0,0,0,0
i feel petty for saying shes fucked up because technically she doesnt have to get me a gift,409,0,0,0,0,0,0,0,1,0,0,0,0
i feel you see there is always the possibility that someone might laugh or feel disgusted and it is easier for her too to express her feelings about a story and not about her boyfriend,410,0,0,0,0,0,0,0,1,0,0,0,0
i never feel brave and nor do i want to be as i believe that in order to be brave you have to make a conscious choice as to whether you want to be brave or not,411,0,0,0,0,0,0,0,1,0,0,0,0
im feeling a bit apprehensive about it as i dont know if my little note cards will stand out from the mass of talent on etsy,412,0,0,0,0,0,0,0,1,0,0,0,0
i feel like that leaves me as the artistic equivalent of the crack between couch cushions,414,0,0,0,0,0,0,0,1,0,0,0,0
i start feeling anxious again,415,0,0,0,0,0,0,0,1,0,0,0,0
i will probably just be lazy and lounge around the house and possibly go down to the pool depends how im feeling and what i can be bothered to do its my last day off before i go back to work so yeah,416,0,0,0,0,0,0,0,1,0,0,0,0
i know that tenge will get me to and from almost anywhere so if i am feeling impatient i offer more,417,0,0,0,0,0,0,0,1,0,0,0,0
i overhear the victory tune on some geeks ringtone i feel triumphant,418,0,0,0,0,0,0,0,1,0,0,0,0
i dont even know how to express how it made me feel these kids were so appreciative of the fact that we were coming there and it was very heavy to think that maybe our music gave them a little something to grasp on to,419,0,0,0,0,0,0,0,1,0,0,0,0
i ended up changing my clothes and laying in bed with my eyes closed for the next hour and eventually i started to feel better,420,0,0,0,0,0,0,0,1,0,0,0,0
i did feel like the people there were appreciative of what they had and many had happiness in that pinnacle way that is non materialistic,421,0,0,0,0,0,0,0,1,0,0,0,0
i had been feeling was all my fault that i had wronged her and caused her to abandon me,422,0,0,0,0,0,0,0,1,0,0,0,0
i remember feeling as innocent as she looked that day,423,0,0,0,0,0,0,0,1,0,0,0,0
i find im barely breathing and feel a little frantic,424,0,0,0,0,0,0,0,1,0,0,0,0
i can feel their afraid,425,0,0,0,0,0,0,0,1,0,0,0,0
i have done music and movie production in the last four years and i feel its time i do fashion which im very passionate about,427,0,0,0,0,0,0,0,1,0,0,0,0
i feel like a distracted robot,428,0,0,0,0,0,0,0,1,0,0,0,0
i feel it is worthwhile to document it for people who are not familiar with batch files,429,0,0,0,0,0,0,0,1,0,0,0,0
i feel more grounded and less fearful,430,0,0,0,0,0,0,0,1,0,0,0,0
i am not even sure how to formulate my thoughts since i just put it down and am feeling slightly overwhelmed,431,0,0,0,0,0,0,0,1,0,0,0,0
i now feel so determined to smash round and really give her something to be proud of,432,0,0,0,0,0,0,0,1,0,0,0,0
i feel like i am really grouchy and some days i get in moods where i feel like it is me against the world,433,0,0,0,0,0,0,0,1,0,0,0,0
im hesitant to make suggestions because i feel as if the outcome would not be sincere,434,0,0,0,0,0,0,0,1,0,0,0,0
im really feeling good,435,0,0,0,0,0,0,0,1,0,0,0,0
i had it in my head as it relates to the workplace because i had just been irritable to someone a tiny bit lower in status than myself in response to someone who is higher than me making me feel momentarily pressured,436,0,0,0,0,0,0,0,1,0,0,0,0
i began to feel very afraid of disappointment during the tour just because the rain and fog continued,437,0,0,0,0,0,0,0,1,0,0,0,0
i had felt kind of ick but just figured it was nerves or feeling anxious,438,0,0,0,0,0,0,0,1,0,0,0,0
i was feeling all resentful that id been given such a boring assignment and,439,0,0,0,0,0,0,0,1,0,0,0,0
im feeling bitchy on saturday,440,0,0,0,0,0,0,0,1,0,0,0,0
i may attempt a hair coloring session later if i m feeling brave crazy saturday nights over here,441,0,0,0,0,0,0,0,1,0,0,0,0
i have to say however is that is is awfully difficult to feel glamorous and sensational in all this heat ash stench greasy hair and your basic post yeast infection mode,443,0,0,0,0,0,0,0,1,0,0,0,0
i drive home i feel like a petty thief having just stolen the exposures crudely stuck in my camera from the ancients,444,0,0,0,0,0,0,0,1,0,0,0,0
im not as mad and upset as i was on day but i feel scared now,445,0,0,0,0,0,0,0,1,0,0,0,0
i went back to work feeling agitated and lazy which transformed into this state where i just yelled i dont know,446,0,0,0,0,0,0,0,1,0,0,0,0
i wish i could say fuck you to people who make me feel insecure for ever to have existed,447,0,0,0,0,0,0,0,1,0,0,0,0
i thought i hope our vanquished england failures are watching this and feeling very envious and determined to do everything to improve and maybe one day do something similar before i die,448,0,0,0,0,0,0,0,1,0,0,0,0
i might go get a car wash if i am feeling really generous my car needs it,449,0,0,0,0,0,0,0,1,0,0,0,0
i was feeling apprehensive about my life as a student i felt like i couldnt succeed wouldnt succeed could never succeed,450,0,0,0,0,0,0,0,1,0,0,0,0
i feel that i no longer have to do things to look cool,451,0,0,0,0,0,0,0,1,0,0,0,0
i should somehow feel hesitant about that,452,0,0,0,0,0,0,0,1,0,0,0,0
i just feel really irritable and everything drives me insane,453,0,0,0,0,0,0,0,1,0,0,0,0
i am not feeling well or grouchy or lazy ill sometimes forego my bed in favor of our futon couch for a little shut eye,454,0,0,0,0,0,0,0,1,0,0,0,0
i feel less bitchy in the morning,455,0,0,0,0,0,0,0,1,0,0,0,0
i feel like i got resentful and tired and i just wanted to talk to him so badly,456,0,0,0,0,0,0,0,1,0,0,0,0
when my relatives and i were in a car going slowly on a frozen road,457,0,0,0,0,0,0,0,1,0,0,0,0
i forgive myself for accepting and allowing myself to feel uncertain about my application within this i reveal that i feel uncertain within myself,458,0,0,0,0,0,0,0,1,0,0,0,0
when in a car accident where car was total wipe off wipe out,460,0,0,0,0,0,0,0,1,0,0,0,0
i feel that each point is equally important than each,461,0,0,0,0,0,0,0,1,0,0,0,0
i feel that i am getting more and more timid these days,462,0,0,0,0,0,0,0,1,0,0,0,0
im feeling agitated again the usual evening mood that is becoming the norm,463,0,0,0,0,0,0,0,1,0,0,0,0
i do at times feel a bit strange with my mom ushering her about as though shes her traumatic brain injury is really doing a toll on her mental and physical capacities,465,0,0,0,0,0,0,0,1,0,0,0,0
i have that spring fling feeling again and like a flower unfurling my artistic soul is ready for some sunshine,466,0,0,0,0,0,0,0,1,0,0,0,0
i feel it s acceptable for me to put forth little effort in today s post,467,0,0,0,0,0,0,0,1,0,0,0,0
i feel like ive been sooo distracted and i need to regain my focus again,468,0,0,0,0,0,0,0,1,0,0,0,0
i must confess im feeling a little overwhelmed,470,0,0,0,0,0,0,0,1,0,0,0,0
i feel that im fine without him,472,0,0,0,0,0,0,0,1,0,0,0,0
i feel like a paranoid annoyance when in reality she wouldve talked to anyone that way,473,0,0,0,0,0,0,0,1,0,0,0,0
i also feel it can be rude to see your family doctor out and about and approach them together with your ailments,474,0,0,0,0,0,0,0,1,0,0,0,0
i feel rediculous and petty and yet justified,475,0,0,0,0,0,0,0,1,0,0,0,0
i flung into my suitcase at the last minute didn t break on the crossing over or explode in the pressurized cabin so thus far i m feeling pretty splendid about things,476,0,0,0,0,0,0,0,1,0,0,0,0
i feel furious at myself for being so pathetic furious at her for various reasons,477,0,0,0,0,0,0,0,1,0,0,0,0
i sometimes feel very vulnerable,479,0,0,0,0,0,0,0,1,0,0,0,0
i would feel lucky to call any of the materials and kits on your site mine they are just beautifully curated,480,0,0,0,0,0,0,0,1,0,0,0,0
i am not okay with feeling annoyed at myself and at life all the time,481,0,0,0,0,0,0,0,1,0,0,0,0
i empathize with the feeling of being dissatisfied not where i want to be but no i dont feel that way,482,0,0,0,0,0,0,0,1,0,0,0,0
i alternated between wishing i would die and then feeling terrified that something would happen to me leaving my newborn son without a mother,487,0,0,0,0,0,0,0,1,0,0,0,0
i have been feeling conflicted on whether or not i as a follower of christ should celebrate the ever popular pagan originated modern day holidays,488,0,0,0,0,0,0,0,1,0,0,0,0
i do not like feeling unsure and uncertain,489,0,0,0,0,0,0,0,1,0,0,0,0
i lose interest in reading stories when i feel like the tension has been resolved which did happen a few times and yet i kept wanting to read more,490,0,0,0,0,0,0,0,1,0,0,0,0
i stare and feel utterly helpless,491,0,0,0,0,0,0,0,1,0,0,0,0
i feel selfish thinking this way but i feel so lonely at times,492,0,0,0,0,0,0,0,1,0,0,0,0
i havent been measuring out food drinking nearly enough water tracking any fitness and overall i feel completely shaken and unfocused because i dont feel like my foundation is steady at the moment,494,0,0,0,0,0,0,0,1,0,0,0,0
i admit that in the past ive done a lot of time scoffing and feeling superior to christians,495,0,0,0,0,0,0,0,1,0,0,0,0
i feel this strategy is worthwhile,496,0,0,0,0,0,0,0,1,0,0,0,0
i feel i had benefited more from last year s creative futures but could this be in part that the information i had learnt last year i was already putting into practice and therefore this year s sessions were what i was already doing rather than inspiring me to start,497,0,0,0,0,0,0,0,1,0,0,0,0
i feel as if this opportunity to return to moz is gods gracious gracious way of giving me that heat desire despite my own self doubt and uncertainty in the past,498,0,0,0,0,0,0,0,1,0,0,0,0
i am feeling the need to consolidate to step back and re evaluate the purpose of this blog other than providing a fabulous vicarious life for yall to live through my sarcasm does not always come across in print,499,0,0,0,0,0,0,0,1,0,0,0,0
i don t feel like there was a part before the race where i was stressed out,500,0,0,0,0,0,0,0,1,0,0,0,0
ive been feeling disgusted and ashamed,501,0,0,0,0,0,0,0,1,0,0,0,0
im most afraid of i already feel slightly out of place at cru because while most of them will say they are my friend very few of them bothered to reach out and ask how things were going in australia,503,0,0,0,0,0,0,0,1,0,0,0,0
i am already feeling frantic,504,0,0,0,0,0,0,0,1,0,0,0,0
i feel as weird criticizing this game as much as i feel weird praising it,505,0,0,0,0,0,0,0,1,0,0,0,0
im feeling a little stressed out about it but i cant do much right now because im waiting for a couple of tax returns in the mail and a letter from jasons employer which is taking quite some time,506,0,0,0,0,0,0,0,1,0,0,0,0
i am feeling quite disorganised and distracted and i wish i could answer some of the questions i seem to be unable to block out or forget or answer with logical answers uuuugh,508,0,0,0,0,0,0,0,1,0,0,0,0
i can see or feel about it is the divine possibility of being with you away alone for one long golden day at last anywhere,510,0,0,0,0,0,0,0,1,0,0,0,0
i can t imagine a real life scenario where i would be emotionally connected enough with someone to feel totally accepted and safe where it it morally acceptable for me to have close and prolonged physical contact and where sex won t be expected subsequently,512,0,0,0,0,0,0,0,1,0,0,0,0
i have written i don t know why this would make me feel shy,515,0,0,0,0,0,0,0,1,0,0,0,0
i am still numb i question everything about what i feel and terrified to trust all my feelings,516,0,0,0,0,0,0,0,1,0,0,0,0
i have to admit i feel shaken up,517,0,0,0,0,0,0,0,1,0,0,0,0
i forgot to take my meds this morning and i am predictably feeling irritable but less predictably i have been sitting here all day thinking ima kill a bitch if i dont get my hands on a chocolate cupcake,519,0,0,0,0,0,0,0,1,0,0,0,0
i somehow feel terrified as though if i dare slow down or walk in place to catch my breath billy blanks will jump out of the screen and yell into my face with all his fierceness,520,0,0,0,0,0,0,0,1,0,0,0,0
i felt jealous when you i feel insecure when,521,0,0,0,0,0,0,0,1,0,0,0,0
i am months into the medication and i feel fantastic,522,0,0,0,0,0,0,0,1,0,0,0,0
i over think you think i really feel insecure,523,0,0,0,0,0,0,0,1,0,0,0,0
occured while preparing for a midterm in social welfare that i thought was going to be very hard and felt unprepared for,524,0,0,0,0,0,0,0,1,0,0,0,0
i was feeling energetic and strong,525,0,0,0,0,0,0,0,1,0,0,0,0
i just really need the money right now and i feel like some greedy nasty aunt for not wanting to hand everything over,526,0,0,0,0,0,0,0,1,0,0,0,0
i entered the temple feeling vaguely terrified,527,0,0,0,0,0,0,0,1,0,0,0,0
i feel like i was a rude ass hole at hookah,528,0,0,0,0,0,0,0,1,0,0,0,0
i do sometimes feel like im in this strange in between world,529,0,0,0,0,0,0,0,1,0,0,0,0
i never feel that popular,530,0,0,0,0,0,0,0,1,0,0,0,0
i am going to add some photos from today and again thank you all for your dear support when i was feeling overwhelmed at different moments,531,0,0,0,0,0,0,0,1,0,0,0,0
i am sure the pleasure of living in the open air with the sky for a roof and the ground for a table is part of the same feeling it is the savage returning to his wild and native habits,532,0,0,0,0,0,0,0,1,0,0,0,0
i feel this is doubtful,533,0,0,0,0,0,0,0,1,0,0,0,0
i get involved into a tale of good versus evil i want to feel afraid of the dark to a certain extent,534,0,0,0,0,0,0,0,1,0,0,0,0
i want to talk to you about but with the limited time we have on the phone and with our current arrangment i feel hesitant to bring it up,535,0,0,0,0,0,0,0,1,0,0,0,0
i am feeling it and it s really ok,536,0,0,0,0,0,0,0,1,0,0,0,0
im just feeling strangely indecisive and also because i dont really believe that,537,0,0,0,0,0,0,0,1,0,0,0,0
i feel like the character precious,539,0,0,0,0,0,0,0,1,0,0,0,0
i admit that with all the thoughts that go through my head i feel doubtful at times coz im scared,540,0,0,0,0,0,0,0,1,0,0,0,0
i feel doubtful even when i am struggling a bit with my faith even when times seem dark or i feel alone i know that god is with me,541,0,0,0,0,0,0,0,1,0,0,0,0
i can not see friends and for the most part i feel like leaving my bedroom could be dangerous,542,0,0,0,0,0,0,0,1,0,0,0,0
i still feel that i expect pieces of the world from him but im afraid to come close and place those expectations upon him again in fear that hell disappoint me,543,0,0,0,0,0,0,0,1,0,0,0,0
i couldn t feel anything other than some strange tugging so i was relieved to say the least,544,0,0,0,0,0,0,0,1,0,0,0,0
ive had two shots of lupron and im feeling fine,545,0,0,0,0,0,0,0,1,0,0,0,0
im already not feeling terrific,546,0,0,0,0,0,0,0,1,0,0,0,0
i worked today on writing and making sure the rest of the house was as perfect as i could make it to feel our own peaceful sense of order pm linda writing always makes you feel better and accomplished too,547,0,0,0,0,0,0,0,1,0,0,0,0
i rarely feel hesitant to say something sometimes even too much,548,0,0,0,0,0,0,0,1,0,0,0,0
i feel like affirmation however petty is what i really need,549,0,0,0,0,0,0,0,1,0,0,0,0
i dont know what it is but i have been feeling less paranoid,550,0,0,0,0,0,0,0,1,0,0,0,0
i want to feel and maybe something i am feeling convinced myself of the nvm state of mind i am in after due deliberations,551,0,0,0,0,0,0,0,1,0,0,0,0
i feel like the thing im most nervous about is having two kids,553,0,0,0,0,0,0,0,1,0,0,0,0
i feel any artist that puts forth a piece of work even ones i do not agree with should be respected even if it s just for the sake of them overcoming the shackles of our society s norms,554,0,0,0,0,0,0,0,1,0,0,0,0
i feel so blessed that i am able to leave there,555,0,0,0,0,0,0,0,1,0,0,0,0
i remember that beauty truly is in the eye of the beholder people see the beautiful compliment as a statement of how valuable they find that person and people don t want to kick someone when they are feeling vulnerable,556,0,0,0,0,0,0,0,1,0,0,0,0
i feel fearful,557,0,0,0,0,0,0,0,1,0,0,0,0
i set my mind to wanting a specific item needing it for a specific event or at a specific time i find ill end up spending more than i want to because i feel pressured by constraints,558,0,0,0,0,0,0,0,1,0,0,0,0
i have reason to wonder to be confused to feel angered to say youre selfish to say youre cold,559,0,0,0,0,0,0,0,1,0,0,0,0
im getting things done that i really need to and i feel good about it,560,0,0,0,0,0,0,0,1,0,0,0,0
im guessing with everyone standing there she was feeling timid about moving through the crowd again,561,0,0,0,0,0,0,0,1,0,0,0,0
i would veer from feeling utterly terrified to utterly disorientated to utterly queasy,563,0,0,0,0,0,0,0,1,0,0,0,0
i was feeling a bit rebellious today,564,0,0,0,0,0,0,0,1,0,0,0,0
i feel so rich when i pass by you i see a penny,565,0,0,0,0,0,0,0,1,0,0,0,0
i know there are days in which you feel distracted,566,0,0,0,0,0,0,0,1,0,0,0,0
i feel energetic and fresh and the great things is my eye sight has improved a lot,567,0,0,0,0,0,0,0,1,0,0,0,0
i actually feel hopeful today,568,0,0,0,0,0,0,0,1,0,0,0,0
i didn t walk the whole distance just sampled four or five stretches but i came home feel charmed by the experience,569,0,0,0,0,0,0,0,1,0,0,0,0
i nodded proud of my decision to procure a pump feeling slightly smug,570,0,0,0,0,0,0,0,1,0,0,0,0
i cant help but feel a little jubilant as i walk through the arrivals gate,571,0,0,0,0,0,0,0,1,0,0,0,0
i hadnt read on a blog before and you guys i feel thrilled that i know you at all,572,0,0,0,0,0,0,0,1,0,0,0,0
i feel like being sociable anymore,573,0,0,0,0,0,0,0,1,0,0,0,0
i feel the market is in a somewhat dangerous position for traders who end up on the wrong side right now,574,0,0,0,0,0,0,0,1,0,0,0,0
i was feeling quite mellow and i wanted a soft easy look to wear with my beginning of a cold,575,0,0,0,0,0,0,0,1,0,0,0,0
i get changed i am feeling insecure,577,0,0,0,0,0,0,0,1,0,0,0,0
i still feel annoyed and the older sd is always sick with something and i mean always,580,0,0,0,0,0,0,0,1,0,0,0,0
i have been feeling restless and not quite grounded,581,0,0,0,0,0,0,0,1,0,0,0,0
i feel rewarded and useful and valuable anyway,582,0,0,0,0,0,0,0,1,0,0,0,0
i was feeling so reluctant the whole day today the only thing that i feel like doing is just sticking my ass on the benches ground having heart to heart talks with my favs staring into space and nothing,583,0,0,0,0,0,0,0,1,0,0,0,0
i might feel a bit proud if i had one on my left wrist as this is a turbillion watch made in hong kong,584,0,0,0,0,0,0,0,1,0,0,0,0
i guess im just feeling a little rebellious,585,0,0,0,0,0,0,0,1,0,0,0,0
i have a very difficult time allowing people to do nice things for me without feeling either insulted or like i m in their debt,586,0,0,0,0,0,0,0,1,0,0,0,0
i am sitting here typing this and wondering where i belong feeling distracted feeling comfortable feeling misunderstood and hurt,22,0,0,0,0,0,0,0,0,1,0,0,0
i feel so comfortable around him,77,0,0,0,0,0,0,0,0,1,0,0,0
i feel like im back in my element and very pleased to be surrounded by adorable tiny garments,136,0,0,0,0,0,0,0,0,1,0,0,0
i feel uncomfortable when i need to sit through a bad presentations,180,0,0,0,0,0,0,0,0,1,0,0,0
i am feeling extremely pleased with myself and i decide to give the guy another rupees,201,0,0,0,0,0,0,0,0,1,0,0,0
i was just yesterday feeling uncomfortable with highschool sigh,252,0,0,0,0,0,0,0,0,1,0,0,0
i feel stubborn and strong and ready to fight this disease,291,0,0,0,0,0,0,0,0,1,0,0,0
i was also feeling really pleased that i decided well cajoled bullied and ordered to go out running this evening,292,0,0,0,0,0,0,0,0,1,0,0,0
i feel so uncomfortable about the word hero,310,0,0,0,0,0,0,0,0,1,0,0,0
i am feeling quite pleased with myself as this was something id never done before,394,0,0,0,0,0,0,0,0,1,0,0,0
i could feel its warmth in the strange stillness and it comforted me,464,0,0,0,0,0,0,0,0,1,0,0,0
i don t just mean that the sensations we experience influence our moods i m not simply pointing out that say discomfort in our bodies makes us feel irritable,502,0,0,0,0,0,0,0,0,1,0,0,0
i feel very comfortable with this decision,507,0,0,0,0,0,0,0,0,1,0,0,0
i am feeling remotely dignified tasteful or comfortable,509,0,0,0,0,0,0,0,0,1,0,0,0
i am a bit out of my comfort zone too and im feeling a tad apprehensive,624,0,0,0,0,0,0,0,0,1,0,0,0
i was feeling irate and extremely uncomfortable,665,0,0,0,0,0,0,0,0,1,0,0,0
i told im i didnt want him to feel uncomfortable,683,0,0,0,0,0,0,0,0,1,0,0,0
i feel privileged to have narrated erik princes autobiography civilian warriors the inside story of blackwater and the unsung heroes of the war on terror which will be released this monday nov th,731,0,0,0,0,0,0,0,0,1,0,0,0
i feel that the father wants to tell you that he is pleased with you,741,0,0,0,0,0,0,0,0,1,0,0,0
i acknowledge that i am not actually fat by definition but feeling uncomfortable in my skin,791,0,0,0,0,0,0,0,0,1,0,0,0
i have been in my mm comfort zone for too long and i feel the need to get a bit more creative with my composition,808,0,0,0,0,0,0,0,0,1,0,0,0
i wound up feeling pleased with how tightly paced the film is,810,0,0,0,0,0,0,0,0,1,0,0,0
im feeling pretty comfortable,883,0,0,0,0,0,0,0,0,1,0,0,0
i even go further these subjects are not interesting to me in anyway because i m relating to them personally some example will be used with imaginary names to protect friend and family identity s please do not feel offended if u see your name,927,0,0,0,0,0,0,0,0,1,0,0,0
i am pleased that only pgce qualified teachers can work here it makes the effort expense to gain mine feel worthwhile,940,0,0,0,0,0,0,0,0,1,0,0,0
i am not an expert i am simply a filmmaker and i feel really uncomfortable speaking from a level higher than the audience especially when there are often real experts in the audience who know much more about medical and radiation issues than i do,950,0,0,0,0,0,0,0,0,1,0,0,0
i feel uncomfortable with the fact i am so powerless at the moment,989,0,0,0,0,0,0,0,0,1,0,0,0
im feeling very uncomfortable there the comfort and warmth is just not there any more,1166,0,0,0,0,0,0,0,0,1,0,0,0
im feeling quite pleased this week,1223,0,0,0,0,0,0,0,0,1,0,0,0
when i received the first year results as the first year had involved a lot of work and i was very pleased when i got the results,1237,0,0,0,0,0,0,0,0,1,0,0,0
i try to hold my tongue try to see it from his point of view but inside i am feeling agitated and irritable about all this pressure to please him when i cannot seem to get my own self in order,1242,0,0,0,0,0,0,0,0,1,0,0,0
i become more comfortable in this remodeled office i am feeling much gratitude for its wonderful amenities,1248,0,0,0,0,0,0,0,0,1,0,0,0
im feeling a bit uncertain its comforting to me to draw these trusty old louche animals,1276,0,0,0,0,0,0,0,0,1,0,0,0
i feel uncomfortable and slobby,1329,0,0,0,0,0,0,0,0,1,0,0,0
i still am not able to remember a single dull moment a detail that pissed me off a thing i didnt feel comfortable about,1389,0,0,0,0,0,0,0,0,1,0,0,0
i feel now so uncomfortable with all of them i guess is me,1414,0,0,0,0,0,0,0,0,1,0,0,0
i visited the psychologist all those years ago i really took to heart what he said about not closing myself up and letting others know when i feel uncomfortable etc,1416,0,0,0,0,0,0,0,0,1,0,0,0
i make an arcade i have a very simple purpose and that is to try to make it feel absolutely comfortable physically emotionally practically and absolutely,1440,0,0,0,0,0,0,0,0,1,0,0,0
i do not feel comfortable staying in my house i feel relentless when im asked to do something tired almost all the time and bored without my own money,1580,0,0,0,0,0,0,0,0,1,0,0,0
i feel like this could be a dangerous topic if anyone feels passionately about pianos but its been on my mind for a while and i thought it was worth discussing not because im going to paint my piano which i grew up with so please stop hyperventilating mom,1592,0,0,0,0,0,0,0,0,1,0,0,0
i seriously feel uncomfortable,1618,0,0,0,0,0,0,0,0,1,0,0,0
i was feeling anything but adventurous and stuck with comfort zone and ordered mcdonalds,1629,0,0,0,0,0,0,0,0,1,0,0,0
i feel pleased about this issue there are a lot of beautiful pieces in it for example maggie lees poem titled a href http vol,1641,0,0,0,0,0,0,0,0,1,0,0,0
i am going crazy at leas the feeling is more pleasent them fearful,1893,0,0,0,0,0,0,0,0,1,0,0,0
i cant help but feel a bi jealous of their professional organization good support system and comfortable living situation,1938,0,0,0,0,0,0,0,0,1,0,0,0
i feel unease in my room but our living room is very pleasant for me,2023,0,0,0,0,0,0,0,0,1,0,0,0
i think i have made it known how i feel about cold weather we are not friends i am ready for winter to be finished please please be finished,2027,0,0,0,0,0,0,0,0,1,0,0,0
i was so honoured that this young woman felt comfortable enough to ask me i had kind of a faux hawk thing going on back then so i must have looked dykey enough for her to feel safe talking to me,2033,0,0,0,0,0,0,0,0,1,0,0,0
im feeling more comfortable in the water,2039,0,0,0,0,0,0,0,0,1,0,0,0
i no raphael says grasping for his usual eloquence and feeling it slip from his fingers with spiteful ease,2132,0,0,0,0,0,0,0,0,1,0,0,0
i still have cramps plus i get really dizzy when i stand up and my whole body is aching and i just generally feel extremely uncomfortable,2175,0,0,0,0,0,0,0,0,1,0,0,0
i feel greedy with my thoughts and it is a relief to let them linger,2248,0,0,0,0,0,0,0,0,1,0,0,0
im probably the least talkative person in the group i always feel glad for going even when its intense uncomfortable or when i feel vulnerable,2309,0,0,0,0,0,0,0,0,1,0,0,0
i would have liked to go but that i wouldnt leave without reason because that would feel highly uncomfortable,2375,0,0,0,0,0,0,0,0,1,0,0,0
im by no means huge however as im only i find that any extra weight at all makes me feel very uncomfortable in myself as well as my clothes,2484,0,0,0,0,0,0,0,0,1,0,0,0
i always feel pressured to act normal with my eating around family at christmas so yeah ill need to lose weight to be comfortable eating dessert and stuff then,2633,0,0,0,0,0,0,0,0,1,0,0,0
i generally don t eat a lot of junk it is mostly stress eating but as i become more comfortable with the child care i am feeling less stressed and eating less junk,2648,0,0,0,0,0,0,0,0,1,0,0,0
i feel relaxed and comfortable,2696,0,0,0,0,0,0,0,0,1,0,0,0
i like to buck the system and climb on my soapbox when i feel wronged or see others wronged but for the most part i am more comfortable with a society that accepts certain behaviors as moral truths,2708,0,0,0,0,0,0,0,0,1,0,0,0
i think browsers are more comfortable in my booth if all my attention is not focused on them and they don t feel pressured to make a purchase,2741,0,0,0,0,0,0,0,0,1,0,0,0
i was feeling pleased with the manuscript reporting the results of my fellowship research annoyed at the ridiculous requirements for for,2799,0,0,0,0,0,0,0,0,1,0,0,0
i feel very uncomfortable around people with down syndrome,2818,0,0,0,0,0,0,0,0,1,0,0,0
i got to chat with rustie dean from my hometown moose jaw and everyone made me feel so welcomed and comfortable,2860,0,0,0,0,0,0,0,0,1,0,0,0
im feeling rather pleased with myself tonight because i did that,2903,0,0,0,0,0,0,0,0,1,0,0,0
i am feeling a bit agitated or stressed i find a surprising amount of relief from cleaning and decluttering my house or even just a small space like a closet,2990,0,0,0,0,0,0,0,0,1,0,0,0
i am comforted knowing that i can use my gun for my protection and will not be put behind bars for using it when i feel threatened,3024,0,0,0,0,0,0,0,0,1,0,0,0
i feel paranoid but atleast now i get some comfort with dd she is the only person that i can talk to and not feel lie total crap around she is the nicest kindest most caring person i have ever met and i dont think that i will ever find anyone as great as her in my life,3042,0,0,0,0,0,0,0,0,1,0,0,0
im feeling a little grumpy today with the lame weather tease we got over the weekend,3077,0,0,0,0,0,0,0,0,1,0,0,0
i have an uncomfortable feeling that there actually was an important lesson there for me to learn,3141,0,0,0,0,0,0,0,0,1,0,0,0
i felt rich being able to insist on paying more than the asking price the shop assistant was obviously pleased at being able to boost the takings for the charity and i hope the generous person who donated the easel to the shop is also feeling rich,3217,0,0,0,0,0,0,0,0,1,0,0,0
i cant stop talking even though im already feel weird uncomfortable feeling swarming me but still my mouth keeps saying unnecessary word,3233,0,0,0,0,0,0,0,0,1,0,0,0
i feel like i am gaining strength quickly and could probably start to ease back into running now but i am pretty much scared silly,3320,0,0,0,0,0,0,0,0,1,0,0,0
i feel deeply pleased as my hand plane takes off thin shavings of wood with a precision that is truly marvellous,3354,0,0,0,0,0,0,0,0,1,0,0,0
i feel ive been physically uncomfortable for the last months of my life so nothing new there,3366,0,0,0,0,0,0,0,0,1,0,0,0
i like to be comfortable and usually silence helps although at times i absolutely need music and a couple of hours off just so that i don t feel rushed,3426,0,0,0,0,0,0,0,0,1,0,0,0
i try not to make anyone feel uncomfortable,3507,0,0,0,0,0,0,0,0,1,0,0,0
i got an overall dark and uncomfortable feeling as we chose to stay until the end as not to disrupt or be rude,3563,0,0,0,0,0,0,0,0,1,0,0,0
im tired but i feel fabulous and i am so freaking proud of myself at this moment for continuing to push myself to train and to get so far out of my comfort zone,3577,0,0,0,0,0,0,0,0,1,0,0,0
i feel uncomfortable depending on my partner to meet my needs,3584,0,0,0,0,0,0,0,0,1,0,0,0
i wouldnt feel uncomfortable wearing it at work,3598,0,0,0,0,0,0,0,0,1,0,0,0
i feel the most important thing is just someone makes you very comfortable thats all,3653,0,0,0,0,0,0,0,0,1,0,0,0
i started to feel dissatisfied by the ease and convenience of it all,3724,0,0,0,0,0,0,0,0,1,0,0,0
i feel so elegant so marvelous so irresistible in this frock that i will endure the discomfort,3747,0,0,0,0,0,0,0,0,1,0,0,0
i can but i feel massively uncomfortable doing it it consumes massive amounts of processing power and i associate it with some very bad situations ive been in recently,3765,0,0,0,0,0,0,0,0,1,0,0,0
i usually don t wear glasses at first i had uncomfortable feeling like irritated but lately i feel comfortable to have it,3768,0,0,0,0,0,0,0,0,1,0,0,0
ive got no brothers in the family i feel incredibly blessed to be gifted with sisters who drive me up the wall and who also happens to be the ones who make me feel most comfortable being myself,3813,0,0,0,0,0,0,0,0,1,0,0,0
i was not able to say in a public forum indeed some of our most difficult struggles are left unmentioned i do feel that pleased that i was able to create some narrative unity in the experience we had there including some of the true highlights and challenges,3830,0,0,0,0,0,0,0,0,1,0,0,0
i so much appreciate all of my readers and followers but please feel free to skip this pity party post,3832,0,0,0,0,0,0,0,0,1,0,0,0
i feel welcomed cared for and ready to be pleased,3960,0,0,0,0,0,0,0,0,1,0,0,0
i feel kind of uncomfortable as i m about to write a not so favorable review about starters,4097,0,0,0,0,0,0,0,0,1,0,0,0
i visit m ller in my country and go to the expensive make up stands the sales assistants are always standing right next to me and looking at me like im going to steal something so i feel really uncomfortable shopping there,4109,0,0,0,0,0,0,0,0,1,0,0,0
i feel uncomfortable when i wear lenses that are not brown but these lenses make me want to get more blue lenses,4112,0,0,0,0,0,0,0,0,1,0,0,0
i dont know why but i feel uncomfortable in front of people who flaunt their strength or their accomplishments,4135,0,0,0,0,0,0,0,0,1,0,0,0
i continue to add more so please feel free to explore and let me know what you think,4153,0,0,0,0,0,0,0,0,1,0,0,0
i mentioned in that post the colors are very pretty but they feel very uncomfortable on the eyes,4232,0,0,0,0,0,0,0,0,1,0,0,0
i can only pass to my left side and i would have to occasionally reset if my weaker leg gets put in half guard but did not feel comfortable taking the back nor mount,4237,0,0,0,0,0,0,0,0,1,0,0,0
i feel when i just out from my dorm and began to breath a pleased liberty,4290,0,0,0,0,0,0,0,0,1,0,0,0
i feel pleased that i will resist it till i get these next four night shifts over with,4403,0,0,0,0,0,0,0,0,1,0,0,0
im off to the big city solo for what im afraid is going to be six days of wandering around lost six days of feeling uncomfortable six days of not knowing how to dress six days of not knowing what to do six days of not knowing where to eat six days of disaster disaster disaster,4409,0,0,0,0,0,0,0,0,1,0,0,0
i may feel uncomfortable or just want to give up,4430,0,0,0,0,0,0,0,0,1,0,0,0
i have not spent that much time with them but i just don t feel that comfortable there,4485,0,0,0,0,0,0,0,0,1,0,0,0
i want to please him but i feel resentful that he doesn t get how exhausted i feel all the time and how painful it is for me when i m not warmed up properly,4561,0,0,0,0,0,0,0,0,1,0,0,0
i remember feeling so calmed and at ease because even though we had just a few minutes of good light i felt your confidence and determination to get the best possible shots and that made all the difference in the world to me,4562,0,0,0,0,0,0,0,0,1,0,0,0
i am feeling so ridiculously uncomfortable these days the rising temperatures dont help and i have added wicked heartburn to the list of things keeping me up at night,4639,0,0,0,0,0,0,0,0,1,0,0,0
i feel like i have an uncomfortable limit,4676,0,0,0,0,0,0,0,0,1,0,0,0
i mane is feeling generous and releases his new lp diary of a trap god for free,4730,0,0,0,0,0,0,0,0,1,0,0,0
i do my best but it feels uncomfortable,4823,0,0,0,0,0,0,0,0,1,0,0,0
i was up early today to vote before the lines got too long and i didnt have that feeling at all but i was uncomfortable for another reason,4831,0,0,0,0,0,0,0,0,1,0,0,0
im years old and i must admit that it has made me feel uncomfortable,4870,0,0,0,0,0,0,0,0,1,0,0,0
i feel like a tree which is being shaken rudely from its comfortable ground,4922,0,0,0,0,0,0,0,0,1,0,0,0
i may finally sit down and feel sweet release only to notice i have misplaced my glasses or that the kids have found a unique place for them,4929,0,0,0,0,0,0,0,0,1,0,0,0
im sitting there with both boobs hanging out so why do i feel uncomfortable,4934,0,0,0,0,0,0,0,0,1,0,0,0
i feel really comfortable in them,5007,0,0,0,0,0,0,0,0,1,0,0,0
i started to feel uncomfortable buzzy short of breath and very mildly panicky,5024,0,0,0,0,0,0,0,0,1,0,0,0
im thankful to work in a place where i can feel comfortable and supported,5118,0,0,0,0,0,0,0,0,1,0,0,0
ive felt even more centered here and pleased w how things are going w out feeling complacent,5125,0,0,0,0,0,0,0,0,1,0,0,0
i started the dew beyond having a positive showing of the south to encourage writers from all experiences and levels of advancement to feel comfortable sharing their work,5136,0,0,0,0,0,0,0,0,1,0,0,0
i would also feel threatened by the ease with which private information could permeate the system,5153,0,0,0,0,0,0,0,0,1,0,0,0
i thought of that feeling of delicious isolation i feel when i am absorbed in a quest each revelation leading to questions then answers then more questions a cave came to mind at first lined with ancient and wisdom filled tomes a deep comfortable chair and large paper strewn table in the centre,5197,0,0,0,0,0,0,0,0,1,0,0,0
im not saying cut everyone out of your life but i feel its important to find comfort in solitude meditation or working on projects alone,5235,0,0,0,0,0,0,0,0,1,0,0,0
i am not monitoring what i have to say about anything if you ever come across any of my blogs and feel offended please dont stop by here again,5251,0,0,0,0,0,0,0,0,1,0,0,0
i am angry that my employers do not invest in us at all training pay increases bank holidays and it feels like injustice so i feel helpless,5290,0,0,0,0,0,0,0,0,1,0,0,0
i feel uncomfortable using the word awesome but this idea actually is,5293,0,0,0,0,0,0,0,0,1,0,0,0
i might be needing quite sometimes to let this feelings fade away but i wont make you feel insecure or disturb or uncomfortable,5306,0,0,0,0,0,0,0,0,1,0,0,0
i have just good news to share and it feels so amazing just being able to sit here and feel relief and sunshine,5412,0,0,0,0,0,0,0,0,1,0,0,0
i could sense that he was uncomfortable when he came to deliver the letter but i was willing to attribute to him feeling weird about being so romantic and vulnerable,5435,0,0,0,0,0,0,0,0,1,0,0,0
i will remember you as someone who i could feel so comfortable around,5457,0,0,0,0,0,0,0,0,1,0,0,0
i dont want to pretend i am someone and i am not because i dont feel comfortable,5561,0,0,0,0,0,0,0,0,1,0,0,0
i get a sort of tunnel vision heart rate increases i cant feel my arms or legs and i cant hear a thing this being the more dangerous of the side effects that have meant i cant hear the stop whistle if i have injured my opponent and thus has lead to tournament disqualifications and fines,5574,0,0,0,0,0,0,0,0,1,0,0,0
i normally associate with a tough workout moving from side to side in bed has become more of an effort my sleep is pretty interrupted and uncomfortable in general although much better with the aid of a benadryl and there are times when i feel like i could never be energetic again,5575,0,0,0,0,0,0,0,0,1,0,0,0
i like about dating him is how outgoing he is which makes me feel more at ease because im somewhat shy,5576,0,0,0,0,0,0,0,0,1,0,0,0
ive been comfort eating because im still feeling rubbish and i havent bothered to log most of it so theres no point checking on my food log yeah i know some of you do that,5585,0,0,0,0,0,0,0,0,1,0,0,0
i didn t burst into tears or some other devastating release of feelings or thoughts because i seemed to know that rich also had to go through his own space without me just dumping on him,5618,0,0,0,0,0,0,0,0,1,0,0,0
i also know that if i forget for a period of time it would cause tension or a feeling of unease that maybe i am mad at him,5638,0,0,0,0,0,0,0,0,1,0,0,0
i feel so much more comfortable with myself now that im not trying to dress a certain way that isnt really me,5729,0,0,0,0,0,0,0,0,1,0,0,0
i feel pleased but at the same time i really don t understand why do we feel this patriotism only twice every year,5766,0,0,0,0,0,0,0,0,1,0,0,0
i feel pretty pleased about all day i was worried that perhaps i should have guessed riva but i thought that this was harvey weinstein s one big chance for a win and he s really good at helping people get oscars,5789,0,0,0,0,0,0,0,0,1,0,0,0
i begin to feel uncomfortable internally feeling nauseous light headed and experienced shortness of breath,5823,0,0,0,0,0,0,0,0,1,0,0,0
im feeling very uncomfortable which isnt helping im sure,5908,0,0,0,0,0,0,0,0,1,0,0,0
i will reveal only as much of my reading here as i feel comfortable with,5992,0,0,0,0,0,0,0,0,1,0,0,0
i didn t feel threatened at all in fact the place seemed almost welcoming comforting even,6012,0,0,0,0,0,0,0,0,1,0,0,0
im only barely starting to feel uncomfortable,6030,0,0,0,0,0,0,0,0,1,0,0,0
i can feel comfortable shooting in daisy dukes and a bikini top,6031,0,0,0,0,0,0,0,0,1,0,0,0
i cant stop talking even though im already feel weird uncomfortable feeling swarming me but still my mouth keeps saying unnecessary word,6039,0,0,0,0,0,0,0,0,1,0,0,0
i would have just told him how i was feeling maybe the issue could have been resolved and i wouldn t have been so physically uncomfortable,6057,0,0,0,0,0,0,0,0,1,0,0,0
i know the signs elevated resting heart rate mood swings pain in the muscles and joints especially in the upper thigh muscles sudden loss of strength no desire for weights lifting decreased sleep times lose of muscle mass feeling irritable,6112,0,0,0,0,0,0,0,0,1,0,0,0
i wish that more women could feel comfortable to talk about what their day was really like and not just highlight the perfect parts,6114,0,0,0,0,0,0,0,0,1,0,0,0
i take comfort being paralyzed now for years and living in this weird state of abnormal separation from all things normal in knowing that i am always connected to god that these feelings of loneliness will pass and in once sense that aloneness loneliness can be good for us,6177,0,0,0,0,0,0,0,0,1,0,0,0
i have created and shared on this blog feel free to share it with others but please give credit and a link back to me and do not take credit for something that is not your creation,6205,0,0,0,0,0,0,0,0,1,0,0,0
i feel a little disturbed seeing distressed members of society being pimped out in such a blatant no holds barred media way as to create a special pipeline and a need for more ajc print products and to increase ipad app downloads,6209,0,0,0,0,0,0,0,0,1,0,0,0
im feeling socially awkward and counter cultural and freakish and am trying not to eat piles and buckets of food that will do me no good whatsoever please help me stay connected to the only one that can get me through my little crisis,6337,0,0,0,0,0,0,0,0,1,0,0,0
i started feeling numb relief,6350,0,0,0,0,0,0,0,0,1,0,0,0
i think that sums up my experience fairly well if anyone has any questions please feel free to ask,6430,0,0,0,0,0,0,0,0,1,0,0,0
i figure that if i do enough radio appearances it increases the chance that i ll get good at it someday but in anticipation it feels as though i m doomed to the eternal repetition of the futile,6463,0,0,0,0,0,0,0,0,1,0,0,0
i on the beach after lunch theres nothing worse than feeling hot and bloated so try and stop eating when youre comfortable even if it is the most delicious meal on earth,6553,0,0,0,0,0,0,0,0,1,0,0,0
i have already built up a huge rapport with so many of my different clients that i visit i now feel as though i am part of their lives helping them supporting them and providing the with a comfortable and relaxed service,6646,0,0,0,0,0,0,0,0,1,0,0,0
i am feeling pretty pleased with myself over the marmalade,6659,0,0,0,0,0,0,0,0,1,0,0,0
i had my fair share of them and was ready to feel comfortable and relaxed,6671,0,0,0,0,0,0,0,0,1,0,0,0
i didnt feel pain and it felt pretty comfortable,6718,0,0,0,0,0,0,0,0,1,0,0,0
i still haven t locked anything down and i ve been hunting for a job for about a month but i m just feeling so pleased at how the process is moving along so far,6728,0,0,0,0,0,0,0,0,1,0,0,0
i feel comfortable in front of the house but i would not have been able to do it without my years in the kitchen,6852,0,0,0,0,0,0,0,0,1,0,0,0
i am lbs from being at a comfortable weight to get pregnant and i am feeling more determined than ever,6955,0,0,0,0,0,0,0,0,1,0,0,0
im going to finish my marking knit another pair of socks for under the tree feel pleased about the gifts ive sewn the last buttons on this little dress for harriet is a smaller copy of the one nolas wearing a href http materfamiliasknits,6963,0,0,0,0,0,0,0,0,1,0,0,0
i should not have to feel this way in a nerd convention i am a nerd and i should feel accepted and comfortable in that setting,7026,0,0,0,0,0,0,0,0,1,0,0,0
i feel bad that my very first signing on saturday i forgot to offer the young lad and his mother a sketch i signed copies of ad for you and showed you a preview of aquila so if that was you please drop me a comment or email and ill mail you a sketch,7123,0,0,0,0,0,0,0,0,1,0,0,0
i felt like no one could ever understand what was happening or that they would tell me to grow up or feel completely uncomfortable was about one hundred percent of my mind set,7154,0,0,0,0,0,0,0,0,1,0,0,0
i feel much less randomly hostile and my ups and downs have decreased significantly,7252,0,0,0,0,0,0,0,0,1,0,0,0
i have dreaded my entire life although these past couple weeks i ve done a pretty good job of not thinking about it at all so i m feeling a strange sense of relief amidst the pain and numbness as i realize this ordeal is very soon going to be in my past,7269,0,0,0,0,0,0,0,0,1,0,0,0
i just feel that she crosses the line a lot and does a lot of things that i m really uncomfortable with,7286,0,0,0,0,0,0,0,0,1,0,0,0
i thought wed have to wait a little longer for some kind of trailer but it seems that last night the bbc were feeling generous and gave us a tiny teaser for series of doctor who,7288,0,0,0,0,0,0,0,0,1,0,0,0
i saw these at marks and spencer i knew they were too good to miss and was very pleased that dh was feeling generous yet again and treated me to them,7422,0,0,0,0,0,0,0,0,1,0,0,0
i am loving this existential quantification i feel like now i will use it incorrectly to solve every problem for sure mekeor xmonad is awesome ignore the ambiguity please top reddit stories a href http www,7505,0,0,0,0,0,0,0,0,1,0,0,0
i can continue feeling uncomfortable and not lash out at someone or something that i think is causing me discomfort i m able to see where the discomfort started,7567,0,0,0,0,0,0,0,0,1,0,0,0
i would turn to look at him only to feel my eye stick and require a vigorous rubbing to ease it and it wasnt until i woke up thismorning that i realised my eyes were once again being plagued by an infection of some sort,7569,0,0,0,0,0,0,0,0,1,0,0,0
ive started to feel that uncomfortableness of i cant sit cant stand cant lay without something aching pulling or stretching,7592,0,0,0,0,0,0,0,0,1,0,0,0
i feel pretty pleased about all day i was worried that perhaps i should have guessed riva but i thought that this was harvey weinstein s one big chance for a win and he s really good at helping people get oscars,7611,0,0,0,0,0,0,0,0,1,0,0,0
i am weeks pregnant and feeling comfortable with his arrival at any time here is the post,7647,0,0,0,0,0,0,0,0,1,0,0,0
i know it s bad form but i bit a small piece out of this one since i was feeling timid and wasn t pleased with the fact that one strand of it was tough i didn t think it should be difficult to bite,7685,0,0,0,0,0,0,0,0,1,0,0,0
i was interviewed by a journalist from the herald earlier in the week about the festival and i feel really pleased with what the team has achieved for this year s festival,7736,0,0,0,0,0,0,0,0,1,0,0,0
i am not one to feel comfortable in an unorganized environment,7768,0,0,0,0,0,0,0,0,1,0,0,0
i am feeling the festive weight at the mo so all black is defo a comfort blanket,7798,0,0,0,0,0,0,0,0,1,0,0,0
ive got that feeling once again i cant explain you would not understand this is not how i am i have become comfortably numb,7854,0,0,0,0,0,0,0,0,1,0,0,0
i feel like the majority of people wouldnt care at all but im actually quite pleased when someone new follows me on twitter,7893,0,0,0,0,0,0,0,0,1,0,0,0
i go im too large to be comfortable and always feel out of place and emotional issues because food is how i connect with people but its also how i hide myself,8004,0,0,0,0,0,0,0,0,1,0,0,0
i feel uncomfortable sometimes heartache sometimes because of u make me feel like i cannot believe in u,8009,0,0,0,0,0,0,0,0,1,0,0,0
i am so very pleased that you feel more hopeful with the help of aaron he is pleased he can help you and feels he can now support others with all his experience and understandings he gained through his previous life and the healing and studies he has done on these inner levels,8013,0,0,0,0,0,0,0,0,1,0,0,0
i have the sort of friend that i can actually talk about my feelings with not usually as popular and in my case not as comfortable among the guys so i feel that maybe i dont have a need to vent on the internet as much,8014,0,0,0,0,0,0,0,0,1,0,0,0
i feel a mixture of sweet comfort and slight burden,8059,0,0,0,0,0,0,0,0,1,0,0,0
i can wear it when im driving and feel comfortable,8085,0,0,0,0,0,0,0,0,1,0,0,0
i know how you feel and i actually in a perverse kind of way take some comfort in the fact that even you feel that way currently,8111,0,0,0,0,0,0,0,0,1,0,0,0
i feel comfortable picking up trevor,8265,0,0,0,0,0,0,0,0,1,0,0,0
i finished work at am on saturday got home and teased the other half how i was right she was wrong and i fancied roast beef with roast potatoes and the full trimmings i was feeling quite smug with myself,8290,0,0,0,0,0,0,0,0,1,0,0,0
i did not feel bothered at all beyond a faint relief that we don t practice that a href http www,8334,0,0,0,0,0,0,0,0,1,0,0,0
i feel a bit uncomfortable sharing about our needs but i am humbled by peoples responses to want to help even when we were focused so much on our children that we didnt even think about the future,8460,0,0,0,0,0,0,0,0,1,0,0,0
i have looked for a local church that feels comfortable to me,8474,0,0,0,0,0,0,0,0,1,0,0,0
i feel uncomfortable with the thought that christ might here be employing the methodology of the beast in order to bring about his kingdom come,8596,0,0,0,0,0,0,0,0,1,0,0,0
ill feel incredibly virtuous just by going for a walk either later on tonight or tomorrow my pyjama bottoms are comfortable,8650,0,0,0,0,0,0,0,0,1,0,0,0
i must inform that he is kind of a player so please don t feel offended,8662,0,0,0,0,0,0,0,0,1,0,0,0
i feel troubled for leaving him but i feel comfortable with his dad and their family,8696,0,0,0,0,0,0,0,0,1,0,0,0
i read an interesting article today about accepting that we occasionally feel jealous or insecure or embarrassed or any other myriad of feelings that we find uncomfortable,8780,0,0,0,0,0,0,0,0,1,0,0,0
i feel like i had a pretty productive week so please continue to pray for that aspect,8841,0,0,0,0,0,0,0,0,1,0,0,0
i could feel my energy decrease i was less positive and my food habits changed,8900,0,0,0,0,0,0,0,0,1,0,0,0
i can think about is how stupid i feel and how perfect my life was a few months ago and how uncomfortable i feel in public,8925,0,0,0,0,0,0,0,0,1,0,0,0
i was there which made me feel vulnerable and shy which perhaps made them think that i was aloof which made them uncomfortable that i was there a vicious circle that pushed us further and further apart,8928,0,0,0,0,0,0,0,0,1,0,0,0
i can come and go as i please b ut i still don t have a month pass i still don t feel comfortable coming home late at night and asking for things,8938,0,0,0,0,0,0,0,0,1,0,0,0
i am alone with my thoughts i sometimes feel a little jealous imagining that someone else could please you more than me,9051,0,0,0,0,0,0,0,0,1,0,0,0
i believe i have to make my customers feel comfortable when they are with me so i have to let them in by setting the right atmosphere,9134,0,0,0,0,0,0,0,0,1,0,0,0
i have always known this is not the healthiest habit what with the increased likelihood of cavities links to obesity and cancer but i did feel as though it was an acceptable vice,9140,0,0,0,0,0,0,0,0,1,0,0,0
im pleased to report that i feel like im seeing a ton more supportive publications encouraging us to realize that we are real and do not have to try to be supermom or superdad all the time,9151,0,0,0,0,0,0,0,0,1,0,0,0
i have a feeling of discomfort with a strong focus of my work,9160,0,0,0,0,0,0,0,0,1,0,0,0
i feel very supportive and sexy in them and very very comfortable,9165,0,0,0,0,0,0,0,0,1,0,0,0
i realize that our hearts are deceitful but the holy spirits conviction is not and god uses feelings of discomfort to drive us away from dangerous things,9229,0,0,0,0,0,0,0,0,1,0,0,0
i am not following you back then please feel free to leave your blog link in the comments section amp i will follow back,9247,0,0,0,0,0,0,0,0,1,0,0,0
i was invited to dinner with my bossman on friday which is most definitely a comforting incredibly invigorating feeling having been through some pretty tortured experiences in past years,9270,0,0,0,0,0,0,0,0,1,0,0,0
i can also report that im feeling really pleased with how its going,9273,0,0,0,0,0,0,0,0,1,0,0,0
i feel comfortable enough around someone i slowly drop the act,9276,0,0,0,0,0,0,0,0,1,0,0,0
im feeling comfortable like sweats and no make up comfortable i find out he likes me,9319,0,0,0,0,0,0,0,0,1,0,0,0
im interested in and can sometime make me feel uncomfortable,9369,0,0,0,0,0,0,0,0,1,0,0,0
ive seen friends and family members go through the pain of losing a child and i always feel helpless wondering what i could possibly do to ease their sorrow,9381,0,0,0,0,0,0,0,0,1,0,0,0
i have to recognize that endless google searches to find comfort or security from others experiences most often end up making me feel completely out of control terrified frozen,9456,0,0,0,0,0,0,0,0,1,0,0,0
i am trying to say is i am feeling a bit cranky please just give me my pizza,9457,0,0,0,0,0,0,0,0,1,0,0,0
im feeling more comfortable in the water,9522,0,0,0,0,0,0,0,0,1,0,0,0
i have a feeling don would be very pleased by that,9622,0,0,0,0,0,0,0,0,1,0,0,0
i feel irritated or what i told myself this line good vibes lang and then i become at ease and continued smiling,9656,0,0,0,0,0,0,0,0,1,0,0,0
i know you cannot please everyone some may not feel supper special whenever they are with you,9791,0,0,0,0,0,0,0,0,1,0,0,0
i feel relatively pleased with whats in there,9813,0,0,0,0,0,0,0,0,1,0,0,0
i feel amazed that you dont see that but instead you howl in your press release like rampage jackson over one of his octagon conquests,9844,0,0,0,0,0,0,0,0,1,0,0,0
i was thinking whenever i feel troubled or feel like i have a big problem horses always comfort me,9906,0,0,0,0,0,0,0,0,1,0,0,0
i am not that fond of mending so feel quite pleased i got it done,9928,0,0,0,0,0,0,0,0,1,0,0,0
i left the party at around because i was extremely uncomfortable ted and i picked up our daughter at daycare ate dinner and did the whole bed time routine with her the whole time i was feeling contractions they were every ten minutes but they were not strong,9939,0,0,0,0,0,0,0,0,1,0,0,0
i left feeling at ease and trusting him whole heartedly as usual with our next steps,9956,0,0,0,0,0,0,0,0,1,0,0,0
i so much as think a negative thought about a person or make someone feel slightly disheartened or uncomfortable,9969,0,0,0,0,0,0,0,0,1,0,0,0
ive been in a dreamlike trance since the day we left for camp and it feels awfully uncomfortable,9993,0,0,0,0,0,0,0,0,1,0,0,0
ill feel uptight and uncomfortable there,10096,0,0,0,0,0,0,0,0,1,0,0,0
i also feel that my writing has become a lot more intelligent in the sense that i am starting to feel more comfortable using imagery metaphors and stylistic devices in my writing,10143,0,0,0,0,0,0,0,0,1,0,0,0
i feel a bit uncomfortable with the m amp g ysa great project but this is my reason for needing to be in it,10221,0,0,0,0,0,0,0,0,1,0,0,0
i still think clambering about on rocks is mad and dangerous there really is something wonderful about reaching the top of something and looking down feeling a sense of proportion and calm and relief that the way back is all downhill,10246,0,0,0,0,0,0,0,0,1,0,0,0
i think that for as much as i could feel myself trying to hide it my face must have betrayed the fact that i was none too pleased about being woken at such ungodly hour in the afternoon,10279,0,0,0,0,0,0,0,0,1,0,0,0
i wear comfortable and smart clothes that make me feel terrific every single day and i just do not save up the clothes for special occasions,10316,0,0,0,0,0,0,0,0,1,0,0,0
i need to be able to work tomorrow because otherwise a uncomfortableness i feel like im skiving now put it that way and b so doomed because we have some major deadlines to meet in the next fortnight or so,10321,0,0,0,0,0,0,0,0,1,0,0,0
i hope these tips help and if you have other ideas please feel free to leave a comment below,10353,0,0,0,0,0,0,0,0,1,0,0,0
i feel comfortable with my finish and hope to stay within this group of elite anglers,10374,0,0,0,0,0,0,0,0,1,0,0,0
i feel easily uncomfortable in covered shoes,10419,0,0,0,0,0,0,0,0,1,0,0,0
i never put up posts that they might feel uncomfortable with but theyre the facebook generation so that gives me quite a bit of leeway,10486,0,0,0,0,0,0,0,0,1,0,0,0
i ended up getting nice deals on everything i bought both were patient with me while i diddled around with their wares and neither of them made me feel uncomfortable for not taking some of their offers,10492,0,0,0,0,0,0,0,0,1,0,0,0
i feel a little timid training has really pushed me to get out of my comfort zone,10493,0,0,0,0,0,0,0,0,1,0,0,0
i may not want my own kids but when i feel like a kids distraught like that my natural reaction is to go and comfort it,10558,0,0,0,0,0,0,0,0,1,0,0,0
i can communicate with others who know my pain its almost impossible not to feel envious of how wonderfully well some sufferers cope with this autoimmune disease,10641,0,0,0,0,0,0,0,0,1,0,0,0
im not angry at all im just feeling very uncomfortable,10693,0,0,0,0,0,0,0,0,1,0,0,0
i am feeling very pleased with myself as everything was from my stash,10747,0,0,0,0,0,0,0,0,1,0,0,0
i write here or in other public spaces can be seen as an attack and has made other people feel uncomfortable or could be interpreted as the intent to start a fight,10797,0,0,0,0,0,0,0,0,1,0,0,0
i feel so blessed to know that i have such an immense family of supporters whom continue to comfort me,10879,0,0,0,0,0,0,0,0,1,0,0,0
i am feeling burdened or run down i turn to these things to bring me a sense of comfort and security,10940,0,0,0,0,0,0,0,0,1,0,0,0
i am listening to my patient who has just received a horrible diagnosis or news of a cure and my empathy makes a difference or im re positioning my hospice patient and am able to make them comfortable that feels like a perfect fit,11026,0,0,0,0,0,0,0,0,1,0,0,0
i am feeling pretty pleased with the amount of work trackchanges has allowed me to document,11054,0,0,0,0,0,0,0,0,1,0,0,0
i say here might be very subjective so please do not feel too insulted if my points of view differ from yours,11062,0,0,0,0,0,0,0,0,1,0,0,0
i went to bed feeling miserable and tried to get comfortable,11313,0,0,0,0,0,0,0,0,1,0,0,0
im beginning to feel deprived now the season is coming to a close and theyre expecting us to cease but i tell you im not going till i get my ruddy fleece volunteers have been working on the shamrock since,11335,0,0,0,0,0,0,0,0,1,0,0,0
i recall going to comfort her feeling afraid for her my father was never shy to hit me and i accepted that with what logic i was taught boys got hit but you should never hit or kick girls even if they did it first or youre playing a hitting game,11426,0,0,0,0,0,0,0,0,1,0,0,0
i highly recommend this photographer because she has high energy but not over the top where you feel uncomfortable,11465,0,0,0,0,0,0,0,0,1,0,0,0
i still don t feel relief i still don t feel satisfied i want more i crave more but the options i have don t seem promising or worth the shot,11627,0,0,0,0,0,0,0,0,1,0,0,0
i had this feeling wouldnt have pleased dad,11688,0,0,0,0,0,0,0,0,1,0,0,0
i begin to feel more relaxed and comfortable in your presence i find in almost every conversation we have a perception of yours that makes me take notice of these facets as being admirable,11700,0,0,0,0,0,0,0,0,1,0,0,0
i can now feel some relief in my aching muscles,11706,0,0,0,0,0,0,0,0,1,0,0,0
i look at the backs of quilts with utter glee inspecting and feeling pleased with my balanced tension thinking wow im actually a real quilter,11743,0,0,0,0,0,0,0,0,1,0,0,0
i moved out due to marriage i feel unwelcome and uncomfortable im their home,11744,0,0,0,0,0,0,0,0,1,0,0,0
i ended the beta feeling pleased with the game although there were definitely some things that needed tweaking namely bland battlefields and overpriced money items,11758,0,0,0,0,0,0,0,0,1,0,0,0
i just dont like shoes as i feel so uncomfortable,11774,0,0,0,0,0,0,0,0,1,0,0,0
i feel as uncomfortable watching him as i would watching a haemophiliac grate onions,11782,0,0,0,0,0,0,0,0,1,0,0,0
i feel annoyed whenever i see a moroccan stumbles to speak another arabic dialect in an ugly accent while his her interlocutor is speaking at ease and proud to be the dominant,11786,0,0,0,0,0,0,0,0,1,0,0,0
i said to don i had a bad feeling about todays weigh in but i jumped on anyway and was pretty pleased to see,11983,0,0,0,0,0,0,0,0,1,0,0,0
i feel pretty pleased with this run,11985,0,0,0,0,0,0,0,0,1,0,0,0
i feel so uncomfortable now,12019,0,0,0,0,0,0,0,0,1,0,0,0
i feel very pleased secretly whenever someone says nypipa is bonded hahahaha d proud to be from nypipa,12134,0,0,0,0,0,0,0,0,1,0,0,0
i think it was kind of hard for me at first to do some of the hip hop choreography in that but honestly i feel the most comfortable when i m barefoot just because i feel grounded,12210,0,0,0,0,0,0,0,0,1,0,0,0
i feel comfortable and confident on my own but i felt like i was on top of the world when i left longwood,12265,0,0,0,0,0,0,0,0,1,0,0,0
i feel mostly relief at having dropped most of my volunteering obligations even if i didn t use the time or space to get anything useful done,12270,0,0,0,0,0,0,0,0,1,0,0,0
i feel impressed and pleased at all the work yes,12393,0,0,0,0,0,0,0,0,1,0,0,0
im around you you make me nervous and make me feel unimportant and when im unimportant im uncomfortable and when im uncormfortable im quiet and sensitive,12416,0,0,0,0,0,0,0,0,1,0,0,0
i in no way make him feel uncomfortable,12419,0,0,0,0,0,0,0,0,1,0,0,0
i feel completely helpless to ease my sons pain,12420,0,0,0,0,0,0,0,0,1,0,0,0
i said here are just my personal opinion and please ignore anything that you might feel offended most pictures are from a href http toymakerinc,12499,0,0,0,0,0,0,0,0,1,0,0,0
i keep moving on here and there still try to make everybody feels comfortable,12565,0,0,0,0,0,0,0,0,1,0,0,0
ive made so many amazing new friends and i feel more comfortable myself than ever before,12574,0,0,0,0,0,0,0,0,1,0,0,0
i have a feeling hell be pretty pleased,12575,0,0,0,0,0,0,0,0,1,0,0,0
i went for a run and was feeling really pleased i did a shade under three miles in minutes,12863,0,0,0,0,0,0,0,0,1,0,0,0
i feel comfortable being open and honest,12988,0,0,0,0,0,0,0,0,1,0,0,0
i feel a little brave and venture out of my comfort zone and into the kitchen,13009,0,0,0,0,0,0,0,0,1,0,0,0
i am emotionally wrecked in trouble or just simply feeling miserable i just think about this statement and it would never fail to comfort me,13089,0,0,0,0,0,0,0,0,1,0,0,0
i havent gone over in this article please feel free to ask me in the comments section below,13106,0,0,0,0,0,0,0,0,1,0,0,0
i am feeling very pleased with myself as i have managed to secure two of the most precious commodities in the airport a seat all to myself and access to a powerpoint,13118,0,0,0,0,0,0,0,0,1,0,0,0
i always somehow get the feeling somehow that they dont really want to know its not a sincere question merely a formality that eases you into some light conversation,13126,0,0,0,0,0,0,0,0,1,0,0,0
i feel uncomfortable when,13160,0,0,0,0,0,0,0,0,1,0,0,0
i feel i m comfortable enough now to give advice to them on things like video analysis and to voice my opinion,13162,0,0,0,0,0,0,0,0,1,0,0,0
i thought that by starting a livejournal it might serve as a way to get some unwanted feelings out and a way for me to release some idiotic thoughts,13164,0,0,0,0,0,0,0,0,1,0,0,0
i been so far out of my comfort zone and the feeling was amazing,13171,0,0,0,0,0,0,0,0,1,0,0,0
im feeling rather quite pleased with my new living room,13207,0,0,0,0,0,0,0,0,1,0,0,0
ive thought about it from time to time always after ive eaten too much and feel horrible physically and emotionally the guilt that follows after over indulging is just as uncomfortable as the waist in my jeans after a thanksgiving feast,13250,0,0,0,0,0,0,0,0,1,0,0,0
i am not sure what is going on but i am feeling rather dissatisfied with things and feel like i need to release some pressure,13270,0,0,0,0,0,0,0,0,1,0,0,0
i feel a little more at ease with the special forces mindset,13427,0,0,0,0,0,0,0,0,1,0,0,0
i left feeling quite shaky possibly due to relief mostly due to fear,13468,0,0,0,0,0,0,0,0,1,0,0,0
i feel pleased and disappointed as well,13474,0,0,0,0,0,0,0,0,1,0,0,0
i immediately started feeling some stomach unease but that s ok it was somewhat minimal,13484,0,0,0,0,0,0,0,0,1,0,0,0
i had to bend down feeling uncomfortable and awkward,13496,0,0,0,0,0,0,0,0,1,0,0,0
i feel a tinge on the top of my shoulder or some aching in the joint but for the most part i have no discomfort in the shoulder as i did before,13508,0,0,0,0,0,0,0,0,1,0,0,0
i sit apparently sometimes i don t pass well because i don t sit with my legs wide open well i m sorry that i don t feel comfortable with spreading my legs metres apart just so you think i m a boy some men don t do that,13562,0,0,0,0,0,0,0,0,1,0,0,0
i began to hear see feel and know the divine helpers will who assisted my every step with ever expansive ease,13565,0,0,0,0,0,0,0,0,1,0,0,0
i feel the reason why some people feel self pity is because it sort of puts them in a comfort spot that they wont need to do anything about it since the world has wronged them in some way,13764,0,0,0,0,0,0,0,0,1,0,0,0
i feel amazing and comfortable again every single day,13783,0,0,0,0,0,0,0,0,1,0,0,0
i feel like as a generation of men as a family guy in my s in the suburbs of the midwest i feel like were a little bit lost says heimbuch who documented a search for his midwestern hunting roots in his soon to be released book and now we shall do manly things,13821,0,0,0,0,0,0,0,0,1,0,0,0
i did something that hurt someone and they forgave me and when they did a feeling of sweet relief came to me,13862,0,0,0,0,0,0,0,0,1,0,0,0
i feel comfortable saying this if the guest artist i m talking about was actually in the room,13863,0,0,0,0,0,0,0,0,1,0,0,0
i don t have abdominal pain or the discomfort i used to have at the beginning of the diet nausea and all those things sensitivity to odors and i don t feel strange i feel just normal,13870,0,0,0,0,0,0,0,0,1,0,0,0
i have a moment where i am feeling rejected i stop myself and breathe and i look at the situation why i am feeling this way and then release with all my being myself from the situation,13879,0,0,0,0,0,0,0,0,1,0,0,0
i forgive myself for accepting and allowing myself to think that i am so different from most people and that when i say something they get a weird look on their face like i have just spoken martian and then i feel uncomfortable that i said it or wish i hadn t said it,13964,0,0,0,0,0,0,0,0,1,0,0,0
i just feel uncomfortable with all this now a day,14081,0,0,0,0,0,0,0,0,1,0,0,0
i felt a sense of relief that i could feel again even though it was unpleasant,14102,0,0,0,0,0,0,0,0,1,0,0,0
i ask the lord to release me from feelings of hurt from this gal,14103,0,0,0,0,0,0,0,0,1,0,0,0
im out and about and ive learned that teachers feel more comfortable approaching a person they have contact with,14109,0,0,0,0,0,0,0,0,1,0,0,0
i try to feel pleased for her but i always end up physically sick with jealousy at her brilliant academia as well as her good looks fearing that other people will agree that she is better than me,14112,0,0,0,0,0,0,0,0,1,0,0,0
i was finally able to feel comfortable in a bathing suit until a rowdy bunch of drunken indian college boys rolled their boat up to shore,14141,0,0,0,0,0,0,0,0,1,0,0,0
i noticed was feeling a bit dazed or confused enough so that i didnt feel comfortable enough to drive,14151,0,0,0,0,0,0,0,0,1,0,0,0
i couldnt wait to wake up and feel miserable that i wont be able to get any of them pieces but for some reason now its daytime i feel a strange sense of comfort that somehow this year a href http www,14217,0,0,0,0,0,0,0,0,1,0,0,0
i personally feel that s overustepping a little but i m not rude unless i receive a sales pitch when i ve indicated im not interested mainly because i know a lot of those knocking aren t always that comfortable with this obligation themselves,14326,0,0,0,0,0,0,0,0,1,0,0,0
i heard the sound of violin rising i was starting to feel more calm and quiet it was finally getting eased,14376,0,0,0,0,0,0,0,0,1,0,0,0
i think most of us would feel uncomfortable about wars to deny countries their independence wherever they might be,14514,0,0,0,0,0,0,0,0,1,0,0,0
im feeling a little more lost and nervous and since i suck at actually conversation maybe blogging will ease my anxieties a little,14522,0,0,0,0,0,0,0,0,1,0,0,0
i was feeling playful and thought i d tease him this evening,14599,0,0,0,0,0,0,0,0,1,0,0,0
i hope it is useful to someone and please feel free to comment,14667,0,0,0,0,0,0,0,0,1,0,0,0
i feel most comfortable talking to,14784,0,0,0,0,0,0,0,0,1,0,0,0
i want to write more so in the midst of my cleaning frenzy over the weekend i decided to carve out a space that would be conducive to writing somewhere that i would feel creative and comfortable and inspired,14814,0,0,0,0,0,0,0,0,1,0,0,0
i feel rather helpless having to watch the people around me express their frustration and defeat and yet here i am unsure of how to phrase my comfort unsure of how to lift a finger unsure of how to help lighten a load,14817,0,0,0,0,0,0,0,0,1,0,0,0
i do have lyme disease i feel hopeful that with a year or two of treatment my health could improve dramatically,14824,0,0,0,0,0,0,0,0,1,0,0,0
i feel i have come out of the project with a result i am quite pleased with but as i have stated i would happily do it all again to improve,14844,0,0,0,0,0,0,0,0,1,0,0,0
i still feel uncomfortable with having a line of credit at casinos,14859,0,0,0,0,0,0,0,0,1,0,0,0
i am feeling very pleased with my ability to convince these guys to set aside the controllers for a night,14989,0,0,0,0,0,0,0,0,1,0,0,0
i was feeling very pleased with myself applauding my ability to look at the matter objectively when suddenly a terrible thought struck me,15007,0,0,0,0,0,0,0,0,1,0,0,0
i couldnt really understand joans motivation in being with someone when that particular person makes her feel uncomfortable,15036,0,0,0,0,0,0,0,0,1,0,0,0
i admit part of it has been feeling uncomfortable about my body,15064,0,0,0,0,0,0,0,0,1,0,0,0
im just really feeling all shitty right now so i need to blog and release all this tension,15176,0,0,0,0,0,0,0,0,1,0,0,0
i was remember feeling quite pleased,15277,0,0,0,0,0,0,0,0,1,0,0,0
i feel really uncomfortable pretending,15386,0,0,0,0,0,0,0,0,1,0,0,0
i take home a kid who just doesnt know what to do with their feelings dysregulated uncomfortable and often angry,15393,0,0,0,0,0,0,0,0,1,0,0,0
i feel like as a band we re just becoming more and more comfortable with each record,15421,0,0,0,0,0,0,0,0,1,0,0,0
i remember feeling uncomfortable at the time because i didn t have any prepared answers for people enquiring about where jbb got his looks from,15431,0,0,0,0,0,0,0,0,1,0,0,0
i just really appreciate how comfortable theyve made me feel all the others ive talked to so far have also been supportive,15549,0,0,0,0,0,0,0,0,1,0,0,0
i just feel so frustrated that i dont even know where to begin to try and make it ease,15550,0,0,0,0,0,0,0,0,1,0,0,0
im huffing and puffing walking up the first time and feeling increasingly wimpy for not riding it as these guys just fly down and up the other side with ease,15591,0,0,0,0,0,0,0,0,1,0,0,0
i feel a lot more comfortable where i am now than where i was before the week started,15644,0,0,0,0,0,0,0,0,1,0,0,0
i tried to answer a lot of questions about how to feel comfort and knowledge about a place is it sincere is it possible,15673,0,0,0,0,0,0,0,0,1,0,0,0
i sauntered through the shopping precinct and the malls in reading a large town some eleven miles from my home town of bracknell and reached by a short train ride i could not help the feeling of casual sense of relaxation and the feeling of ease among the shoppers as they sauntered by,15702,0,0,0,0,0,0,0,0,1,0,0,0
i still feel very pleased when i am thinking about the last years and where i am now,15765,0,0,0,0,0,0,0,0,1,0,0,0
i have a feeling they aren t going to be impressed with my timing but hopefully the gooey butter cake i ll make them will increase the brownie points i lose,15779,0,0,0,0,0,0,0,0,1,0,0,0
i do and feel moderately dissatisfied with it or i can go outside my comfort zone be uncomfortable but slightly adventurous,15812,0,0,0,0,0,0,0,0,1,0,0,0
i am so sorry i said feeling uncomfortable with the admission,15829,0,0,0,0,0,0,0,0,1,0,0,0
im feeling quite pleased with myself and not just because i have quite clearly mastered photoshop check out the below pictures,15930,0,0,0,0,0,0,0,0,1,0,0,0
i find that after singing a couple of good holy sprit word filled worship songs i feel like i have been ushered into the throne room of god where immediately i start feeling peaceful and comforted,15939,0,0,0,0,0,0,0,0,1,0,0,0
i feel comfortable within my skin,16018,0,0,0,0,0,0,0,0,1,0,0,0
i told her that she never has to do anything that makes her feel uncomfortable but that if she felt okay she was welcome to stay in the room when lulu is coming out of my body,16044,0,0,0,0,0,0,0,0,1,0,0,0
i got home i just went in my room because i didnt feel comfortable sitting inmy living room,16078,0,0,0,0,0,0,0,0,1,0,0,0
im a bit sorry that estonias ambitious performance lost out and i will miss a bit of latvian quirk in the final but id be a fool not to feel very pleased after this first semi,16135,0,0,0,0,0,0,0,0,1,0,0,0
i despise people if i were to meet people who were so simple and unassuming who did not make me feel unwelcome judging me living in some abrasive bullying manner maybe i would feel more comfortable,16168,0,0,0,0,0,0,0,0,1,0,0,0
i came back to the bakery feeling troubled i had one thought i could not shake please god dont let this be another september,16176,0,0,0,0,0,0,0,0,1,0,0,0
i have been googling heartbreak and reading some of the stories feeling heartbroken is such a lonely emotion but there is some comfort in a twisted way of reading online that you arent the only one and it isnt gender specific,16182,0,0,0,0,0,0,0,0,1,0,0,0
i space on and at it is not our actions that it s better to become a big emotional impact on our fault but you have been hiding things we feel needy now this close sexual relief guiltless approval takes place you see we can t blame it means you see it s basically due to cheat on their spouses,16366,0,0,0,0,0,0,0,0,1,0,0,0
i feel like it is rude to ask someone what religion they practice since for most people this is a personal matter and some may not be comfortable sharing especially if they re on the fringe,16384,0,0,0,0,0,0,0,0,1,0,0,0
i feel like a swarm of frantic confused butterflies have just been released in my stomach,16446,0,0,0,0,0,0,0,0,1,0,0,0
ive been at a healthy weight for awhile gaining a few pounds from careless eating feels surprisingly awful and uncomfortable,16474,0,0,0,0,0,0,0,0,1,0,0,0
im not comfortable with office building cafeterias pantries i feel pressured to eat fast because there are a lot of people looking for places to eat,16556,0,0,0,0,0,0,0,0,1,0,0,0
i often feel like writing a post here after this kind of meeting but i feel uncomfortable going into the specifics so i wont,16566,0,0,0,0,0,0,0,0,1,0,0,0
i feel kinda remorseful for the deceased,16575,0,0,0,0,0,0,0,0,1,0,0,0
i did it not because i feel like i need to lose weight but rather because my body has been aching for movement for sweat for some sort of release after an exhausting day,16610,0,0,0,0,0,0,0,0,1,0,0,0
i think i give off a closed off vibe people don t even feel comfortable coming up to me she said,16614,0,0,0,0,0,0,0,0,1,0,0,0
i feel like i am finally becoming passionate about life and its because of all the times in the past year where i have stepped outside my comfort zone and tried the unfamiliar the uncomfortable and the terrifying,16758,0,0,0,0,0,0,0,0,1,0,0,0
ive been feeling quite pleased and inspired after reading this book,16810,0,0,0,0,0,0,0,0,1,0,0,0
i am feeling pretty pleased with my melbourne festival selection img src webkit fake url fd d c faeaa image,16823,0,0,0,0,0,0,0,0,1,0,0,0
i have to say that i dont miss facebook at all i feel invigorated and more creative and at ease,16875,0,0,0,0,0,0,0,0,1,0,0,0
i feel inadequate to comfort someone walking through something i so totally cannot relate to,17000,0,0,0,0,0,0,0,0,1,0,0,0
i was feeling her sha i liked her d banj opens up on romance rumours amp more watch the ndanitv teaser genevieve nnaji was a friend i was feeling her sha i liked her d banj opens up on romance rumours more watch the ndanitv teaser a href http www,17077,0,0,0,0,0,0,0,0,1,0,0,0
i disliked the feeling of being the rich white foreigner but i am becoming more comfortable with the fact that we are helping darlene be able to feed her family and she is helping us be able to do other things besides just live,17095,0,0,0,0,0,0,0,0,1,0,0,0
i struggle to lick my lips and at least ease some of the dry cracked feeling but end up just getting an unwelcome taste of the mask tied over my face,17194,0,0,0,0,0,0,0,0,1,0,0,0
i would still be feeling timid and like an outsider but when there is no awkwardness at all and just an immediate relaxed accepting atmosphere turns out i get comfortable quite fast,17208,0,0,0,0,0,0,0,0,1,0,0,0
i didnt get a oh my goodness feeling i am pleased with the results,17355,0,0,0,0,0,0,0,0,1,0,0,0
i am in my acceptable weight range at the low end of it even and yet i feel felt as uncomfortable within myself as i ever did when i was pounds heavier,17375,0,0,0,0,0,0,0,0,1,0,0,0
ive tried to get them to move i feel the next increase in pressure is going to result in an unpleasant sounding breaking noise followed by some colourful language coming from my mouth,17379,0,0,0,0,0,0,0,0,1,0,0,0
i should be seeking to make him feel comfortable,17468,0,0,0,0,0,0,0,0,1,0,0,0
i feel that daddy is appreciative and grateful to us all given the circumstances in taking care to release him into his final resting place,17642,0,0,0,0,0,0,0,0,1,0,0,0
i am feeling delicate today so if you disagree please be nice,17656,0,0,0,0,0,0,0,0,1,0,0,0
i was concentrating on staying warm and feeling comfortable during long long walks and hours of shopping in the first two pics you can see central perk liverpool,17769,0,0,0,0,0,0,0,0,1,0,0,0
i must first feel a strong sense comfort with my potential client right from the beginning of the process,17778,0,0,0,0,0,0,0,0,1,0,0,0
i was in recent months beginning to feel embarrassed because at times it was friends and former colleagues who kept on asking me when is the book being released,17791,0,0,0,0,0,0,0,0,1,0,0,0
i really feel it now and to all the heartbroken people out there please know that you are not alone,17856,0,0,0,0,0,0,0,0,1,0,0,0
i never really feel satisfied because im always tryna appease everybody else first then myself,17860,0,0,0,0,0,0,0,0,1,0,0,0
i feel shy when im with myself and uncomfortable,17868,0,0,0,0,0,0,0,0,1,0,0,0
im feeling quite pleased with my new socks,17956,0,0,0,0,0,0,0,0,1,0,0,0
i sit naked feeling very comfortable in my own skin as i hear the odd call of nature in the distance a bird the insects drumming in their too own little world,17967,0,0,0,0,0,0,0,0,1,0,0,0
i swear i almost feel more thrilled over this release than i did over my very first book,18088,0,0,0,0,0,0,0,0,1,0,0,0
i wanted it to feel relaxed enough to remain comfortable which it totally is plus i get a pretty big belly and need it to last i was weeks in these photos taken a couple weeks ago by my husband,18205,0,0,0,0,0,0,0,0,1,0,0,0
i feel some comfort in the suffering that i am going to go through,18209,0,0,0,0,0,0,0,0,1,0,0,0
i am fragile hard words hurt i feel shaky inside i need comfort more frequently but i wouldn t give it up for a moment,18218,0,0,0,0,0,0,0,0,1,0,0,0
i feel more at ease and find them less idiotic any way a few days ago i did it at least i m no longer a virgin in a society that frowns that at my age,18320,0,0,0,0,0,0,0,0,1,0,0,0
i do know i have been feeling a weird sense of disease,18353,0,0,0,0,0,0,0,0,1,0,0,0
i feel assured that it will be so and am confident that the present generation will in a few years rejoice that they were rescued from the misrule of the usurpers and thank the army that released them from the fellowship of hypocritical leaders,18357,0,0,0,0,0,0,0,0,1,0,0,0
i didn t know what to expect to feel relief that i didn t hurt myself,18448,0,0,0,0,0,0,0,0,1,0,0,0
i could feel the part of me that has been stubborn and proud and upset specifically about interpreting a couple of things that were said done to translate as please go away and stop bothering me im not interested so just stop trying,18474,0,0,0,0,0,0,0,0,1,0,0,0
i begin to feel uncomfortable in almost all social situations and i withdraw into myself,18524,0,0,0,0,0,0,0,0,1,0,0,0
i squint my eyes to try and see where i am but i feel dazed and my body feels heavy as if someone had tripped a switch and gravity was increased by hundred fold,18609,0,0,0,0,0,0,0,0,1,0,0,0
i can move through difficulties that this too shall pass and that it is not only normal to feel uncomfortable at times but it should be expected,18632,0,0,0,0,0,0,0,0,1,0,0,0
i feel highly uncomfortable during interviews and i know that makes others feel uncomfortable,18675,0,0,0,0,0,0,0,0,1,0,0,0
i had a psychiatrists appointment yesterday morning and now im feeling paranoid and nervous and highly uncomfortable and terribly anxious,18715,0,0,0,0,0,0,0,0,1,0,0,0
i appreciate the passion but since the vocal release of alligator indian feels overly emotional it takes away attention from the intriguing subtle genre mash ups occurring in the song construction,18722,0,0,0,0,0,0,0,0,1,0,0,0
i often feel unprotected because my father is gone and even though he was an old man who realistically couldn t protect me from everything it was comforting to feel like he was watching out for me,18820,0,0,0,0,0,0,0,0,1,0,0,0
ive begun to feel the sweetness of being respected for thoughts amp patterns that i havent had to alter to appease anyone,18829,0,0,0,0,0,0,0,0,1,0,0,0
im trying to ease up on feeling frantic about getting it done,18839,0,0,0,0,0,0,0,0,1,0,0,0
i am left feeling pleased that the book has no words for words would just encroach upon flotsams unique style and special adventure ridden story,18841,0,0,0,0,0,0,0,0,1,0,0,0
i feel rather insulted since it is only within this last year that i have begun to really deal with this overwhelming disease i have suffered from my whole life,19009,0,0,0,0,0,0,0,0,1,0,0,0
im feeling pleased with life,19106,0,0,0,0,0,0,0,0,1,0,0,0
i did grow to like her but she did make me feel very uncomfortable at first but after a while i began to empathise with her enough to want to carry on reading and to read the sequel,19200,0,0,0,0,0,0,0,0,1,0,0,0
i do care about others what i hear whats in the news and i wish i could bring some comfort to those around me but then i feel dismayed that few else in this world care the same,19296,0,0,0,0,0,0,0,0,1,0,0,0
i don t want to feel as uncomfortable as i do my self touted open minded and open heartedness is crumbling before me,19377,0,0,0,0,0,0,0,0,1,0,0,0
i went home for a nice long nap i was up for several hours the night before feeling uncomfortable and antsy,19398,0,0,0,0,0,0,0,0,1,0,0,0
i often brush my own feelings aside if they seem messy or uncomfortable choosing the option that makes it possible to laugh and view life through more light hearted glasses,19414,0,0,0,0,0,0,0,0,1,0,0,0
i understand it might not be something people feel comfortable talking about with a complete stranger and ill always respect that but anything anyone can say would be much appreciated,19474,0,0,0,0,0,0,0,0,1,0,0,0
i feel like these t shirts may increase your chance of being mugged but at least youll feel more like one of the carefree spirits in the old ipod itunes a href http www,19484,0,0,0,0,0,0,0,0,1,0,0,0
i am feeling more comfortable than at the beginning of the semester,19487,0,0,0,0,0,0,0,0,1,0,0,0
i suspect that a few feel revulsion it elicits a weird uncomfortable fascination,19492,0,0,0,0,0,0,0,0,1,0,0,0
i came across a quote from george eliot the other day and it resonated with me friendship is the inexpressible comfort of feeling safe with a person having neither to weigh thoughts nor measure words,19522,0,0,0,0,0,0,0,0,1,0,0,0
i am merely uncomfortable and very tired feel amazing by comparison,19535,0,0,0,0,0,0,0,0,1,0,0,0
i feel this aching discomfort in the pit of my stomach,19569,0,0,0,0,0,0,0,0,1,0,0,0
i have been feeling progressively uncomfortable both with the way i feel emotionally and physically in my body,19576,0,0,0,0,0,0,0,0,1,0,0,0
i cant help feeling a strange variety of relief for that,19585,0,0,0,0,0,0,0,0,1,0,0,0
i feel the issue is that the majority dangerous customer support is doled out or at the very least condoned by business house owners and managers who ve ceased caring what their customers think,19628,0,0,0,0,0,0,0,0,1,0,0,0
i know i have done this wrong and can hear the natural dye gods tut tutting me from heaven but i feel just about as pleased as punch with the results,19662,0,0,0,0,0,0,0,0,1,0,0,0
i didnt even feel the incision and then i felt the most amazing feeling that i can only describe as an insane amount of pressure being released,19664,0,0,0,0,0,0,0,0,1,0,0,0
i shook his hand i began to feel a very uncomfortable feeling inside and began to wonder who was all in the building,19781,0,0,0,0,0,0,0,0,1,0,0,0
i am starting to feel uncomfortable,19836,0,0,0,0,0,0,0,0,1,0,0,0
i feel comfortable enough within myself to wear short shorts or go to the beach in a bikini doesnt mean im going out of my way to show off to other girls and it doesnt mean im being slutty either,19855,0,0,0,0,0,0,0,0,1,0,0,0
i reshaped the side seam around the waist because the original pattern seems to go in pretty violently at that point and i knew the final garment would cut in and feel uncomfortable if i left it like the original pattern,19957,0,0,0,0,0,0,0,0,1,0,0,0
i read tombstone after tombstone and i feel pleasant in knowing that someday my clock will cease to turn its tiny little cogs,20001,0,0,0,0,0,0,0,0,1,0,0,0
i just dont like you anymore so please dont treat me as if im still your girlfriend because i really feel irritated,20007,0,0,0,0,0,0,0,0,1,0,0,0
i didnt feel like my back was aching but my joints just felt uncomfortable and my organs and what not heh,20136,0,0,0,0,0,0,0,0,1,0,0,0
i raced in teolo then peyragudes in france and went to decente in switzerland but didn t race because the road wasn t protected enough and i didn t feel comfortable,20167,0,0,0,0,0,0,0,0,1,0,0,0
i feel the most uncomfortable,20176,0,0,0,0,0,0,0,0,1,0,0,0
i was uncomfortable while reading this book and i think that was a necessary feeling to truly grasp the emotional nature of m,20201,0,0,0,0,0,0,0,0,1,0,0,0
i am also comforted that it is more energy efficient than the old one so i can feel virtuous about contributing less to global warming,20281,0,0,0,0,0,0,0,0,1,0,0,0
i dont have many friends in japan but they are all the kind of people i am feeling comfortable around,20405,0,0,0,0,0,0,0,0,1,0,0,0
i have been away from a movie theater for two weeks and was beginning to feel very uncomfortable,20425,0,0,0,0,0,0,0,0,1,0,0,0
i felt comfortable taking the risk and telling her whereas in a less urgent situation id feel more obnoxious im gay accept me,20448,0,0,0,0,0,0,0,0,1,0,0,0
i guess im trying to bring comfort to someone out there that is feeling like they are all alone with their struggle,20460,0,0,0,0,0,0,0,0,1,0,0,0
i feel very welcomed and comfortable around them which is so nice,20510,0,0,0,0,0,0,0,0,1,0,0,0
i feel absolutely comfortable and free with him,20560,0,0,0,0,0,0,0,0,1,0,0,0
i feel depress and uncomfortable,20619,0,0,0,0,0,0,0,0,1,0,0,0
i need to put my summer clothes away and get out my winter clothes but that is hard to do when it is degrees on halloween and i feel uncomfortable wearing my colorful tights to work,20644,0,0,0,0,0,0,0,0,1,0,0,0
i guess you could say that might make a woman feel uncomfortable and not come back,20709,0,0,0,0,0,0,0,0,1,0,0,0
i teased her about something and shed say she meant it as a joke but it still hurt my feelings after all if something i said bothered her then the negativity she expressed was real wasnt it,20745,0,0,0,0,0,0,0,0,1,0,0,0
i feel comfortable enough with what i understand of the disease after much reading to be able to minimise those risks,20786,0,0,0,0,0,0,0,0,1,0,0,0
i connecting fed or sheltered or laughing comforted far away from worries i was feeling valued,20791,0,0,0,0,0,0,0,0,1,0,0,0
i feel more at ease now and a little less anxious knowing that we will have that support when the time comes,20809,0,0,0,0,0,0,0,0,1,0,0,0
i guess it just feels weird and uncomfortable sharing personal details about my life to people who i think will leave me in the end,20822,0,0,0,0,0,0,0,0,1,0,0,0
im feeling generous today so i will be sharing the never before scene footages of the horror room teaser shoot,20842,0,0,0,0,0,0,0,0,1,0,0,0
im feeling generous i think every few weeks ill post a little teaser until a href http www,20986,0,0,0,0,0,0,0,0,1,0,0,0
i can tell he is uncomfortable i even feel a little bad for him but i have spent years socializing with his friends this is important to me,21002,0,0,0,0,0,0,0,0,1,0,0,0
im your grinning fool im your rosy betty im feeling a little petty but i cant let go of desire and respect of determination and propogation a single scream silenced midair and left hanging slightly out of my comfort zone,21064,0,0,0,0,0,0,0,0,1,0,0,0
i found out that there are many designers out there who feel as i do and arent afraid to market their designs in a way that feels much more comfortable for me personally,21065,0,0,0,0,0,0,0,0,1,0,0,0
i feel supplex is just too hot as tank material to sweat in no matter how comfortable it is,21088,0,0,0,0,0,0,0,0,1,0,0,0
i soon ventured to let him examine me furthur and in every case he would describe my feelings but would vary the amount of disease and his explanation and remedies always convinced me that i had no such disease and that my troubles were of my own make,21098,0,0,0,0,0,0,0,0,1,0,0,0
i feel really pleased with how everything has turned out and am looking forward to getting them on the table with the rest for bcb,21107,0,0,0,0,0,0,0,0,1,0,0,0
i remember feeling so calmed and at ease because even though we had just a few minutes of good light i felt your confidence and determination to get the best possible shots and that made all the difference in the world to me,21201,0,0,0,0,0,0,0,0,1,0,0,0
i feel most comfortable having a home birth then go for it,21260,0,0,0,0,0,0,0,0,1,0,0,0
i am completely comfortable with myself and i definitely feel like i am being extremely vain,21499,0,0,0,0,0,0,0,0,1,0,0,0
i think its important to make any child who enters your classroom to feel welcomed comfortable and safe,21535,0,0,0,0,0,0,0,0,1,0,0,0
i feel uncomfortable about it because of job security and just because i dont like to start a conflict,21572,0,0,0,0,0,0,0,0,1,0,0,0
i julie makes everyone feel valued comfortable free to speak their minds and part of the group,21597,0,0,0,0,0,0,0,0,1,0,0,0
i feel uncomfortable with skype and phone calls for some reason it makes me feel anxious to have someone looking at me or its pressure or something,21736,0,0,0,0,0,0,0,0,1,0,0,0
im not going to change either but he is the only person who could get me to step out of my comfort zone like that and end up at the cyc in the midst of a hardcore show complete with tribal tantrums my term and end up feeling less intimidated than before i had ever experienced anything like it,21811,0,0,0,0,0,0,0,0,1,0,0,0
i know it is only monday but ive achieved almost as much today as i have done over the last two weeks and im feeling pleased,21895,0,0,0,0,0,0,0,0,1,0,0,0
i said to myself feeling rather pleased,21904,0,0,0,0,0,0,0,0,1,0,0,0
i feel very pleased that id seen it online beforehand and knew i wanted to try it,22008,0,0,0,0,0,0,0,0,1,0,0,0
i feel i address the resistance many neurologists have for ccsvi and why it makes no sense to be skeptical of ccsvi when it is showing much greater efficacy than so called disease modifying drugs which dr,22030,0,0,0,0,0,0,0,0,1,0,0,0
ive thought about it but the idea of writing some scenes make me uncomfortable and if i feel uncomfortable about them then i can only imagine many of my readers would too,22059,0,0,0,0,0,0,0,0,1,0,0,0
im sorry if this post make you feel uncomfortable,22086,0,0,0,0,0,0,0,0,1,0,0,0
i first move in i can feel quite pleased but over time little problems and flaws emerge,22092,0,0,0,0,0,0,0,0,1,0,0,0
i have to confess that i am feeling jolly pleased with myself but that wasnt the end as i managed to snaffle a couple of bonus prizes as well,22111,0,0,0,0,0,0,0,0,1,0,0,0
i take my easel out in the summer air and paint what i feel last night my deeper self was agitated,22192,0,0,0,0,0,0,0,0,1,0,0,0
im pleased with the ideas that i come up with i feel i am intelligent and i dont doubt my wit or social skills even though i lt strike gt can be lt strike gt usually am shy as hell,22217,0,0,0,0,0,0,0,0,1,0,0,0
i feel comfortable with my teachers for the first time,22255,0,0,0,0,0,0,0,0,1,0,0,0
i cant stand shops and people but everything should be here within a week or two so all looks good and i am feeling pleased with myself almost a strange feeling these days div style clearboth padding bottom,22429,0,0,0,0,0,0,0,0,1,0,0,0
i feel threatened i am comforted by knowing that god holds everything together,22498,0,0,0,0,0,0,0,0,1,0,0,0
i try to be comfortable with people and not make them feel miserable about themselves because i dont care enough neither for them nor for myself hence i could be called pathetic in a human sense,22585,0,0,0,0,0,0,0,0,1,0,0,0
im not feeling idiot please believe that i have thinking brains but i can not compared with her after all she is the person in your life and i only a supporting role in your life,22608,0,0,0,0,0,0,0,0,1,0,0,0
i don t feel comfortable doing it is what i m trying to say,22614,0,0,0,0,0,0,0,0,1,0,0,0
i feel like its so gracious and comforting to have a rug underfoot,22621,0,0,0,0,0,0,0,0,1,0,0,0
ive been feeling a lot more comfortable with my friends who have settled into long term relationships,22644,0,0,0,0,0,0,0,0,1,0,0,0
i feel very pleased to be outside in the fresh air,22688,0,0,0,0,0,0,0,0,1,0,0,0
im feeling quite pleased with myself i spent minutes on the cross trainer and then two lots of minutes on the vibration plate just to test out the programs of course,22724,0,0,0,0,0,0,0,0,1,0,0,0
i have heard about how he made people feel valued and comfortable around him,22933,0,0,0,0,0,0,0,0,1,0,0,0
i was feeling vulnerable uncomfortable and in pain,22958,0,0,0,0,0,0,0,0,1,0,0,0
i know this will fall on death ears but at least you know how i feel if you are sincere please contact me at xxx xxxxxxx,22975,0,0,0,0,0,0,0,0,1,0,0,0
i just feel a dull sense of discomfort come on but over the course of a week it progresses into a growing agitation with the world at large until it finally tips into a full blown rage that has me sympathizing with stephen king s carrie,23022,0,0,0,0,0,0,0,0,1,0,0,0
i think he just feels a little too comfortable with me and also cares more about me doing something other than hanging out with him than he does about other people,23024,0,0,0,0,0,0,0,0,1,0,0,0
i felt like the boys were disadvantaged missing out on all the exciting entertainments at home for children but now i feel like they have had a precious opportunity to get close and familiar with nature,230,0,0,0,0,0,0,0,0,0,1,0,0
i was capable of doing the same as of late ive been feeling pretty bitter and depressed and not a lot of gratitude in general,231,0,0,0,0,0,0,0,0,0,1,0,0
im feeling very angry kind of sad tired and bored today,263,0,0,0,0,0,0,0,0,0,1,0,0
as in sadness a,309,0,0,0,0,0,0,0,0,0,1,0,0
im feeling pissed and sad right now,484,0,0,0,0,0,0,0,0,0,1,0,0
im not sure if what im feeling is so extremely vulnerable or now that i feel so depressed and sad,644,0,0,0,0,0,0,0,0,0,1,0,0
i began to feel distressed and a feeling of sadness and a desire to kill myself,655,0,0,0,0,0,0,0,0,0,1,0,0
i feel less agitated but a bit more sad sometimes,1001,0,0,0,0,0,0,0,0,0,1,0,0
i am feeling so much sadness realising that i have gone through life like this but it is such a celebration that now i no longer have to harden to hide that i am scared from myself and others,1025,0,0,0,0,0,0,0,0,0,1,0,0
i was feeling doubtful and sad about the relationship i have with this man,1043,0,0,0,0,0,0,0,0,0,1,0,0
i say goodbye to the fam theyre all sad a crying and i feel like a heartless bitch because hey im pretty excited to be flying for the first time and you know also to spend a year in another country,1267,0,0,0,0,0,0,0,0,0,1,0,0
i cannot and i feel a strange sadness for a thing that i m now ready for but cannot do,1380,0,0,0,0,0,0,0,0,0,1,0,0
i used to feel from your music is now gone and it has been replaced by a bitter taste in my mouth and a lot of sadness,1412,0,0,0,0,0,0,0,0,0,1,0,0
when i happen to witness some sadistic acts,1496,0,0,0,0,0,0,0,0,0,1,0,0
i can think of to quit are not based on my own needs and wants but those of others scars make other people feel uncomfortable self injury makes friends feel like they aren t offering enough support cutting is something sad teenagers do,1749,0,0,0,0,0,0,0,0,0,1,0,0
i could loose my job i would be so f amp ed for xmas i hate xmas i hate holidays i wish they would go away i feel nervous i feel sad what if i disappoint my family my friends,1834,0,0,0,0,0,0,0,0,0,1,0,0
i begin to feel terribly rude and that causes me to become depressed,1882,0,0,0,0,0,0,0,0,0,1,0,0
im left with today is feeling anxious and sad and lonely,1895,0,0,0,0,0,0,0,0,0,1,0,0
i get depressed when i feel that i am not talented enough that i can never create a beautiful piece of art,1969,0,0,0,0,0,0,0,0,0,1,0,0
i wonder if they ever feel any pain or sadness because they always seem lively,2241,0,0,0,0,0,0,0,0,0,1,0,0
i felt sad and apprehensive and angry that i d had vertigo and that it had left me feeling uncertain,2310,0,0,0,0,0,0,0,0,0,1,0,0
i have been feeling so strange and frankly bad about how not sad i am,2359,0,0,0,0,0,0,0,0,0,1,0,0
i have i feel excited nervous and a little bit sad,2476,0,0,0,0,0,0,0,0,0,1,0,0
i am thankful for the safety of my loved ones and the loved ones of my friends here i am guilty for feeling so i am selfish and i am deeply saddened that there are people back home who cannot say the same,2549,0,0,0,0,0,0,0,0,0,1,0,0
i start i feel like i should reiterate a fact that im not sure ive made clear yet just because i post all these despondent incidents on mermaidhaire does not mean that i am sad like all the time,2572,0,0,0,0,0,0,0,0,0,1,0,0
ive been coursing through cycles of happiness to a feeling of being mellow to a feeling of being really depressed to being mellow again and then back to the beginning,2608,0,0,0,0,0,0,0,0,0,1,0,0
i feel distraught worried panicked sick scared sad,2652,0,0,0,0,0,0,0,0,0,1,0,0
i feel disgusted embarrased and sad about how i handled the situation,2675,0,0,0,0,0,0,0,0,0,1,0,0
i have experimented lots of the experiences she mentions and sadly this made me realize that most women feel that their career paths are somehow going to be determined by their partners if they support them or not their children ther co workers etc,2802,0,0,0,0,0,0,0,0,0,1,0,0
i had thought but i feel scared and somewhat trepidatious nervous and sad,2857,0,0,0,0,0,0,0,0,0,1,0,0
i am feeling pretty shaky and sad,2916,0,0,0,0,0,0,0,0,0,1,0,0
i wasnt feeling mad at god or angry for him allowing this to happen to me i was just sad,2948,0,0,0,0,0,0,0,0,0,1,0,0
im feeling insecure and sad because i dont know what to do with my book,3022,0,0,0,0,0,0,0,0,0,1,0,0
i feel about this totally and completely pissed angry sad disappointed and absolutely furious at tough mudder the biggest rip off on planet earth,3025,0,0,0,0,0,0,0,0,0,1,0,0
i feel offended and sad because they do not know their ignorance,3037,0,0,0,0,0,0,0,0,0,1,0,0
i talk about in this essay is that people feel differently about poetry when they re angry or sad,3091,0,0,0,0,0,0,0,0,0,1,0,0
im really really sad that i missed the menswear show because i feel like its worth supporting this venture to show more menswear,3225,0,0,0,0,0,0,0,0,0,1,0,0
im feeling shy im feeling mad im feeling sad,3483,0,0,0,0,0,0,0,0,0,1,0,0
im seeing on facebook right now make me feel proud and excited for their parents and them but also sad that the babies and little squirts they once were are now gone forever,3489,0,0,0,0,0,0,0,0,0,1,0,0
i should have been depressed but i was actually feeling inspired,3501,0,0,0,0,0,0,0,0,0,1,0,0
i left feeling helpless and more than a little sad,3516,0,0,0,0,0,0,0,0,0,1,0,0
i feel kind of reluctant and depressed when you told me that it s over i respected your decision,3777,0,0,0,0,0,0,0,0,0,1,0,0
i know its the lot of the dumpee to feel slighted jealous unable to move on depressed angry and a whole bunch of other negative emotions that stem from the whole rejection and sometimes replacement involved in the break up process,3827,0,0,0,0,0,0,0,0,0,1,0,0
i feel they think im always glad but theres something they dont no im the one whos feeling sad,3982,0,0,0,0,0,0,0,0,0,1,0,0
i feel very frustrated and very sad,4142,0,0,0,0,0,0,0,0,0,1,0,0
i just feel so wronged and sad that i cant even have the space i want,4154,0,0,0,0,0,0,0,0,0,1,0,0
i spent two hours working on my crochet gift for you but i still feel restless and slightly sad,4161,0,0,0,0,0,0,0,0,0,1,0,0
ive been hearing about too many things happening back i singapore and it gets me feeling irritated and depressed about not being able to be there,4311,0,0,0,0,0,0,0,0,0,1,0,0
i have an overwhelming feeling of sadness that there are people in this world that are so hateful,4533,0,0,0,0,0,0,0,0,0,1,0,0
i finish typing this post i realise i m ok no longer do i feel annoyed angry or even sad,4554,0,0,0,0,0,0,0,0,0,1,0,0
i am yelling at my kids at the drop of a hat for no reason possess no energy to do anything just feeling irritable and sad about everything,4606,0,0,0,0,0,0,0,0,0,1,0,0
i feel mad sad and discouraged there is something so marvelous about the lord jesus something about the holy word of god that ignites my soul with hope to once again keep moving forward,4682,0,0,0,0,0,0,0,0,0,1,0,0
i feel very resolved yet somehow very depressed,4876,0,0,0,0,0,0,0,0,0,1,0,0
i felt the sadness and remorse we are supposed to feel when we realize we have wronged someone corinthians,5030,0,0,0,0,0,0,0,0,0,1,0,0
i was down feeling greedy and depressed,5047,0,0,0,0,0,0,0,0,0,1,0,0
i will confess to you i have had moments of feeling overwhelmed and ill admit being a bit melancholy,5209,0,0,0,0,0,0,0,0,0,1,0,0
i really am feeling horribly irritable and a little bit depressed,5595,0,0,0,0,0,0,0,0,0,1,0,0
i feel irritable or depressed during the course of the day i just stop and think am i too hungry angry lonely or tired,5672,0,0,0,0,0,0,0,0,0,1,0,0
i know killing myself solves nothing but the hopelessness and sadness is destroying me slowly and i feel like being selfish might be a good choice,5826,0,0,0,0,0,0,0,0,0,1,0,0
i feel so distraught and sad,5847,0,0,0,0,0,0,0,0,0,1,0,0
i feel hated i feel angry i feel very sad i feel like im going to be abandoned i feel angry because i abandoned someone but in reality no one at this age can expect that neither party will be abandoned,5851,0,0,0,0,0,0,0,0,0,1,0,0
i admit some of my inspiration to go this direction is because i am feeling a little melancholy that i won t be making my a href http www,5973,0,0,0,0,0,0,0,0,0,1,0,0
im feeling a bit melancholy,6093,0,0,0,0,0,0,0,0,0,1,0,0
i feel very pissed annoyed and depressed at the same time about a whole lot of stuff,6124,0,0,0,0,0,0,0,0,0,1,0,0
i know i shouldn t be upset shouldn t feel this melancholy that is eating away at my insides leaving tears in my eyes and an ache in my heart,6132,0,0,0,0,0,0,0,0,0,1,0,0
i was exhausted and sad and feeling worthless before i was even years old and this was just the beginning,6136,0,0,0,0,0,0,0,0,0,1,0,0
i close my eyes but i can t help feel a re sidual melancholy either from the music or his demeanor,6143,0,0,0,0,0,0,0,0,0,1,0,0
i did not feel sadness i did not feel frightened i was incredibly happy,6160,0,0,0,0,0,0,0,0,0,1,0,0
im feeling weird right now dont know if it is sadness or something else,6292,0,0,0,0,0,0,0,0,0,1,0,0
i feel myself getting so distracted and not willing to talk to him anymore like it just makes me sad and feel like giving up,6297,0,0,0,0,0,0,0,0,0,1,0,0
i feel angry ashamed and sad,6335,0,0,0,0,0,0,0,0,0,1,0,0
ive been feeling angry sad happy pissed off lonely disappointed useless and very very confused,6374,0,0,0,0,0,0,0,0,0,1,0,0
i feel depressed that im not number yet orezi,6590,0,0,0,0,0,0,0,0,0,1,0,0
i often wanted to shout oh good lord who has the time to analyze the intention behind a husband buying a piece of jewelry for weeks and then just sit around feeling melancholy about it,6661,0,0,0,0,0,0,0,0,0,1,0,0
i feel disadvantaged about is the fact that i grew up in england where there is not a great emphasis on a href http www,6764,0,0,0,0,0,0,0,0,0,1,0,0
i didn t exaggerate it and i didn t milk it to get more but i definitely enjoyed the feeling of melancholy and allowed my mind to play up to it,6797,0,0,0,0,0,0,0,0,0,1,0,0
i make a giant cup of coffee add some sweetener and drag myself to school feeling depressed and nauseous,6858,0,0,0,0,0,0,0,0,0,1,0,0
i feel devastated sad disappointed angry bitter relieved and content i m working on happy,6921,0,0,0,0,0,0,0,0,0,1,0,0
i thought about my own depression about the negative thoughts ive had lately and how i can intervene in those thoughts to help myself not feel so depressed,6980,0,0,0,0,0,0,0,0,0,1,0,0
i was feeling a bit sad so i thought well youre not gonna win anyway but it might be fun and er shoes,7103,0,0,0,0,0,0,0,0,0,1,0,0
i thought i would possibly panic or suddenly feel hopeless and depressed over what was happening,7164,0,0,0,0,0,0,0,0,0,1,0,0
i am feeling nostalgic of all my toronto adventures but right now the thing that stands out most is i am sad that i do not have any images of my favourite apartment with the fireplace,7166,0,0,0,0,0,0,0,0,0,1,0,0
i can t feel saddened or that i should just stop caring,7171,0,0,0,0,0,0,0,0,0,1,0,0
i feel like i get way to pissed or sad at things that other people seem to not even notice,7181,0,0,0,0,0,0,0,0,0,1,0,0
i have to feel depressed about,7249,0,0,0,0,0,0,0,0,0,1,0,0
i feel so angry and the truth is i feel so fucking sad and the truth is i ve felt so fucking hurt for so fucking long and for just as long i ve been pretending i m ok just to get along just for i don t know why maybe because no one wants to hear about my misery because they have their own,7309,0,0,0,0,0,0,0,0,0,1,0,0
watching am they had a programme on the starving refugees their plight was a source of sadness for me,7384,0,0,0,0,0,0,0,0,0,1,0,0
i feel uptight and anxious mad and depressed i hear voices behind me that whisper and mock no one smiles when i smile no one listens when i talk i don t sleep well at all cause i think of my job and i dream i m attacked by an unruly mob is there some kind of name for the trouble i ve got,7444,0,0,0,0,0,0,0,0,0,1,0,0
im afraid of how long i could spend feeling so regretful and sad and memorative,7497,0,0,0,0,0,0,0,0,0,1,0,0
i loved feeling cute and pretty badass every time i saddled up on my ridiculously multicolored bike,7688,0,0,0,0,0,0,0,0,0,1,0,0
i am feeling a little apprehensive and sad about leaving bella for four nights,7690,0,0,0,0,0,0,0,0,0,1,0,0
i reflect on the past i become angry feel hopeless confused sad,7763,0,0,0,0,0,0,0,0,0,1,0,0
i spent the better part of today and yesterday feeling depressed though i cant put my finger on it or explain it in any good way,7772,0,0,0,0,0,0,0,0,0,1,0,0
i am often stunned when i find myself feeling unhappy or sad,7870,0,0,0,0,0,0,0,0,0,1,0,0
i feel exhilerated to be going but also fearful and a little sad,7967,0,0,0,0,0,0,0,0,0,1,0,0
i feel so unsure as i take your hand and lead you to the dance floor as the music dies something in your eyes calls to mind a silver screen and all its sad goodbyes,7987,0,0,0,0,0,0,0,0,0,1,0,0
i tried to hide my emotions from her i didnt want her to know how thankful i was that someone at last called me out on what i was feeling that someone accepted me for everything that someone wanted to hear about my sadness and turmoil,8071,0,0,0,0,0,0,0,0,0,1,0,0
i remember a scene in shopgirl when claire danes wakes up one morning and suddenly feels depressed,8127,0,0,0,0,0,0,0,0,0,1,0,0
i want to be up and happy and feeling the love and instead i am weepy and depressed and all i want to do is say fuck it and go to sleep until march,8201,0,0,0,0,0,0,0,0,0,1,0,0
i was happy i achieved this in the end because i feel it is much more successful for the topic than a standard saddle stitched book would be,8255,0,0,0,0,0,0,0,0,0,1,0,0
i still remember feeling melancholy and old and all the things i was not,8294,0,0,0,0,0,0,0,0,0,1,0,0
im feeling sad about it again,8355,0,0,0,0,0,0,0,0,0,1,0,0
i feel a sad twinge in my heart because i know its not going to happen and i really want to hold onto the memories of those people forever,8396,0,0,0,0,0,0,0,0,0,1,0,0
i woke up and felt sad all over again but that was quickly replaced with a feeling that reassured me things will work themselves out on their own time,8455,0,0,0,0,0,0,0,0,0,1,0,0
i hate not feeling sad about this but i know the idea of high school being officially over will hit me on graduation day,8543,0,0,0,0,0,0,0,0,0,1,0,0
i suffered my stroke at it had been a very trying quantity of my life that forced me to be feel too fearful and sad,8624,0,0,0,0,0,0,0,0,0,1,0,0
i am happy to report that despite feeling a twinge of melancholy and sentimentality over the years events my life has never been better,8744,0,0,0,0,0,0,0,0,0,1,0,0
im feeling very depressed,8751,0,0,0,0,0,0,0,0,0,1,0,0
i start to feel sad or angry,8871,0,0,0,0,0,0,0,0,0,1,0,0
im feeling melancholy so i shall,8883,0,0,0,0,0,0,0,0,0,1,0,0
i forget what it feels like to be skeptical or untrusting or chronically depressed or pessimistic,8954,0,0,0,0,0,0,0,0,0,1,0,0
i recall picking up jean paul sartre s autobiography words reading this clever cold testimony made me feel so depressed that i abandoned it halfway through,8986,0,0,0,0,0,0,0,0,0,1,0,0
i am feeling a little melancholy today would have been my brother billys th birthday,8993,0,0,0,0,0,0,0,0,0,1,0,0
i have wanted to write about how it feels to be depressed in some way that could help me connect with other people for a long time now,9002,0,0,0,0,0,0,0,0,0,1,0,0
i went back to old patterns expecting only to feel disappointed and sad,9023,0,0,0,0,0,0,0,0,0,1,0,0
i am also glad that i have a strong enough relationship with my husband that i can express when im feeling mad or bad or sad,9074,0,0,0,0,0,0,0,0,0,1,0,0
i just feel attacked and then i start to feel paranoid and sad it can t seem to get out of my head,9362,0,0,0,0,0,0,0,0,0,1,0,0
i am just sad actually i am feeling low the whole time,9377,0,0,0,0,0,0,0,0,0,1,0,0
im sitting here typing this and im sore and tired and feel kind of dazed yet theres this sadistic part of me that cant wait for tomorrows workout plyometric cardio circuit,9452,0,0,0,0,0,0,0,0,0,1,0,0
i always get this sad feeling when a song i really love becomes popular,9498,0,0,0,0,0,0,0,0,0,1,0,0
i feel im being bitchy and not seeing my parents for a while has gotten me a little depressed,9509,0,0,0,0,0,0,0,0,0,1,0,0
i do not like it much also because i can feel how they feel when thy die whether they were angry or extremely sad the way they died or the fact that some of them still have unfinished wishes,9554,0,0,0,0,0,0,0,0,0,1,0,0
im also feeling a melancholy that we dont have our baby girl with us yet,9684,0,0,0,0,0,0,0,0,0,1,0,0
i am still feeling melancholy with a strange sense of loss and homesickness,9769,0,0,0,0,0,0,0,0,0,1,0,0
i looked tired i broke out i was noticing every wrinkle and feeling shocked and depressed by visual evidence of the toxins escaping my body through my face,9777,0,0,0,0,0,0,0,0,0,1,0,0
i feel a little stressed as well as sad,9779,0,0,0,0,0,0,0,0,0,1,0,0
i also start feeling agitated and even melancholy,9802,0,0,0,0,0,0,0,0,0,1,0,0
i feel very depressed right now,9823,0,0,0,0,0,0,0,0,0,1,0,0
im sad i feel shes not supportive but that gives me something to unite to the cross of my savior and lover jesus christ,9880,0,0,0,0,0,0,0,0,0,1,0,0
i have just been feeling horrible depressed and really dizzy,9977,0,0,0,0,0,0,0,0,0,1,0,0
im sad i feel that every heartbroken song was written just for me,10010,0,0,0,0,0,0,0,0,0,1,0,0
i was beginning to feel a bit depressed,10071,0,0,0,0,0,0,0,0,0,1,0,0
i am so fucking sad and angry right now and i feel completely shitty and fucked up,10241,0,0,0,0,0,0,0,0,0,1,0,0
i am not feeling that energetic today and my breathing is a bit tight today so i have watched christmas movies today my goodness i have just realized how sad that sounds anyway at,10256,0,0,0,0,0,0,0,0,0,1,0,0
i still feel sadness it is funny because they dont even know me but i feel like i am losing one of my sister,10269,0,0,0,0,0,0,0,0,0,1,0,0
im mad at myself for not stopping and im sad maybe thats not the right emotion to express how i feel that i am too scared to stop,10304,0,0,0,0,0,0,0,0,0,1,0,0
i feel like the disadvantages out weigh the advantages it can cause unpleasant side effects to you like nausea and drowsiness it s not always very effective and the biggest thing for me it can affect your baby s heart rate and make your baby less alert at birth,10457,0,0,0,0,0,0,0,0,0,1,0,0
i am not sitting at home licking my wounds day after day or feeling all melancholy baby,10522,0,0,0,0,0,0,0,0,0,1,0,0
i feel quite cripplingly depressed in a feel bad about everything cant do anything frozen way,10523,0,0,0,0,0,0,0,0,0,1,0,0
i also have to admit that i feel suffocated at that thought and terrified and sad,10543,0,0,0,0,0,0,0,0,0,1,0,0
i feel sad with the fact that ill be leaving batangas na,10661,0,0,0,0,0,0,0,0,0,1,0,0
i should be excited about a new cycle of my life starting that i should be feeling like the world is at my feet but all i could feel was sadness was a longing for none of it to have happened and a wish i could just be with him again that he would hug me and love me and cheer me up,10750,0,0,0,0,0,0,0,0,0,1,0,0
i always try to compliment myself when i feel ugly inside and out and when im down and depressed,10825,0,0,0,0,0,0,0,0,0,1,0,0
i worked all the time i feel sad thinking why have i not got a job,10839,0,0,0,0,0,0,0,0,0,1,0,0
i feel more sad than anything,10889,0,0,0,0,0,0,0,0,0,1,0,0
i was aware of a feeling of melancholy as i approached the city sans pup,10944,0,0,0,0,0,0,0,0,0,1,0,0
i was feeling extremely nostalgic and a little sad as i sang along with the chorus of for unto us a child is born,10980,0,0,0,0,0,0,0,0,0,1,0,0
i know that this is somewhat strange but i can feel that my cat is very unhappy and it is making me kind of sad,11002,0,0,0,0,0,0,0,0,0,1,0,0
im quite sad when to see a characters feelings rejected,11011,0,0,0,0,0,0,0,0,0,1,0,0
im feeling really sad,11112,0,0,0,0,0,0,0,0,0,1,0,0
i wasnt sad and i didnt feel devastated,11143,0,0,0,0,0,0,0,0,0,1,0,0
i feel kind of reluctant and depressed when you told me that it s over i respected your decision,11164,0,0,0,0,0,0,0,0,0,1,0,0
i don t care i feel a bit sad and anxious so that s way i m here writing,11184,0,0,0,0,0,0,0,0,0,1,0,0
i am feeling curious and a little sadistic,11196,0,0,0,0,0,0,0,0,0,1,0,0
i feel depressed inside,11202,0,0,0,0,0,0,0,0,0,1,0,0
i feel a little melancholy for my family out west,11227,0,0,0,0,0,0,0,0,0,1,0,0
i feel unhappy and depressed but it s different,11247,0,0,0,0,0,0,0,0,0,1,0,0
i think i will feel very sad if she will leave me,11319,0,0,0,0,0,0,0,0,0,1,0,0
i need to keep the sensation of clutching long after ive grasped to swallow and own that feeling of sadness beyond sadness until it is so overwhelming its joyful in the way it suffocates,11342,0,0,0,0,0,0,0,0,0,1,0,0
im feeling sad and low if im struggling with what to do,11390,0,0,0,0,0,0,0,0,0,1,0,0
i start to look at myself differently when i feel depressed and my emotions make me feel like i really am fat,11448,0,0,0,0,0,0,0,0,0,1,0,0
i feel sad and as i sat,11552,0,0,0,0,0,0,0,0,0,1,0,0
i seek out guidance when my mind feels so sadly confused that the weight on my spirit cant help but sag,11580,0,0,0,0,0,0,0,0,0,1,0,0
i was feeling depressed and knew i had to snap out of it,11632,0,0,0,0,0,0,0,0,0,1,0,0
i feel agitated sad and defeated,11729,0,0,0,0,0,0,0,0,0,1,0,0
i have been feeling distraught anxious fearful depressed i literally begin to feel this plushy bathrobe around me and it reminds me of the truth in my heart and spirit,11789,0,0,0,0,0,0,0,0,0,1,0,0
i feel ungrateful or depressed service is the best antidote,11816,0,0,0,0,0,0,0,0,0,1,0,0
i didnt need to drink every time i was feeling anxious or depressed,11836,0,0,0,0,0,0,0,0,0,1,0,0
im feeling sad today but confidant ive done the right thing,11902,0,0,0,0,0,0,0,0,0,1,0,0
i stopped going to weddings few years back because at one point in life i know that the celebration itself would make me feel somewhat depressed,11941,0,0,0,0,0,0,0,0,0,1,0,0
im sure when i tell him what ive been feeling hell be sad for me that i felt that but he wont poo poo it away with words,11945,0,0,0,0,0,0,0,0,0,1,0,0
i am allowed to feel sad angry and annoyed about certain things,11957,0,0,0,0,0,0,0,0,0,1,0,0
i love sam eagle his lengthy bits with ty burrell as cia and interpol agents trying to track down the criminals couldve all been left on the cutting room floor without me feeling the least bit depressed,11980,0,0,0,0,0,0,0,0,0,1,0,0
im feeling a little melancholy and im too lazy to pack just yet i went and bought myself some consolatory rocky road,12042,0,0,0,0,0,0,0,0,0,1,0,0
i dont even miss him anymore and that is sad cause i never thought i could feel this way without him but ive been tortured enough and its nice to see some sunshine in my life after all these yrs and i didnt realize i was in such a horrid relationship until i could breath by myself,12100,0,0,0,0,0,0,0,0,0,1,0,0
i express my feelings whether mad happy moody sad hate and other emotions,12120,0,0,0,0,0,0,0,0,0,1,0,0
ive been crying all the time very sad feeling worthless and like no one will ever love me and feeling incredibly anxious i started therapy,12178,0,0,0,0,0,0,0,0,0,1,0,0
i was feeling a little melancholy last weekend about the holidays being over but once we got back home and got the christmas decorations put away i was more than ready to move on with the new year,12194,0,0,0,0,0,0,0,0,0,1,0,0
i feel that there are people out there who do not have the ability to be compassionate to their fellow peers around them and that to me is very sad,12216,0,0,0,0,0,0,0,0,0,1,0,0
i feel benevolent and proud or benevolent and sad,12288,0,0,0,0,0,0,0,0,0,1,0,0
i need to feel this melancholy explore it without fueling it,12297,0,0,0,0,0,0,0,0,0,1,0,0
i say i m sad that random guy at that party i wasn t supposed to be at didn t give me his number that i m not keeping up in class that i dunno i m just feeling kind of shitty today,12326,0,0,0,0,0,0,0,0,0,1,0,0
i said i loved them but at the same time they re the kind of books that left me feeling totally depressed,12447,0,0,0,0,0,0,0,0,0,1,0,0
i tend to feel very dull and sad and its only in prints and colours that will make me liven up,12502,0,0,0,0,0,0,0,0,0,1,0,0
i feel sad and happy but i am also grateful,12503,0,0,0,0,0,0,0,0,0,1,0,0
i feel so bothered and sad more than i ever have before,12551,0,0,0,0,0,0,0,0,0,1,0,0
i realise im clearly feeling hostile bracing myself for the overwhelming sadness that is to come,12584,0,0,0,0,0,0,0,0,0,1,0,0
i can say to a friend you know i recently turned and im feeling depressed,12610,0,0,0,0,0,0,0,0,0,1,0,0
i feel sadness and fear coming to assail me always supporting me in my weakness mother you deign to bless me,12644,0,0,0,0,0,0,0,0,0,1,0,0
i need a little sugar in my bowl i need a little hot dog on my roll i can stand a bit of loving oh so bad i feel so funny i feel so sad,12689,0,0,0,0,0,0,0,0,0,1,0,0
im feeling melancholy tonight and im grateful for music to help me through,12777,0,0,0,0,0,0,0,0,0,1,0,0
i stepped in our house makes me feel more depressed,12802,0,0,0,0,0,0,0,0,0,1,0,0
i was feeling extremely agitated and anxious but there was also an added sadness and that i do know came from the fact that it was our anniversary years,12833,0,0,0,0,0,0,0,0,0,1,0,0
i feel kind of sad for the ebook readers because you cant do this with a single kindle or tablet,12848,0,0,0,0,0,0,0,0,0,1,0,0
i am once again feeling listless and depressed,12873,0,0,0,0,0,0,0,0,0,1,0,0
i sit on the eve of what should be a happy occasion and im once again feeling like fucked off sad and alone,13052,0,0,0,0,0,0,0,0,0,1,0,0
i feel so sad,13053,0,0,0,0,0,0,0,0,0,1,0,0
i sat in bed feeling anxious sad and frustrated i asked god to speak to me the words of philippians,13074,0,0,0,0,0,0,0,0,0,1,0,0
im feeling messed up and depressed you would try your very best to make me smile in any way,13130,0,0,0,0,0,0,0,0,0,1,0,0
i feel proud in caring for her and protecting her i like doing things that she asks me to however silly or hard it is i feel happy seeing her smiling and sad when she looks so,13151,0,0,0,0,0,0,0,0,0,1,0,0
im feeling very melancholy as i remember the fun times i had at skate country,13189,0,0,0,0,0,0,0,0,0,1,0,0
i always feel sad for people who say days just seem the same,13220,0,0,0,0,0,0,0,0,0,1,0,0
i have been a bit busy in the past week and while i feel stressed i dont feel depressed,13416,0,0,0,0,0,0,0,0,0,1,0,0
i look at the painting i also feel sad,13423,0,0,0,0,0,0,0,0,0,1,0,0
i discovered in processing why i feel depressed sad or disconnected at the end of really fun days,13425,0,0,0,0,0,0,0,0,0,1,0,0
i have to admit i m feeling a little melancholy about the run i have planned for tomorrow morning,13459,0,0,0,0,0,0,0,0,0,1,0,0
i feel for the disadvantaged people who just want to warm up and sit somewhere clean and pleasant,13554,0,0,0,0,0,0,0,0,0,1,0,0
i feel that my weight issues have mostly been because i was unhappy depressed scared and angry,13684,0,0,0,0,0,0,0,0,0,1,0,0
i feel so sad for sioux,13686,0,0,0,0,0,0,0,0,0,1,0,0
i feel embarrassed and sad that even beyond the grave you seem to still be working with the release of your latest posthumous album,13708,0,0,0,0,0,0,0,0,0,1,0,0
i feel depressed after voting knowing that i voted again for those who created the problem but we dont have another choice,13715,0,0,0,0,0,0,0,0,0,1,0,0
i eat no one noticing if im feeling depressed,13730,0,0,0,0,0,0,0,0,0,1,0,0
i am a person who sometimes feels jealous and sometimes feels happy and sometimes feels sad excited afraid angry or confused,13792,0,0,0,0,0,0,0,0,0,1,0,0
i came home feeling exhausted and sad,13802,0,0,0,0,0,0,0,0,0,1,0,0
i need to start getting my writing done before i go to sleep for the entire afternoon at least on social days and that would mean breaking my aforementioned habit of not writing too early in the day because the rest of the day i will feel depressed and purposeless,13901,0,0,0,0,0,0,0,0,0,1,0,0
i am feeling overwhelmed and depressed about lilli s needs i can go back and read what i wrote on lilli s eighth birthday and remind myself that she was born for a purpose and created to be this way for a reason,13940,0,0,0,0,0,0,0,0,0,1,0,0
i just feel either depressed or so fucking pissed off,13958,0,0,0,0,0,0,0,0,0,1,0,0
i feel sad but i dont know what to say it feels so far away,13970,0,0,0,0,0,0,0,0,0,1,0,0
i keep on feeling burdened and sad without those hugs and cuddles,14052,0,0,0,0,0,0,0,0,0,1,0,0
i turned once to look back at him feeling slightly sad that id probably never see him again,14069,0,0,0,0,0,0,0,0,0,1,0,0
i really dont know whats wrong with me i just feel so crappy and horrible and emotional img width height src images smilies icon sad,14128,0,0,0,0,0,0,0,0,0,1,0,0
i feel like hell coughing coughing coughing and mad and sad all at once,14137,0,0,0,0,0,0,0,0,0,1,0,0
i feel a bit depressed studying now a days,14164,0,0,0,0,0,0,0,0,0,1,0,0
i think we all are all shocked feeling hopeless and lost and sad and helpless,14204,0,0,0,0,0,0,0,0,0,1,0,0
ive been going through a pretty rough time feeling lousy and very depressed the overnight shift has been really wearing me down and i spend my days off basically never leaving the house,14251,0,0,0,0,0,0,0,0,0,1,0,0
i feel real pity sadness and empathy for the peers of my children who are not in loving nurturing situations,14320,0,0,0,0,0,0,0,0,0,1,0,0
i spent to waste my night feeling dazed depressed and bored,14329,0,0,0,0,0,0,0,0,0,1,0,0
i cried a lot that night going to sleep feeling nervous and scared and sad that our amazing adventure was over and nothing but the real world awaited us when we got back,14443,0,0,0,0,0,0,0,0,0,1,0,0
ive been feeling a mixture of ecstatic joy and excitement sadness stress the whole shebang i guess,14475,0,0,0,0,0,0,0,0,0,1,0,0
i really don t feel melancholy or like the time has flown by,14559,0,0,0,0,0,0,0,0,0,1,0,0
i feel depressed and i am all in all not satisfied with the doesnt matter what situation i am in,14579,0,0,0,0,0,0,0,0,0,1,0,0
i find myself feeling melancholy lately,14593,0,0,0,0,0,0,0,0,0,1,0,0
i wonder if i feel sad sometimes because i used to,14594,0,0,0,0,0,0,0,0,0,1,0,0
i have issues trusting people i lash out when im sad but instead of saying how i feel i get violent and mad,14642,0,0,0,0,0,0,0,0,0,1,0,0
i can t ever remember feeling so sad to say goodbye to a place,14744,0,0,0,0,0,0,0,0,0,1,0,0
i left the meeting feeling irritated sad and worried,14797,0,0,0,0,0,0,0,0,0,1,0,0
i realized that i would be sad to leave this plane so soon and that just because i am feeling unloved and rejected there is no need to transfer those feelings of sadness on to those of my children left behind who i know do love and appreciate me and their father,14798,0,0,0,0,0,0,0,0,0,1,0,0
i feel a delicious wave of melancholy edged with sharp anticipation,14801,0,0,0,0,0,0,0,0,0,1,0,0
i suppose if these millions of little things are causing me to be discouraged and feel depressed then maybe they aren t so little and maybe god would want me to bring them to him so he could help me handle them,14807,0,0,0,0,0,0,0,0,0,1,0,0
i feel so helpless and so small in the face of such huge and sad news it makes me feel better to just not know,14813,0,0,0,0,0,0,0,0,0,1,0,0
i feel how angry or sad i get,14882,0,0,0,0,0,0,0,0,0,1,0,0
i am feeling a bit melancholy because i will not see any of my section mates and friends for an entire month,14965,0,0,0,0,0,0,0,0,0,1,0,0
i am letting myself feel depressed angry resentful and jealous because my day was taken away from me for an unexplained reason,14980,0,0,0,0,0,0,0,0,0,1,0,0
i watch movies set in the s and s i feel pangs of melancholy,15052,0,0,0,0,0,0,0,0,0,1,0,0
i may feel a little disadvantaged at having to keep my mouth shut but you know what it worked,15083,0,0,0,0,0,0,0,0,0,1,0,0
im sad to give this away but i feel generous today i never really wore it because around the chest area its a bit tight,15093,0,0,0,0,0,0,0,0,0,1,0,0
i feel hated i feel angry i feel very sad i feel like im going to be abandoned i feel angry because i abandoned someone but in reality no one at this age can expect that neither party will be abandoned,15158,0,0,0,0,0,0,0,0,0,1,0,0
i feel sad about an event i can not influence,15186,0,0,0,0,0,0,0,0,0,1,0,0
i know i love what im learning and maybe cos i listen to a lot of sad music or blues like eva cassidy s eric calpton s it makes me feel emotional,15259,0,0,0,0,0,0,0,0,0,1,0,0
i read analyses of why its not a good idea even though i agree with them i get the same feeling that i get when people tell depressed people to just cheer up,15316,0,0,0,0,0,0,0,0,0,1,0,0
im still feeling shocked and sad at the newtown shootings and i hope we dont become such a simplistic society that we think different is always wrong or evil,15505,0,0,0,0,0,0,0,0,0,1,0,0
i like to think of that as a compliment but everytime i hear this song i get this overwhelming feeling of sadness like the girl in this song was just so heartbroken,15518,0,0,0,0,0,0,0,0,0,1,0,0
in a sadist provoked my sister in my presence he tried to force my sister into accompanying him to his place,15601,0,0,0,0,0,0,0,0,0,1,0,0
i feel really sad when people keep telling me how cnb just climbed over fti and how fti was made used of to help cnb succeed,15738,0,0,0,0,0,0,0,0,0,1,0,0
i feel i am disturbed saddened angry bereft,15784,0,0,0,0,0,0,0,0,0,1,0,0
i feel neither saddened nor shocked by this decision as ratings haven t been great and both are costing the network tons of dough in losses,15790,0,0,0,0,0,0,0,0,0,1,0,0
i did what i used to do posted a sad status with my deepest feelings on facebook lame i know but this time it was in japanese so only some people could understand,15822,0,0,0,0,0,0,0,0,0,1,0,0
i always feel sad when my friends live far away and they have babies,15852,0,0,0,0,0,0,0,0,0,1,0,0
i dived into my tent to sleep off the ride my legs were feeling stronger but my arse was now suffering long slow hours in the saddle were beginning to take their toll,15900,0,0,0,0,0,0,0,0,0,1,0,0
i find myself feeling melancholy even after tearing into the box like the birthday girl who s had too much cake,15941,0,0,0,0,0,0,0,0,0,1,0,0
i am sad and feeling alone or confused,15942,0,0,0,0,0,0,0,0,0,1,0,0
i feel like one of those sad old adults but if you are still a student im envious make the most of it,15992,0,0,0,0,0,0,0,0,0,1,0,0
i feel sad when people call me an idiot secret,16023,0,0,0,0,0,0,0,0,0,1,0,0
i remember feeling so melancholy on january st for no apparent reason,16075,0,0,0,0,0,0,0,0,0,1,0,0
id wander around rainy uxbridge and feel ridiculously melancholy missing greg and portland and all my friends,16238,0,0,0,0,0,0,0,0,0,1,0,0
i do seems terrible then i feel terrible and i don t enjoy what i m doing and having to do it makes me feel sad,16245,0,0,0,0,0,0,0,0,0,1,0,0
i remember my last fall in boston i didnt know at the time that it would be my last fall there struggling with something at the time and was feeling depressed about whatever it was,16314,0,0,0,0,0,0,0,0,0,1,0,0
i miss the moment when you feel confused and sad about me but now i cant see it anymore,16341,0,0,0,0,0,0,0,0,0,1,0,0
i walked away feeling beaten down and sad and frustrated and judged for who i was,16387,0,0,0,0,0,0,0,0,0,1,0,0
i am depressed and feeling worthless getting on my gmc denali bike and conquering miles makes me feel less powerless,16554,0,0,0,0,0,0,0,0,0,1,0,0
i first came across this video i was having a night where i was feeling super sad about a boy of course and was surfing spoken word videos to keep my mind off things,16793,0,0,0,0,0,0,0,0,0,1,0,0
i know weve been feeling depressed and abandoned but we cant abandon those who protect our freedom,16833,0,0,0,0,0,0,0,0,0,1,0,0
i feel embarassed humiliated sad miserable href http www,16835,0,0,0,0,0,0,0,0,0,1,0,0
i came back from my best friend s wedding in the south france feeling weepy and depressed after celebrating an amazing event in the most stunning surroundings in the company of some awesome people,16853,0,0,0,0,0,0,0,0,0,1,0,0
i feel so lousy angry sad unhappy jealous insecure anxiety etc,16886,0,0,0,0,0,0,0,0,0,1,0,0
i feel very deprived and sad and i really really really want to cry,16895,0,0,0,0,0,0,0,0,0,1,0,0
i enjoy some metal most of the time i prefer music that calms me or at least makes me feel something calm like sadness or contentment,16907,0,0,0,0,0,0,0,0,0,1,0,0
i feel so sad having missed this train just because i wanted i do i do to be good well that s life,16908,0,0,0,0,0,0,0,0,0,1,0,0
i usually dont know how each day will turn out for me in terms of what im doing how my mood will be how i will feel physically if i will have mood swings or be depressed or get angry,16953,0,0,0,0,0,0,0,0,0,1,0,0
i feel extremely sad because we don t get to skype with ashli anymore,16998,0,0,0,0,0,0,0,0,0,1,0,0
i was feeling confused and angry as well as so very sad,17049,0,0,0,0,0,0,0,0,0,1,0,0
i is coming to an end and i feel so blessed and sad at the same time,17051,0,0,0,0,0,0,0,0,0,1,0,0
i feel sad that you do not know matt tracy graysen page or ryan,17066,0,0,0,0,0,0,0,0,0,1,0,0
i was feeling angry or depressed and i tried to think loving happy thoughts,17067,0,0,0,0,0,0,0,0,0,1,0,0
im like everyone else taking in the sadness bestowed upon me in such an abrupt manner recognizing that people like williams comedians who wanted to be laughed with and at are laughing on the outside but often crying and feeling hopeless on the inside as sad as that sounds,17088,0,0,0,0,0,0,0,0,0,1,0,0
i feel very nervous a bit worried about things i shouldnt worry about and sad for my family,17107,0,0,0,0,0,0,0,0,0,1,0,0
i left the hostal in garrucha feeling a bit strange excited about reaching journeys end and seeing my family but somehow sad the adventure was coming to an end,17162,0,0,0,0,0,0,0,0,0,1,0,0
i talk to or otherwise communicate with daily which occasionally makes me miss them less and some of them appear to have dropped off the planet completely which makes me feel neurotic and rejected and worried and angry and sad and like im overreacting,17169,0,0,0,0,0,0,0,0,0,1,0,0
i am alone or feeling melancholy i tend to produce better art better poetry deeper thoughts,17241,0,0,0,0,0,0,0,0,0,1,0,0
i am feeling far less melancholy for having expressed this for having realized that what i have from james must be enough,17268,0,0,0,0,0,0,0,0,0,1,0,0
i can feel you especially in a calm environment as jenns voice simply explains this song as if it is a story of a person who is depressed,17336,0,0,0,0,0,0,0,0,0,1,0,0
i didn t know what to feel i wasn t angry nor was i sad,17380,0,0,0,0,0,0,0,0,0,1,0,0
i still feel sad sometimes,17388,0,0,0,0,0,0,0,0,0,1,0,0
i actually did want to see him especially since i was feeling sad and lonely the whole day,17417,0,0,0,0,0,0,0,0,0,1,0,0
i feel helpless and sad and heartbroken,17465,0,0,0,0,0,0,0,0,0,1,0,0
i want to stop feeling so bitter amp be able to give them the finger amp walk away laughing amp not feel the slightest bit sad,17516,0,0,0,0,0,0,0,0,0,1,0,0
i feel so alone now on the train mum dont be sad you had amazing days,17591,0,0,0,0,0,0,0,0,0,1,0,0
i think you ought to know i m feeling very depressed marvin said,17608,0,0,0,0,0,0,0,0,0,1,0,0
i am sad and feeling confused i know this battle i will not lose,17623,0,0,0,0,0,0,0,0,0,1,0,0
i mean sometimes i get really down for no reason and i feel like im doomed to be depressed and miserable no matter how good my life goes,17701,0,0,0,0,0,0,0,0,0,1,0,0
i left a place i called home for nearly summers feeling very very disillusioned and sad,17722,0,0,0,0,0,0,0,0,0,1,0,0
im left with feelings of sadness and hurt,17895,0,0,0,0,0,0,0,0,0,1,0,0
i even said im feeling melancholy thats weird,17924,0,0,0,0,0,0,0,0,0,1,0,0
i feel suck mad and sad,17948,0,0,0,0,0,0,0,0,0,1,0,0
i feel a lot less depressed,18056,0,0,0,0,0,0,0,0,0,1,0,0
i feel terribly sad,18139,0,0,0,0,0,0,0,0,0,1,0,0
about the car sadness i felt anger the way i acted after negotiating it,18146,0,0,0,0,0,0,0,0,0,1,0,0
i am feeling a bit depressed today no doubt because of my tummy but it seemed that nothing much had changed yesterday when i visited kabalega primary and gave them one of the computers i was so kindly given,18170,0,0,0,0,0,0,0,0,0,1,0,0
i feel depressed and sad,18184,0,0,0,0,0,0,0,0,0,1,0,0
i have been able to sit and think and have an uninterrupted conversation with justin on the phone i feel depressed,18199,0,0,0,0,0,0,0,0,0,1,0,0
i will admit to feeling a little melancholy about the whole business and really not wanting to post about it in case caroline was to read it on facebook,18211,0,0,0,0,0,0,0,0,0,1,0,0
i always feel when i leave you kind of sad and kind of nervous and kind of like my family is incomplete,18239,0,0,0,0,0,0,0,0,0,1,0,0
i come out of that fight feeling whipped and saddened and hated for who i am and i have to put on my big girl panties and pretend hey everything s fine even though we re pissy at each other,18410,0,0,0,0,0,0,0,0,0,1,0,0
i contemplated staying awake in hopes of finding other things to concentrate on but between being tired and feeling depressed i laid down at about and slept for a good several hours,18581,0,0,0,0,0,0,0,0,0,1,0,0
i cant help but feel a little rejected and sad that my baby doesnt need me anymore,18649,0,0,0,0,0,0,0,0,0,1,0,0
i can deflect my sad feelings away from myself with the love shield loving myself and loving others,18668,0,0,0,0,0,0,0,0,0,1,0,0
i feel like i am more depressed now,18753,0,0,0,0,0,0,0,0,0,1,0,0
i found this news sad i wonder how the people who still work there feel devastated i m sure,18789,0,0,0,0,0,0,0,0,0,1,0,0
i feel like this is what im supposed to do which is why im slowly coming out of the depressed in a rut phase and into the happy accepting liberation phase,18802,0,0,0,0,0,0,0,0,0,1,0,0
ive been feeling homesick and depressed the last few weeks so i sorta kinda did some retail therapy with paper collections and stamps,18815,0,0,0,0,0,0,0,0,0,1,0,0
i was going to be feeling extraordinarily joyful i would have looked at you with very sad eyes and you would have seen huge doubt in them,18833,0,0,0,0,0,0,0,0,0,1,0,0
i feel i share to much of the hurt or sadness and fear i still feel every now and then on here,18858,0,0,0,0,0,0,0,0,0,1,0,0
i need this because i feel ungrateful and seeing what i need makes me feel sad,18880,0,0,0,0,0,0,0,0,0,1,0,0
i still feel sad and like i made the wrong decision,19033,0,0,0,0,0,0,0,0,0,1,0,0
im feeling hostile towards the holidays or saddened by them or any other emotion really,19144,0,0,0,0,0,0,0,0,0,1,0,0
i wanted to create this feeling of longing and sadness,19146,0,0,0,0,0,0,0,0,0,1,0,0
i feel regretful and sad about m,19155,0,0,0,0,0,0,0,0,0,1,0,0
i feel no matter how helpless and removed i am i will never let them know the depths of my sadness,19207,0,0,0,0,0,0,0,0,0,1,0,0
i was feeling depressed earlier this year i felt that i was somehow failing as a husband and a person,19228,0,0,0,0,0,0,0,0,0,1,0,0
i dont like pain i observed the fish as they died feeling sad they were calm and accepting of their situation,19233,0,0,0,0,0,0,0,0,0,1,0,0
i feel confused sad and so lonely,19315,0,0,0,0,0,0,0,0,0,1,0,0
im high or drunk im ok ish but for the most part im one of three things happy off the wall depressed and ready to kill myself or im with out feelings like i dont care feel and not in a carefree way more like in a i cant feel short of way,19369,0,0,0,0,0,0,0,0,0,1,0,0
i am no longer feeling so melancholy about things,19383,0,0,0,0,0,0,0,0,0,1,0,0
i had a quarrel with a good friend about the fact that i didnt pay her a visit when she expected me to come hereafter i was very sad because it became a real quarrel,19528,0,0,0,0,0,0,0,0,0,1,0,0
i feel mad upset sad happy,19546,0,0,0,0,0,0,0,0,0,1,0,0
i remember feeling really homesick and sad the first nights of the trip and cried a lot when we were in london but later i got to know some really cool people on my bus and had a blast exploring france austria germany switzerland and venice with them,19577,0,0,0,0,0,0,0,0,0,1,0,0
i feel sad because this country has become my home and i have grown to love everything it has to offer,19601,0,0,0,0,0,0,0,0,0,1,0,0
i should just give these sad feelings to god but im stubborn,19703,0,0,0,0,0,0,0,0,0,1,0,0
i always end up feeling unwelcome and sad,19766,0,0,0,0,0,0,0,0,0,1,0,0
i had planned to stop by steven and sadie s birthday party cause i am a firm believer that everyone deserves to feel popular on their birthday and one more person at a party is one more point popular perhaps,19772,0,0,0,0,0,0,0,0,0,1,0,0
i would caution against feeling victimized by disadvantaged groups,19778,0,0,0,0,0,0,0,0,0,1,0,0
i listened to it for the very first time i really can say that i was deeply feeling every single emotion that the music was displaying such as anger longing strength and even sadness,19798,0,0,0,0,0,0,0,0,0,1,0,0
i says i feel very strongly about supporting same sex weddings through my photography noting that sadly in texas that s not always the case,19860,0,0,0,0,0,0,0,0,0,1,0,0
i am feeling melancholy over the fact that my first born is back off to school,19915,0,0,0,0,0,0,0,0,0,1,0,0
i also have periods of days or sometimes weeks where i do feel legitimately depressed and have a lot of trouble getting out of bed and going about my day,19965,0,0,0,0,0,0,0,0,0,1,0,0
i was feeling a little sad that we didnt have a family trip planned,20003,0,0,0,0,0,0,0,0,0,1,0,0
im feeling shocked and saddened,20056,0,0,0,0,0,0,0,0,0,1,0,0
i start feeling depressed and stop taking care of myself or do i stop taking care of myself and then feel depressed,20065,0,0,0,0,0,0,0,0,0,1,0,0
i must admit im starting to feeling a lil bit nostalgic and sad,20083,0,0,0,0,0,0,0,0,0,1,0,0
i may feel anger sadness regret remorse fear and longing,20087,0,0,0,0,0,0,0,0,0,1,0,0
i feel shocked and deeply saddened by my serious intent my want to have the release that i believed death would gift me,20177,0,0,0,0,0,0,0,0,0,1,0,0
i could actually stop and analyse my feelings is that i am profoundly melancholy,20187,0,0,0,0,0,0,0,0,0,1,0,0
im sad people feel the need to be unkind,20215,0,0,0,0,0,0,0,0,0,1,0,0
i feel i was disadvantaged by my gender,20217,0,0,0,0,0,0,0,0,0,1,0,0
i feel sad for her old family that they missed out on such an awesome little girl who has grown into a fantastic teenager as of thursday of this week,20299,0,0,0,0,0,0,0,0,0,1,0,0
i want to talk about something sad because dominantly i come to my blog just when i feel pressured or just sad that i am so not pretty and talk about all the random things that run around it,20304,0,0,0,0,0,0,0,0,0,1,0,0
i feel more optimistic and less melancholy,20321,0,0,0,0,0,0,0,0,0,1,0,0
i feel kind of disadvantaged this way but i guess i am really in it to lose weight the prize is just a bonus,20349,0,0,0,0,0,0,0,0,0,1,0,0
i have to do it all on my own and feeling burdened resentful sad angry etc about having to do everything on your own shouldering the bulk of financial obligations on your own or family responsibilities or whatever it is,20422,0,0,0,0,0,0,0,0,0,1,0,0
i literally cried whimpered myself to sleep and woke up feeling terrible and completely depressed,20615,0,0,0,0,0,0,0,0,0,1,0,0
i got home feeling pretty depressed why do i bother doing these things i always prove myself right what if im just a dud person thats why i dont do things because i cant do things etc,20665,0,0,0,0,0,0,0,0,0,1,0,0
i am feeling shocked sad and relieved amp that is because i just had the worst dream ever,20749,0,0,0,0,0,0,0,0,0,1,0,0
i just want to curl up in a ball and feel sad for the rest of the day,20756,0,0,0,0,0,0,0,0,0,1,0,0
i always complain nobody listens me up and i am not that expressive to speak out the beats of my heart i have decided to write down whatever comes to my mind at various time of my life my sad feelings the romantic me my ambitions my friends for them who keeps me telling express yourself,20775,0,0,0,0,0,0,0,0,0,1,0,0
im depressed or anything but rain can always make me feel gloomy,20807,0,0,0,0,0,0,0,0,0,1,0,0
i feel like god is prompting us to visit some of the sad places from way back in november,20834,0,0,0,0,0,0,0,0,0,1,0,0
i am feeling and this is not a word i ever use melancholy,20902,0,0,0,0,0,0,0,0,0,1,0,0
i have found myself lately feeling quite discouraged and even sad at times,20908,0,0,0,0,0,0,0,0,0,1,0,0
i read him especially when i feel sad,20963,0,0,0,0,0,0,0,0,0,1,0,0
i feel and hes so stubborn and mean and all i am is sad,20982,0,0,0,0,0,0,0,0,0,1,0,0
i am depressed and i feel less vital than lenny and squiggys last sperm count,21093,0,0,0,0,0,0,0,0,0,1,0,0
i wasn t feeling like blogging somehow melancholy and summertime sadness got the better of me,21111,0,0,0,0,0,0,0,0,0,1,0,0
i feel hesitant to label what i feel sadness,21200,0,0,0,0,0,0,0,0,0,1,0,0
i feel that i can t even understand my body and that makes me even more depressed,21207,0,0,0,0,0,0,0,0,0,1,0,0
i was so looking forward to the trip and feeling really depressed that it might not work out,21229,0,0,0,0,0,0,0,0,0,1,0,0
i am feeling so sad right now,21257,0,0,0,0,0,0,0,0,0,1,0,0
i was feeling a bit melancholy,21287,0,0,0,0,0,0,0,0,0,1,0,0
im feeling sad i remember him which only makes me more sad,21317,0,0,0,0,0,0,0,0,0,1,0,0
i used to discuss with glen helberg how unemployed people are subject to feeling depressed on holidays,21388,0,0,0,0,0,0,0,0,0,1,0,0
i wonder how he feels when were going through struggles hardships pain sadness discontent feeling horrible about ourselves staying in bad situations being abused mistreated,21394,0,0,0,0,0,0,0,0,0,1,0,0
i remember in particular one new years day in high school when i was feeling all tragic and melancholy and generally fifteen year old girl ish,21424,0,0,0,0,0,0,0,0,0,1,0,0
im beautiful when i feel ugly kiss my forehead when i feel unloved make me laugh when i feel sad say cute things to make me laugh,21479,0,0,0,0,0,0,0,0,0,1,0,0
i could not get thrilled i could not get sad and honestly i do not even bear in mind feeling satisfied,21574,0,0,0,0,0,0,0,0,0,1,0,0
im sad and weepy of course but im feeling a little more numb,21614,0,0,0,0,0,0,0,0,0,1,0,0
i find myself having much more time to think about myself without feeling depressed to actually be able to write and imagine without feeling trapped or like i am missing out on something a near constant feeling i have in cities,21643,0,0,0,0,0,0,0,0,0,1,0,0
i went home for a little bit yesterday to feed sweetpea i feel so sad leaving her there but moms is not the place for her,21705,0,0,0,0,0,0,0,0,0,1,0,0
i constantly feel depressed but i know its just because i havent spent nearly enough time with myself or more importantly for myself,21735,0,0,0,0,0,0,0,0,0,1,0,0
i do not get depressed easily however i will feel enraged when things do not go my way,21758,0,0,0,0,0,0,0,0,0,1,0,0
i sometimes feel that our kids are disadvantaged when the inevitable what did you get,21887,0,0,0,0,0,0,0,0,0,1,0,0
i feel a kind of sadness for the television shows and popular culture push for birth mothers who havent finished school and have no real means of support to keep their babies,21917,0,0,0,0,0,0,0,0,0,1,0,0
i sit in the garden of my chambre dhote in the loire valley and surprisingly i do not feel sad,21932,0,0,0,0,0,0,0,0,0,1,0,0
i thought i might feel a little sad about it but truly i am just thrilled to be out there in my cute new dress cheering for my loved ones and friends,21959,0,0,0,0,0,0,0,0,0,1,0,0
i was still feeling bitchy not sad,21995,0,0,0,0,0,0,0,0,0,1,0,0
i don t ever feel insecure or sad,21999,0,0,0,0,0,0,0,0,0,1,0,0
i feel awful and depressed and i don t want to let her know how bad i m doing because she d only tell my nan who d tell my grandad who d tell my dad,22010,0,0,0,0,0,0,0,0,0,1,0,0
i am feeling totally listless weak and super sad,22045,0,0,0,0,0,0,0,0,0,1,0,0
i feel the melancholy of what cannot be seen yet evident upon itself,22166,0,0,0,0,0,0,0,0,0,1,0,0
after the funeral of an acquaintance i felt very depressed that feeling turned into joy when i heard that i had achieved a good grade for an examination,22191,0,0,0,0,0,0,0,0,0,1,0,0
i was feeling depressed i asked myself what i was thinking that felt sad or depressing,22270,0,0,0,0,0,0,0,0,0,1,0,0
i was feeling a bit melancholy that evening as we waited for our table at the bar,22343,0,0,0,0,0,0,0,0,0,1,0,0
i was feeling a bit melancholy and after some reflection put my finger on its source,22395,0,0,0,0,0,0,0,0,0,1,0,0
im feeling slightly melancholy tonight,22414,0,0,0,0,0,0,0,0,0,1,0,0
i seem to go up and down on the emotional scale every day one moment feeling ok with it knowing she is good and will arrive soon and the next im sad frustrated and just want to give birth to meet my little baby,22455,0,0,0,0,0,0,0,0,0,1,0,0
i am told you dont go to funerals to mourn the death but to celebrate the life or you go to funerals to support the remaining family i for one certainly dont feel like celebrating or feel very supportive when i am all sad and or crying at a funeral,22465,0,0,0,0,0,0,0,0,0,1,0,0
i feel sad to leave behind as and are my favorite numbers,22471,0,0,0,0,0,0,0,0,0,1,0,0
i do not feel regretful actually only sad,22529,0,0,0,0,0,0,0,0,0,1,0,0
i was kinda sad and quiet at work and my coworker finally managed to make me feel badly enough for not trusting her that i finally blurted the whole thing out and to my surprise she was just fine about it,22650,0,0,0,0,0,0,0,0,0,1,0,0
i think the movie set out with huge ambition to do something that was not possible within their budget and or time restraints and so the product was something that was left severely lacking and at the end left me feeling melancholy and emotional,22674,0,0,0,0,0,0,0,0,0,1,0,0
i usually come to this sort of virtual diary when im feeling shitty but im much better than i was before so this wont be a sappy post about how im feeling depressed about kait,22718,0,0,0,0,0,0,0,0,0,1,0,0
i continued to tackle my if i have time to do list but i do remember by about thursday feeling a bit of that impatient unmotivation kicking in almost a little depressed that the baby was clearly so content to hang out in utero indefinitely,22864,0,0,0,0,0,0,0,0,0,1,0,0
i feel depressed all the time,22867,0,0,0,0,0,0,0,0,0,1,0,0
i am feeling a little sad today,22868,0,0,0,0,0,0,0,0,0,1,0,0
i allowed myself to know was that where i had always before loved airports for their feeling of adventure and connection now this strange place of terminals and cold clacking heels and overpriced bagels felt deeply sad to me,22886,0,0,0,0,0,0,0,0,0,1,0,0
i felt very sad when i heard that a friend had committed suicide,22949,0,0,0,0,0,0,0,0,0,1,0,0
i feel so helpless and in despair cause your sadness i want a share,22984,0,0,0,0,0,0,0,0,0,1,0,0
i think its ok to feel melancholy,23023,0,0,0,0,0,0,0,0,0,1,0,0
i feel sad when i look at her,23042,0,0,0,0,0,0,0,0,0,1,0,0
i feel grumpy shine when i feel sad shine when i feel hopeless shine when i feel lost shine when i feel like god doesn t hear shine when i feel alone shine when i feel defeated shine regardless of how we feel those emotions will pass but the light we give will last,23067,0,0,0,0,0,0,0,0,0,1,0,0
i thought this little angel was perfect to represent both the sadness i feel but also the hope and protection that angels always symbolize to me and that i am sending out to all those who are still suffering,23073,0,0,0,0,0,0,0,0,0,1,0,0
im feeling so sad and emo ish,23125,0,0,0,0,0,0,0,0,0,1,0,0
i know that it is not always easy we feel depressed we want to eat food that will harm us but try starting with a healthy breakfast and then go from there,23260,0,0,0,0,0,0,0,0,0,1,0,0
i could have easily believed that it has nothing to do with me as a person or how i look or whatever but my self esteem took a negative dip and i started to feel very depressed sitting alone in public,23316,0,0,0,0,0,0,0,0,0,1,0,0
i had free hours to spare id play as peshe and kafka and id have a great time and id feel less listless and sad if only for talking to you every day but right now i feel pretty much incompetent and shitty compared to all my peers at risd,23336,0,0,0,0,0,0,0,0,0,1,0,0
my boyfriend is a soldier he was on a leave i felt sad when we had to get separated again,23343,0,0,0,0,0,0,0,0,0,1,0,0
i feel slightly saddened to know that some of the kids have also resigned during my absence,23415,0,0,0,0,0,0,0,0,0,1,0,0
i dont know how fair wilburs judgment of plath is and i feel empathy for her suffering and sadness that she lost her battle one that i know is brutal,23449,0,0,0,0,0,0,0,0,0,1,0,0
i can tell that you are sensing that something big is coming something that will change things around here for good and it makes me sort of sad because it causes you to feel unsure but you know what,23493,0,0,0,0,0,0,0,0,0,1,0,0
i was really upset about it and still feel sadness but i am convinced that if it is meant to be it will happen,23551,0,0,0,0,0,0,0,0,0,1,0,0
im feeling a bit melancholy for some reason so im not going to post further for now but hopefully this re discovery of my old thoughts and goals will help me to re align my focus a bit,23562,0,0,0,0,0,0,0,0,0,1,0,0
im feeling sad or lonely,23723,0,0,0,0,0,0,0,0,0,1,0,0
i feel melancholy and homesick,23732,0,0,0,0,0,0,0,0,0,1,0,0
i woke up feeling profoundly depressed,23831,0,0,0,0,0,0,0,0,0,1,0,0
i feel my dreams are just melancholy memories replaying i my mind while im asleep,23859,0,0,0,0,0,0,0,0,0,1,0,0
ill admit up front that the sexual misadventures of a year old white guy arent really going to move me much so i was feeling rather hostile toward the start of the novel,23882,0,0,0,0,0,0,0,0,0,1,0,0
im still in my pajamas feeling less handsome and more homely less prodigious and more pitiful and i dont know whether it is sad thing nor a liberating thing,24039,0,0,0,0,0,0,0,0,0,1,0,0
i am easily rubbed the wrong way and i feel cranky and sad all at once,24103,0,0,0,0,0,0,0,0,0,1,0,0
i wrote a status in my bbm a friend who claims not feel disgusted of anything you do because i know you too long said that sometimes i feel happy to know that you are sad,24114,0,0,0,0,0,0,0,0,0,1,0,0
i was feeling really lonely in my grief and heavy with sadness and thats when god used one of my daughters to whisper to my heart that he cared and was listening more than i realized,24127,0,0,0,0,0,0,0,0,0,1,0,0
i cannot help but feel an overwhelming amount of discontent and sadness with what is going on in my life,24224,0,0,0,0,0,0,0,0,0,1,0,0
i have since donated hair to this cause before and its one of the best feelings in the world to know you are helping a financially disadvantaged child in need,24276,0,0,0,0,0,0,0,0,0,1,0,0
i am seriously sad that i feel like i have missed out,24279,0,0,0,0,0,0,0,0,0,1,0,0
i shouldnt be feeling so sad ill be seeing them soon,24304,0,0,0,0,0,0,0,0,0,1,0,0
i am feeling fine other than feeling big and sad that im not working out at all,24317,0,0,0,0,0,0,0,0,0,1,0,0
i like that because in the past i have lived under a lot of depressed feelings suffering under the idea that things would never get any better but only worse,24383,0,0,0,0,0,0,0,0,0,1,0,0
im feeling so horribly depressed today more than usual,24441,0,0,0,0,0,0,0,0,0,1,0,0
im a terrible correspond er and when im feeling depressed or overwhelmed i dont feel like baring my soul to the public a nearly constant condition for me and i hope for my blog to be a little more personal to my thoughts and feelings than simply a photo album brag fest about everything fun we do,24456,0,0,0,0,0,0,0,0,0,1,0,0
i didnt get the rd day blues this time either although ive definitely been feeling a bit sad and hormonal every so often just because its all gone so fast and im really sad that its our last little newborn,24459,0,0,0,0,0,0,0,0,0,1,0,0
i tell myself to let go there is a sadness alongside the feeling of being free,24552,0,0,0,0,0,0,0,0,0,1,0,0
i am feeling messy and confused and a bit depressed,24566,0,0,0,0,0,0,0,0,0,1,0,0
i was feeling irritated or even sad for no reason,24761,0,0,0,0,0,0,0,0,0,1,0,0
im feeling all melancholy and i really hate that,24841,0,0,0,0,0,0,0,0,0,1,0,0
i feel as if i am sad over nothing,24922,0,0,0,0,0,0,0,0,0,1,0,0
i feel like after this im just going to go out at prepare myself for another vigorous week of serving the lord but sadly i know that isnt true,25002,0,0,0,0,0,0,0,0,0,1,0,0
i feel broke and i am so very very very depressed i miss him so much but i am so very glad that he was in my life because he brought me great great joy and happiness,25058,0,0,0,0,0,0,0,0,0,1,0,0
i started feeling sad about friendships,25092,0,0,0,0,0,0,0,0,0,1,0,0
i want to be feeling happiness and melancholy alike are a must even failure,25150,0,0,0,0,0,0,0,0,0,1,0,0
i knew that it had been nineteen years since the last movie indiana jones and the last crusade and i had a feeling that lucas and spielberg were going to try and make a movie that would not only satisfy the faithful but attract a whole new fan base as well,25178,0,0,0,0,0,0,0,0,0,1,0,0
i feel so disadvantaged and alone in life i know others have it far worse but thats not my point here,25297,0,0,0,0,0,0,0,0,0,1,0,0
i have a lot to learn but when i feel discouraged and depressed and embarrassed to even show my face because i am so terrible at it i just dont care,25300,0,0,0,0,0,0,0,0,0,1,0,0
i feel listless sluggish and endlessly sad,25349,0,0,0,0,0,0,0,0,0,1,0,0
ive been feeling pretty melancholy lately,25451,0,0,0,0,0,0,0,0,0,1,0,0
i left feeling helpless and more than a little sad,25479,0,0,0,0,0,0,0,0,0,1,0,0
im sure he was feeling a little helpless upon receiving my sad text messages but luckily for him he had unknowingly planned ahead,25560,0,0,0,0,0,0,0,0,0,1,0,0
i am not depressed exactly it s just i want to motivate myself to do art or to do something to make money so i can feel i can survive in this world without anybody supporting me financially,25595,0,0,0,0,0,0,0,0,0,1,0,0
i that wasnt and then the anger of the friend when you noticed that ring and i didnt feel joyful i felt sad and sadness,25653,0,0,0,0,0,0,0,0,0,1,0,0
i feel joy with a bit of melancholy for spice,25669,0,0,0,0,0,0,0,0,0,1,0,0
i feel like i should just quit everything sit in my room all day and write sad poetrys about my existential angst,25670,0,0,0,0,0,0,0,0,0,1,0,0
i treasure all the actual physical hugs and kisses that we ve shared but at least our skype dates help me feel less lonely and depressed about not being near him,25677,0,0,0,0,0,0,0,0,0,1,0,0
im feeling a little melancholy as i listen to this song,25684,0,0,0,0,0,0,0,0,0,1,0,0
i feel sad that humans have this kind of behavior going on in the human condition when humanity has so much potential,25694,0,0,0,0,0,0,0,0,0,1,0,0
i dont even know how to describe how i feel its like im sad but i can understand his decision but i cant control myself to not be mad at him,25698,0,0,0,0,0,0,0,0,0,1,0,0
i want to talk to someone who can professionally ask me the questions i m not asking myself and someone for whom i don t feel a need to fake it if i m in one of those sad moods to keep them from worrying,25712,0,0,0,0,0,0,0,0,0,1,0,0
i can still feel sad because i want to,25743,0,0,0,0,0,0,0,0,0,1,0,0
i feel depressed concerned that if this doesn t pan out i ll never get to actually do what i want to do with my life,25759,0,0,0,0,0,0,0,0,0,1,0,0
i wasnt the least feeling mellow or depressed and the song itself isnt a sad song,25763,0,0,0,0,0,0,0,0,0,1,0,0
im so fucking sick of stressing over this crying being depressed over something i shouldnt have to be worried about i feel like not caring but i cant,25880,0,0,0,0,0,0,0,0,0,1,0,0
i feel cranky sad tired and have a head ache,25937,0,0,0,0,0,0,0,0,0,1,0,0
i know that getting disillusioned on this sort of thing while in your mid s is pretty sad but i m feeling kind of disillusioned right now and i don t like it,25939,0,0,0,0,0,0,0,0,0,1,0,0
i felt a little sad about the things i could have approached differently this year but mostly i feel hopeful about these next three months,25963,0,0,0,0,0,0,0,0,0,1,0,0
i wont ask you to meditate i wont ask you to plan a trip i wont ask you to exercise or sleep more to be happy my suggestion would make you the happiest always without fail whenever you feel depressed or you feel lonely spend some time with some dogs talk to them,26007,0,0,0,0,0,0,0,0,0,1,0,0
i have been taking about mg of extended release morphine a day and now that i professort have any i feel shaky sweaty with an increment of i get goosebumps on my cladding added to i get depressed about what i have finished to myself exigent to think close by how i did this,26034,0,0,0,0,0,0,0,0,0,1,0,0
i started feeling very isolated and sad but that was last year,26056,0,0,0,0,0,0,0,0,0,1,0,0
i feel is a disadvantaged position,26158,0,0,0,0,0,0,0,0,0,1,0,0
i feel helpless like i want to hurl over and just cave in to the sadness trying to devour me,26300,0,0,0,0,0,0,0,0,0,1,0,0
i just feel very weepy and sad and kinda alone,26377,0,0,0,0,0,0,0,0,0,1,0,0
i normally feel then i just felt so melancholy,26450,0,0,0,0,0,0,0,0,0,1,0,0
i was feeling all depressed about fabric prices and about how much money this hobby costs,26594,0,0,0,0,0,0,0,0,0,1,0,0
i recognize that i might not ever be better to the point of feeling like my sadness has resolved but will have days where i am ok,26688,0,0,0,0,0,0,0,0,0,1,0,0
i messed up a lot and when i messed up i feel depressed and eating is my outlet so lets keep messing up and have a piece of cheesecake,26937,0,0,0,0,0,0,0,0,0,1,0,0
i feel heartbroken that such a work of art is stricken with sadness,27145,0,0,0,0,0,0,0,0,0,1,0,0
i now feel depressed on and off,27197,0,0,0,0,0,0,0,0,0,1,0,0
i feel really sad inside,27198,0,0,0,0,0,0,0,0,0,1,0,0
i feel a little melancholy grumpy and horrible ive been to people i like and am fond of,27409,0,0,0,0,0,0,0,0,0,1,0,0
i am feeling so thrilled that i am moving forward with a plan for my achy back which was making me very sad each day,27474,0,0,0,0,0,0,0,0,0,1,0,0
i love my boys but i do sometimes feel sad knowing that i will never have a daughter,27594,0,0,0,0,0,0,0,0,0,1,0,0
i am feeling sort of melancholy really,27782,0,0,0,0,0,0,0,0,0,1,0,0
i do not feel an overwhelming amount of sadness i feel numb and indifferent and when someone gets me to talk about it i dissolve into tears and completely feel everything hitting me at once and then at some point in the day id be so happy i can just construct a rainbow out of my butt,27784,0,0,0,0,0,0,0,0,0,1,0,0
i view the trials of others in a different light its sad and i feel awful for their pain but i have faith in gods plan for them as well,27827,0,0,0,0,0,0,0,0,0,1,0,0
i would leave all my hobbies and dedicate all my time to reading and learning and then i started asking myself why i was feeling so stressed and i even became depressed at one point astughfurallah,27957,0,0,0,0,0,0,0,0,0,1,0,0
i feel incredibly remorseful for that but i just dont know how to make the sadness and stress stop,27995,0,0,0,0,0,0,0,0,0,1,0,0
i feel you getting frantic close and just before you do you pull out and turn me around surprised i move easily for you,882,0,0,0,0,0,0,0,0,0,0,1,0
i feel like it s going to be something shockingly amazing,938,0,0,0,0,0,0,0,0,0,0,1,0
i was a child this song makes me smile because i was brought up the mediterranean because you only love the sea when you feel it in your bones when it makes you frightened and when it surprise you every day somehow so many ways,1905,0,0,0,0,0,0,0,0,0,0,1,0
ive had that vomity shocked feeling from jealousy before and its not something you want to keep feeling and its definitely something you want to get resolved as soon as possible,3698,0,0,0,0,0,0,0,0,0,0,1,0
im shocked i feel my own little problems put into perspective and i feel heartache for the innocent lives that have been ended,4352,0,0,0,0,0,0,0,0,0,0,1,0
i could listen for hours without feeling either threatened or the slightest bit shocked,4398,0,0,0,0,0,0,0,0,0,0,1,0
i am down pounds feel fantastic and were shocked to have discovered what i had been going through this past year,4848,0,0,0,0,0,0,0,0,0,0,1,0
i was feeling calm luckily was not shocked because in my mind i ve been thinking to get standby no matter what was the outcome of the result,5092,0,0,0,0,0,0,0,0,0,0,1,0
i remember feeling more amused than sensing that i was in any real danger however i must have been experiencing a little bit of shock,5714,0,0,0,0,0,0,0,0,0,0,1,0
i am not surprised that some people may be feeling outraged at the terrible environmental consequences of the logging and the dam and after seeing how their leaders have betrayed them are now turning to higher authorities divine help as a last resort,5801,0,0,0,0,0,0,0,0,0,0,1,0
i know you still feel surprised about this thinking what could you have done to deserve it,6169,0,0,0,0,0,0,0,0,0,0,1,0
i feel shocked to realize that whatever were talking about were both seeing understanding in the same way,6204,0,0,0,0,0,0,0,0,0,0,1,0
i have a feeling i ll be unpleasantly surprised with the results,6278,0,0,0,0,0,0,0,0,0,0,1,0
i remember feeling surprised and wondering why he had dropped us there,6665,0,0,0,0,0,0,0,0,0,0,1,0
i think about it i start to feel very shocked that she would undergo such a drastic change,6783,0,0,0,0,0,0,0,0,0,0,1,0
i am feeling continually surprised if not completely in awe of my display of patience over the last weeks towards my ever changing and sometimes challenging daughter,6959,0,0,0,0,0,0,0,0,0,0,1,0
i was surprised to find out that even my mother the most outgoing person ever born on planet earth feels shy sometimes,7049,0,0,0,0,0,0,0,0,0,0,1,0
i dont wanna limit how i express myself in my blog so dont be shocked right now when i say im feeling real fucked up,7151,0,0,0,0,0,0,0,0,0,0,1,0
im still in shock that i would do something so dumbass and publically stupid and not feel humiliated that we were two people swaying in a store and trading lines of a song,7162,0,0,0,0,0,0,0,0,0,0,1,0
i will admit im feeling it but im not at all surprised,7261,0,0,0,0,0,0,0,0,0,0,1,0
i wish i didnt feel and yet i am often times surprised by my inability to transcend this being a woman thing,7385,0,0,0,0,0,0,0,0,0,0,1,0
i is distraught her eyes go so wide and glazed over that you really feel shes shocked and horrified,7581,0,0,0,0,0,0,0,0,0,0,1,0
i look at these charts the only surprise i feel is that others are surprised at the us economy s ongoing swoon whenever any of the three dead economist s prescriptions are reversed,7661,0,0,0,0,0,0,0,0,0,0,1,0
i was still very much a kid but i remember being told he had died and feeling shocked,7900,0,0,0,0,0,0,0,0,0,0,1,0
i feel shocked have i become that old,8196,0,0,0,0,0,0,0,0,0,0,1,0
i tried not to feel shocked that my baby girl had exchanged blood with a vampire,8232,0,0,0,0,0,0,0,0,0,0,1,0
i feel you will end up surprised to uncover the way in which useful and also pleasurable they really are for the whole family,8276,0,0,0,0,0,0,0,0,0,0,1,0
i and will be pleasantly surprised and vote heavily for him but i have a feeling a dignified comeback will have to make do for mr johnson this time around,8293,0,0,0,0,0,0,0,0,0,0,1,0
i feel surprised how much i do not miss,8383,0,0,0,0,0,0,0,0,0,0,1,0
i feel privledged to know him and im shocked to have actually had sex with him,8510,0,0,0,0,0,0,0,0,0,0,1,0
i am sure it wont be the first time i will feel this as a parent but i am shocked that i feel guilty before they even have come,8564,0,0,0,0,0,0,0,0,0,0,1,0
i finish making the list feeling content and a little surprised at my good fortune,8737,0,0,0,0,0,0,0,0,0,0,1,0
i feel like i m not even shocked by that anymore,8836,0,0,0,0,0,0,0,0,0,0,1,0
i feel as if i look shocked,9519,0,0,0,0,0,0,0,0,0,0,1,0
i can feel my hips and feet starting to object but i guess i should not be too surprised as km is the furthest i have ever run in at one time and thats including km on bitumen,9617,0,0,0,0,0,0,0,0,0,0,1,0
i just read over my previous posts and am feeling pretty shocked,9648,0,0,0,0,0,0,0,0,0,0,1,0
i feel shocked all over again,9702,0,0,0,0,0,0,0,0,0,0,1,0
i remember feeling quite shocked that he had seen the movie for my memories of the film were of the scary flying monkeys and the evil witch,9739,0,0,0,0,0,0,0,0,0,0,1,0
i remember feeling shocked that what felt to me not only relatively minor its not like i was serving pizza and beer but good had rankled some people and that while i was celebrating the spirit that day some were suffering under their own spirit of frustration,9918,0,0,0,0,0,0,0,0,0,0,1,0
i feel for this little girl and i am surprised daily that the love i feel for her continues to grow,10032,0,0,0,0,0,0,0,0,0,0,1,0
i have been the receptacle of all these scared of testimonials i feel really shocked,10067,0,0,0,0,0,0,0,0,0,0,1,0
i feel so completely devastated on my knees with the wind knocked out of me in shock in horror so scared and unsure about the terrible events that happened so close to me,10125,0,0,0,0,0,0,0,0,0,0,1,0
i feel moronic for posting a minute ago that i had nothing to give the shock nation when just recently i found a new ti sto track,10171,0,0,0,0,0,0,0,0,0,0,1,0
i feel very surprised that this was something i had never known,10258,0,0,0,0,0,0,0,0,0,0,1,0
im so sorry sorry about tsik sorry that you and eliz are reeling at this grotesque turn of events sorry that that poor little boy was so badly injured sorry that his parents through their shock and pain feel that this is the only acceptable course of action,10376,0,0,0,0,0,0,0,0,0,0,1,0
i am now feeling surprised that i am nearing the end of my days,10404,0,0,0,0,0,0,0,0,0,0,1,0
i feel its very underrated and im surprised it has yet to take off,10513,0,0,0,0,0,0,0,0,0,0,1,0
i am today reading shins english debut touching us readers on the korea times feeling surprised and proud at the same time,10545,0,0,0,0,0,0,0,0,0,0,1,0
i just thought that this was something that i needed to dive into and see what could happen and still all these years into it i feel kind of surprised a lot days that i am seventeen years into it,10593,0,0,0,0,0,0,0,0,0,0,1,0
i still feel devastated and shocked,10618,0,0,0,0,0,0,0,0,0,0,1,0
i purple month doesnt feel surprised in fact zhuo feng up many pupils all clear xiao her identity dont even say main star feng of young,10707,0,0,0,0,0,0,0,0,0,0,1,0
i came in with low expectations and a vaguely bad feeling and was pleasantly surprised,10709,0,0,0,0,0,0,0,0,0,0,1,0
im feeling a bit shocked that this is really hillarys cell phone number but she answers its her voice,10754,0,0,0,0,0,0,0,0,0,0,1,0
i feel shocked dancing on screen ileana amp via apherald width height break case gplus window,11057,0,0,0,0,0,0,0,0,0,0,1,0
i heaved my suitcase from the trunk of my friend s car and received ecstatic hugs of welcome from my parents as they rushed onto the driveway the feeling that hit when i glanced at my house surprised me,11100,0,0,0,0,0,0,0,0,0,0,1,0
i head back to all familiar places a backpacker asks me directions i feel surprised to hear my voice its been a whole day of internal monologue,11135,0,0,0,0,0,0,0,0,0,0,1,0
i feel stunned shocked,11225,0,0,0,0,0,0,0,0,0,0,1,0
i feel totally shocked though it was me who made the choice and it was him who was shocked,11361,0,0,0,0,0,0,0,0,0,0,1,0
i kept feeling weird sensations somewhere between being burned and being shocked from the inside out,11365,0,0,0,0,0,0,0,0,0,0,1,0
i have a feeling readers will be pleasantly surprised by it and perhaps they will go through my project twice comparing the imagery of both books,11568,0,0,0,0,0,0,0,0,0,0,1,0
i dont really know how i should feel im shocked really,11664,0,0,0,0,0,0,0,0,0,0,1,0
i feel so surprised la,11796,0,0,0,0,0,0,0,0,0,0,1,0
i am not the only one who feels this way though i am not surprised with my revelation with her,11883,0,0,0,0,0,0,0,0,0,0,1,0
im honest im surprised at myself for feeling so emotional about it all having adopted a rather juvenile sneer against heaney as a bored year old in school,12006,0,0,0,0,0,0,0,0,0,0,1,0
i recall feeling very shocked,12036,0,0,0,0,0,0,0,0,0,0,1,0
i still feel surprised and horrified whenever i think about what happened,12143,0,0,0,0,0,0,0,0,0,0,1,0
i was taken aback feeling so surprised as i am not expecting he will bring me over there today,12170,0,0,0,0,0,0,0,0,0,0,1,0
i sometimes feel shocked,12172,0,0,0,0,0,0,0,0,0,0,1,0
i did not feel anger towards her none actually which surprised me,12327,0,0,0,0,0,0,0,0,0,0,1,0
i feel surprised when my friends surprise me,12690,0,0,0,0,0,0,0,0,0,0,1,0
i honestly didn t feel as if i did so i m surprised though i suppose i shouldn t be,12748,0,0,0,0,0,0,0,0,0,0,1,0
i have the pleasure of working with made me feel any less because i m a writer and editor if anything i ve been pleasantly surprised by the level of respect they have for what i do,12855,0,0,0,0,0,0,0,0,0,0,1,0
i guess it surprised me that i d be feeling homesick so soon,12876,0,0,0,0,0,0,0,0,0,0,1,0
i could almost feel the shocked gazes of his band mates at the fact that he would surely notice me there and no one not especially i could imagine what reaction we would get,12999,0,0,0,0,0,0,0,0,0,0,1,0
i feel shocked and horrified that suicide has touched the lives of people i care about,13057,0,0,0,0,0,0,0,0,0,0,1,0
i remember feeling stunned and shocked,13265,0,0,0,0,0,0,0,0,0,0,1,0
i am feeling a little bit stronger and i am still shocked by how weak and pretty much worthless that i am,13311,0,0,0,0,0,0,0,0,0,0,1,0
i feeled surprised,13361,0,0,0,0,0,0,0,0,0,0,1,0
i remember feeling shocked when something i had experienced as a very kind and helpful act by my partner had raised resentment in him as he helped me,13429,0,0,0,0,0,0,0,0,0,0,1,0
i have a feeling even barack obama is surprised by how much he has been able to accomplish in tearing america down in less than six years,13479,0,0,0,0,0,0,0,0,0,0,1,0
i had not expected to feel a connection with the car when i got in and drove it but boy was i surprised,13510,0,0,0,0,0,0,0,0,0,0,1,0
i feel like laying next to you again firstly i was shocked what was he doing texting me why was he even thinking about me,13531,0,0,0,0,0,0,0,0,0,0,1,0
i remember feeling shocked at how cold my heart was back then,13706,0,0,0,0,0,0,0,0,0,0,1,0
i couldnt shake this feeling in my stomach that i was going to lose him on tuesday maybe it was a defence mechanism to not be taken by surprise perhaps i had given up hope or i had just accepted the fate of death even to my beloved best friend,13811,0,0,0,0,0,0,0,0,0,0,1,0
i knew that mila was an android but i still couldn t help feel shocked and amazed when it was revealed to her,13917,0,0,0,0,0,0,0,0,0,0,1,0
i was pleasantly surprised and feeling pretty smug to have chosen the wild card the weather was good the trails were fun the food was great and we stayed in a really beautiful place,13976,0,0,0,0,0,0,0,0,0,0,1,0
i was feeling and once again told me how surprised everyone was that i was doing so well considering everything my body had gone through monday,14462,0,0,0,0,0,0,0,0,0,0,1,0
i love they way they feel in my hand im sort of shocked i dont have some psycho fetish,14467,0,0,0,0,0,0,0,0,0,0,1,0
i have a feeling that many of us were surprised to see it coming and a bit more realism on stanford s part during the early years might be useful,14595,0,0,0,0,0,0,0,0,0,0,1,0
i feel awful that i cant remember her name right now but i was at work and caught a little off guard by the surprise call so my brain was a bit scattered and frazzles,14781,0,0,0,0,0,0,0,0,0,0,1,0
i gave my child who seemed a bit shocked a hug before sending him back to our seats i couldnt go back with him her because my legs were feeling too shaky after the whole incident but i went and joined my family after a while,14971,0,0,0,0,0,0,0,0,0,0,1,0
i feel legitimately shocked and can t even bring myself to pick at it,15016,0,0,0,0,0,0,0,0,0,0,1,0
i feel guilt that i had been too shocked to form cohesive thoughts and verbalize the questions that were in my head,15087,0,0,0,0,0,0,0,0,0,0,1,0
i am sure that my view of things are way different than everyone else s but it s just that it is my view and how i feel i most of the time keep my thought on this kind of thing to myself but i just find it funny how surprised and upset people are that obama has won,15091,0,0,0,0,0,0,0,0,0,0,1,0
i feel i was shocked when i logged into this blog and i found myself with almost more views since the last time i logged on,15135,0,0,0,0,0,0,0,0,0,0,1,0
im feeling still a little shocked that i am even pregnant,15204,0,0,0,0,0,0,0,0,0,0,1,0
i took the time to do all my practice and without a surprise i feel terrific,15448,0,0,0,0,0,0,0,0,0,0,1,0
i feel so shocked i always feel very shocked when he yells at me like that,15753,0,0,0,0,0,0,0,0,0,0,1,0
i have a feeling i m going to surprise quite a few people as i appear pleasant and mild mannered on the outside,15789,0,0,0,0,0,0,0,0,0,0,1,0
i am telling to do materialistic love but just think how would you feel when youll get a surprise from you loved one,15830,0,0,0,0,0,0,0,0,0,0,1,0
i feel still like such a child myself yet those kids who i tutor are shocked that i am not married,15831,0,0,0,0,0,0,0,0,0,0,1,0
i find myself thinking about how the students feel which obviously i understand but also i find myself showing teacher like characteristics which has really surprised me,15952,0,0,0,0,0,0,0,0,0,0,1,0
i feel like every time isla opens her eyes she looks so surprised,16027,0,0,0,0,0,0,0,0,0,0,1,0
i feel sure surprised many given as they border on the heavy,16319,0,0,0,0,0,0,0,0,0,0,1,0
i get the feeling that most people are somewhat shocked that the president is unaware of soaring fuel prices,16398,0,0,0,0,0,0,0,0,0,0,1,0
i was surprised on how nicely and quickly it worked the quick absorption and grease free feeling and the smell was very pleasant for it smelled of mild mild nature not of chemical spf,16511,0,0,0,0,0,0,0,0,0,0,1,0
i put my pen to paper and made a list of things i want to feel in and i was surprised to find how much easier it was to define my goals once i had defined my feelings,16630,0,0,0,0,0,0,0,0,0,0,1,0
i remember feeling really surprised as the strawberries weren t spoiled afterward instead it turned into a peachy color and lots of small strawberries started to float into the sky,16727,0,0,0,0,0,0,0,0,0,0,1,0
i know you re feeling shocked too,16730,0,0,0,0,0,0,0,0,0,0,1,0
i feel you will be shocked to seek out how instructional and fun they in reality are for all the family,16808,0,0,0,0,0,0,0,0,0,0,1,0
i just feel they are either amazed shocked or just plain dumbfounded,16847,0,0,0,0,0,0,0,0,0,0,1,0
i asked myself feeling so idiotic that it surprised me i usually feel idiotic but never to that degree img src http mithunkotian,16940,0,0,0,0,0,0,0,0,0,0,1,0
i koyama had been especially worried hellip just like the scolding from tackey had been especially frightening but when it came from the younger members of kisumai and abc he could help but feel shocked,17056,0,0,0,0,0,0,0,0,0,0,1,0
i remember feeling shocked when people started to ask me for food and weight loss advice but i just never in a million years expected to be pushing others to run and helping them train,17078,0,0,0,0,0,0,0,0,0,0,1,0
i look back at my older pics and feel shocked and wonder feel amazed that i was so skinny before,17135,0,0,0,0,0,0,0,0,0,0,1,0
i really feel that seyfried shone in the epilogue of the film which is something i was a bit surprised about,17174,0,0,0,0,0,0,0,0,0,0,1,0
i remember feeling shocked silent and scared the first time martha openly discussed death with me,17234,0,0,0,0,0,0,0,0,0,0,1,0
i feel shocked dancing on screen ileana description i feel shocked dancing on screen ileana width height break case vimeo window,17406,0,0,0,0,0,0,0,0,0,0,1,0
i was surprised as i didn t feel at all frightened at the time and as if on auto pilot i followed my training instructions to the letter,17447,0,0,0,0,0,0,0,0,0,0,1,0
i feel like everything is rushing towards me and i am too surprised to do anything,17660,0,0,0,0,0,0,0,0,0,0,1,0
i couldnt help feeling the bride was a little surprised,17750,0,0,0,0,0,0,0,0,0,0,1,0
i feel shocked right through with the both of you its no problem of mine but its a problem i find living a life that i cant leave behind,17771,0,0,0,0,0,0,0,0,0,0,1,0
i still feel and am shocked that im getting closer to,17913,0,0,0,0,0,0,0,0,0,0,1,0
i am confused to the strange one piece setting while as the presentation sweets perform much better than savories but i was so shocked and feel uncomfortable when i noticed that black stone plate is sweating guessing it is taken out directly from frozen fridge,17923,0,0,0,0,0,0,0,0,0,0,1,0
i know they will feel just as shocked as i was by this,17933,0,0,0,0,0,0,0,0,0,0,1,0
i feel it change is all around me and i m pretty surprised with what it brought to and subtracted from my life,18060,0,0,0,0,0,0,0,0,0,0,1,0
i feel i wasn t as surprised as i thought i would be to find out that i was baby lagged,18182,0,0,0,0,0,0,0,0,0,0,1,0
i feel like i have been contracting quite a bit like i did with jules so i have been surprised that im not more dilated,18370,0,0,0,0,0,0,0,0,0,0,1,0
i think it was i don t guarantee i m recollecting this accurately my interest is in the yearning feeling not the supporting details so if someone is interested in the details they should check them out themselves and i was so surprised by how he precessed his experience,18472,0,0,0,0,0,0,0,0,0,0,1,0
i hope to feel i had been surprised upon return from the hospital because i didnt feel terrifically worse from treatment,18625,0,0,0,0,0,0,0,0,0,0,1,0
i was left feeling a bit overwhelmed shocked and emotionally exhausted and yet content that i had chosen to visit and learn from somewhere that actually understood the spectrum of what had happened but i was glad that i had left this museum to last,18640,0,0,0,0,0,0,0,0,0,0,1,0
i get this feeling a lot so i wouldnt be surprised if i did,18650,0,0,0,0,0,0,0,0,0,0,1,0
i cared that he won which is way more intense a feeling than i would have felt had i simply been surprised that he won,18748,0,0,0,0,0,0,0,0,0,0,1,0
i tell them i am feeling some pressure they are shocked when im at a and ready to go,18907,0,0,0,0,0,0,0,0,0,0,1,0
i feel shocked and grateful at the same time,19154,0,0,0,0,0,0,0,0,0,0,1,0
i feel as if i recently was shocked back to life exactly half an hour ago,19247,0,0,0,0,0,0,0,0,0,0,1,0
i didnt really feel like celebrating i was too shocked and more on that below but it seemed important to celebrate so i wanted to do it anyway,19336,0,0,0,0,0,0,0,0,0,0,1,0
i started to feel the difference in my body i was shocked by the results,19713,0,0,0,0,0,0,0,0,0,0,1,0
i feel excessively nervous or im totally relaxed no inbetween the shock hits and i cant breathe,19741,0,0,0,0,0,0,0,0,0,0,1,0
i feel so not up for anything god throws a pleasant surprise to me,19759,0,0,0,0,0,0,0,0,0,0,1,0
i cant put my foot on the ground without me feeling like ive just been shocked by a billion volt power plant,20061,0,0,0,0,0,0,0,0,0,0,1,0
i feel in a kind of shocked,20089,0,0,0,0,0,0,0,0,0,0,1,0
i am really surprised and frankly i feel pretty beaten up,20285,0,0,0,0,0,0,0,0,0,0,1,0
i was rather shocked at this piece of news and went away a bit miffed feeling a mixture of hurt and narcissistic anger perhaps there is no difference between the two,20286,0,0,0,0,0,0,0,0,0,0,1,0
i feel that i am perpetually surprised and ive been ignoring it because it disrupts a convenient label that ive been using to protect myself from certain thoughts or actions,20374,0,0,0,0,0,0,0,0,0,0,1,0
i feel surprised and silent but when my teacher leave me im continue to chat,20689,0,0,0,0,0,0,0,0,0,0,1,0
i didn t feel all that surprised by this ending,20851,0,0,0,0,0,0,0,0,0,0,1,0
i feel shocked when i saw at the visitors widget at lest sidebar of my blog that the first country is malaysia with visitors second us united state with visitors,20887,0,0,0,0,0,0,0,0,0,0,1,0
i feel like ive definitely shocked my system lol,21136,0,0,0,0,0,0,0,0,0,0,1,0
i come on here and see what i see and i feel so shocked,21311,0,0,0,0,0,0,0,0,0,0,1,0
i jerked myself awake in shock feeling so frightened and alone until i realised you were right there next to me,21342,0,0,0,0,0,0,0,0,0,0,1,0
i have a feeling that the weight loss came more from the lack of appetite than the exercise and i would not be the least bit surprised to find my calves have grown by next week,21457,0,0,0,0,0,0,0,0,0,0,1,0
i felt the feeling of being shocked,21545,0,0,0,0,0,0,0,0,0,0,1,0
im shocked and feeling annoyed because its clear the guys from the day shift arent doing their jobs if theres that many in a cell,21639,0,0,0,0,0,0,0,0,0,0,1,0
i received a leaflet through my door and to be honest i feel shocked with it s content leave a comment,21707,0,0,0,0,0,0,0,0,0,0,1,0
i imagine this scene i get the feeling that the apostles were just as surprised as everyone else,21766,0,0,0,0,0,0,0,0,0,0,1,0
i remember when i first came to hargeisa one of my first impressions was a feeling of joy but shocked at how dirty and unkept the city was,21829,0,0,0,0,0,0,0,0,0,0,1,0
i feel like when i go into labor with remington i will probably be surprised unless i go passed my due date which i doubt i will but never say never lol,21980,0,0,0,0,0,0,0,0,0,0,1,0
i leave feeling shocked,22077,0,0,0,0,0,0,0,0,0,0,1,0
i worried about how much ground i d lost and expected that i d feel like i was starting over but i was pleasantly surprised with how quickly i regained my strength,22269,0,0,0,0,0,0,0,0,0,0,1,0
i got my first one it took weeks then before i stopped catching glimpses of it in my peripheral vision and feeling shocked but i m not noticing this one in the same way,22282,0,0,0,0,0,0,0,0,0,0,1,0
i think gangcai of what you say feeling a bit surprised how could say such words,22408,0,0,0,0,0,0,0,0,0,0,1,0
i stop this feeling of exhausted surprise that anything at all has been achieved and created within the blur of my crazy sleep deprived life,22441,0,0,0,0,0,0,0,0,0,0,1,0
i feel like im so surprised everytime that you do something like that,22810,0,0,0,0,0,0,0,0,0,0,1,0
i just remember feeling shocked and terrified,22823,0,0,0,0,0,0,0,0,0,0,1,0
i know why i have such a strong feeling for the book but i m surprised to find i had no recollection of why i had that feeling,22838,0,0,0,0,0,0,0,0,0,0,1,0
i feel like it s harder and harder to be surprised by movies,22912,0,0,0,0,0,0,0,0,0,0,1,0
i feel it now more than i ever did and sometimes i am almost shocked about my age,23677,0,0,0,0,0,0,0,0,0,0,1,0
i was wandering around feeling like a child on a school trip and learnt things i was surprised i never knew,23958,0,0,0,0,0,0,0,0,0,0,1,0
i feel elissa encompasses a say here thus far she has not commented however i do know she encompasses a special place in rotana and that i will not be shocked if in few days she would get each parties to agree,24054,0,0,0,0,0,0,0,0,0,0,1,0
i realize we all feel this differently because of our own upbringings and perspectives but it surprised me many times to be reminded that others do not see every change as a god given god driven thing,24156,0,0,0,0,0,0,0,0,0,0,1,0
i got a feeling that they were surprised by that strategy,24200,0,0,0,0,0,0,0,0,0,0,1,0
i pointed out just now and out of first spin of the record on my player i ended up feeling quite shocked and somehow intrigued because of what i listened to on pawn hearts,24265,0,0,0,0,0,0,0,0,0,0,1,0
i couldnt show what i was thinking today shock and awe i feel loyal to ptl,24295,0,0,0,0,0,0,0,0,0,0,1,0
i need to make it a point to ask if i have a cc or cc band because last tuesday was my lb support group and when i told them that i have ccs in my band and feel next to nothing they were all shocked,24327,0,0,0,0,0,0,0,0,0,0,1,0
i feel like these days i m always pleasantly surprised by a tomato with any redeeming qualities,24545,0,0,0,0,0,0,0,0,0,0,1,0
i know i have to serve in some way and im feeling grumpy about it or when i feel i should do something just or generous but i dont want to its at those times that god takes me by surprise with how satisfying it is to live rightly and im humbled,24603,0,0,0,0,0,0,0,0,0,0,1,0
i am feeling rather shocked by our reckless behavior,24766,0,0,0,0,0,0,0,0,0,0,1,0
i think each time we realize this about an issue we feel a little surprised,24811,0,0,0,0,0,0,0,0,0,0,1,0
i feel shocked to my core,25055,0,0,0,0,0,0,0,0,0,0,1,0
i feel shocked at how fast and unexpectedly we found ourselves traveling on this path,25094,0,0,0,0,0,0,0,0,0,0,1,0
i wish i didn t feel that way of course and i m surprised at how difficult feelings are coming out of simple tasks in a relaxed atmosphere,25103,0,0,0,0,0,0,0,0,0,0,1,0
ive got a couple of gritty thought processes going around in my brain today and surprise surprise im feeling mournful that i cant have a drink,25174,0,0,0,0,0,0,0,0,0,0,1,0
i have a feeling he wont be surprised,25185,0,0,0,0,0,0,0,0,0,0,1,0
i feel like in the last year especially i ve gone from a girl to a woman and despite how hesitant i have always been about getting older next year i will be twenty four i am surprised at how pleased i am to have done so,25317,0,0,0,0,0,0,0,0,0,0,1,0
i know i have an international audience but even now i feel pleasantly shocked that i can reach certain parts of the world,25358,0,0,0,0,0,0,0,0,0,0,1,0
i know for a fact that if someone knew that you were feeling those things unloved rejected boring it would seriously not only come as a huge surprise but also be shown to be the absolute lie that it is,25674,0,0,0,0,0,0,0,0,0,0,1,0
i was shocked to find myself not feeling pity but being very sympathetic,25790,0,0,0,0,0,0,0,0,0,0,1,0
i am expecting this quarter final to have a similar feel and i was surprised that lukas rosol has been given as many games as this by a number of layers,26065,0,0,0,0,0,0,0,0,0,0,1,0
i will reveal a new song with a brand new feel it will be a pleasant surprise to fans since it is her comeback album after years and she has put in much effort to prepare for it,26071,0,0,0,0,0,0,0,0,0,0,1,0
i was surprised but i didnt feel nervous at all considering this was my first triathlon in almost a year,26075,0,0,0,0,0,0,0,0,0,0,1,0
i dint even feel like opening them but as surprised as one could be i was amazed to see that were all purely my types,26224,0,0,0,0,0,0,0,0,0,0,1,0
i feel at that moment i see their shocked expression when i tell them they are going to die,26235,0,0,0,0,0,0,0,0,0,0,1,0
i do admit to feeling a bit surprised on the rewatch at how sparse some of the other characters are by comparison in this version,26331,0,0,0,0,0,0,0,0,0,0,1,0
i was surprised at my feeling offended,26365,0,0,0,0,0,0,0,0,0,0,1,0
i have been really want to leave traces in the lamb s body yuehua jian shi ru tongue around the pink slip ambiguous lick and suck the buds like the pain i feel like ma could not help but shocked could not help more hard struggle,26418,0,0,0,0,0,0,0,0,0,0,1,0
i says then and it honestly makes tetsuo feels surprised right away because he never really gets such unfriendly reply like that from aki before,26460,0,0,0,0,0,0,0,0,0,0,1,0
i was contemplating the start and how i was feeling and i was surprised to feel as good as i did,26478,0,0,0,0,0,0,0,0,0,0,1,0
i have often observed that at times when it seems i should feel something im surprised by how disconnected i feel to the people and world around me,26498,0,0,0,0,0,0,0,0,0,0,1,0
i feel emotional and tear up but the shock of finishing is almost too much to actually cry,26812,0,0,0,0,0,0,0,0,0,0,1,0
i start flying flipping my wings spreading the wind of love i see earth i feel surprised,26839,0,0,0,0,0,0,0,0,0,0,1,0
i feel happiness joy a pleasant surprise at having the badness to things,27104,0,0,0,0,0,0,0,0,0,0,1,0
i feel a little shocked but in a really happy way as this is the third time in months that i ve won at a href http www,27185,0,0,0,0,0,0,0,0,0,0,1,0
i see someone stopped there and shared a bit with me i still feel surprised and so grateful to see people around interested about whats happen in my little world,27229,0,0,0,0,0,0,0,0,0,0,1,0
i can feel the heat in you should i be surprised,27308,0,0,0,0,0,0,0,0,0,0,1,0
i don t feel shocked or scared when it happens it s just like my body is saying time to get up,27318,0,0,0,0,0,0,0,0,0,0,1,0
i get the feeling he is telling peter many people will be surprised,27362,0,0,0,0,0,0,0,0,0,0,1,0
i feel shocked when i feel my dreams translated into a harsh reality,27541,0,0,0,0,0,0,0,0,0,0,1,0
i feel surprised betrayed and disappointed,27549,0,0,0,0,0,0,0,0,0,0,1,0
i have so many feels god p is totally surprised but pleased oh,27723,0,0,0,0,0,0,0,0,0,0,1,0
i still feel shocked at his behavior,27770,0,0,0,0,0,0,0,0,0,0,1,0
i feel pleasantly surprised to find that many historical hairstyles are not only fetching but completely practical,28058,0,0,0,0,0,0,0,0,0,0,1,0
i love that feeling of going with the flow allowing yourself to be surprised learning to trust in your gut feeling and in effect switching off your mind giving you the liberty to absorb your surroundings and quietly observe your thoughts,28187,0,0,0,0,0,0,0,0,0,0,1,0
im feeling so sally field like these days surprised by all the love and always with a brown mop of hair atop my head,28199,0,0,0,0,0,0,0,0,0,0,1,0
i feel shocked and fearful but it is perhaps my headache and temperature playing tricks on my mind,28243,0,0,0,0,0,0,0,0,0,0,1,0
i feel jumped at the opportunity to work on something anything aside from his startup company and he surprised me with a build of the basic game on my birthday,28336,0,0,0,0,0,0,0,0,0,0,1,0
i was shocked because i was being shouted at and feeling humiliated by the words she threw at me,28742,0,0,0,0,0,0,0,0,0,0,1,0
i feel like one day i am just going to be so surprised when i am able to run for minutes straight because it is just going to creep up on me,28793,0,0,0,0,0,0,0,0,0,0,1,0
im sort of feeling shocked at how far ive come,29066,0,0,0,0,0,0,0,0,0,0,1,0
i adore who watches my gift list and when he knows im feeling unloved he surprises me like this,29464,0,0,0,0,0,0,0,0,0,0,1,0
im thinking about a particularly young child that ive loved and loss ill feel what its like to cradle them in my arms even though every time it happens im happily surprised,29511,0,0,0,0,0,0,0,0,0,0,1,0
i honestly dont know what will happen next because this book is full of surprises but i have a feeling that something bad is going to happen to her,29542,0,0,0,0,0,0,0,0,0,0,1,0
i know what im feeling and boy even im shocked i feel so strongly about someone,29718,0,0,0,0,0,0,0,0,0,0,1,0
i wasn t raised to believe my life should be easy i still feel somewhat surprised and ripped off when it isn t,30260,0,0,0,0,0,0,0,0,0,0,1,0
im super happy with my weight loss progress and how i feel but i was surprised to calculate my current bmi and to find out that im now officially,30430,0,0,0,0,0,0,0,0,0,0,1,0
i still lived in johannesburg in an affluent suburb called northcliff i remember always feeling under siege while there we where shocked by what appeared to be the random shooting of a year old school girl in her drive way,30808,0,0,0,0,0,0,0,0,0,0,1,0
i would rather feel nothing than feel this then do not be surprised if you find your life very depressing and grey and unrewarding,30820,0,0,0,0,0,0,0,0,0,0,1,0
i do have my june measurements and i have to say im a bit surprised ive been feeling so discouraged,30859,0,0,0,0,0,0,0,0,0,0,1,0
i remember hanging up the phone and feeling a sense of grief that surprised me how could i possibly be so broken up about the death of a man i had never met,31018,0,0,0,0,0,0,0,0,0,0,1,0
i was feeling a little surprised at my emotions as i passed all these spectacular landmarks and memories for the last time,31051,0,0,0,0,0,0,0,0,0,0,1,0
im generally very polite to my mum and wouldnt want to hurt her feelings and so she looked a little shocked,31067,0,0,0,0,0,0,0,0,0,0,1,0
i was surprised by the chest pains since i was feeling peaceful at the moment,31153,0,0,0,0,0,0,0,0,0,0,1,0
i feel god will have a special surprise for you,31167,0,0,0,0,0,0,0,0,0,0,1,0
i feel like it s going to be something shockingly amazing,31190,0,0,0,0,0,0,0,0,0,0,1,0
i understood and today i am feeling like im not surprised,31261,0,0,0,0,0,0,0,0,0,0,1,0
i like to know everything so that i feel more in control and therefore cant be surprised,31441,0,0,0,0,0,0,0,0,0,0,1,0
i am not sure what to feel or think i just feel shocked and broken,31638,0,0,0,0,0,0,0,0,0,0,1,0
i love this winter weather im feeling a little bit shocked over it,31913,0,0,0,0,0,0,0,0,0,0,1,0
i walking in the street i always feel the people s surprised look,31951,0,0,0,0,0,0,0,0,0,0,1,0
im definitely feeling surprised and lucky,31961,0,0,0,0,0,0,0,0,0,0,1,0
i am surprised how many make career changes to professions that they feel will enable them to do worthwhile work,31970,0,0,0,0,0,0,0,0,0,0,1,0
i may feel something like a calm normality another may be troubled by dread of an unwanted surprise some forgotten business returning to haunt me,32029,0,0,0,0,0,0,0,0,0,0,1,0
i feel like andrew luck is the only guy who i would be shocked if he did not somehow become a superstar quarterback,32060,0,0,0,0,0,0,0,0,0,0,1,0
im feeling so surprised about that and im certainly aware of a place in my mind that reminds me more than i like that it could all go to hell in a handbasket at any moment,32338,0,0,0,0,0,0,0,0,0,0,1,0
i think after the numbness and shock wear off the worst has been to feel that my work has not been valued that i am being rewarded for my dedication with being shown the door,32362,0,0,0,0,0,0,0,0,0,0,1,0
i would not feel surprised it is possibly the least touched as i don t believe it s a well known title at least not in the u,32522,0,0,0,0,0,0,0,0,0,0,1,0
i can hope for is that we get better at being more open with each other as married couples i think if cheaters learn to open up to the wife about how they are feeling they would be surprised but unfortunately some men feel the answer to their problems is cheating but not all men do that,32582,0,0,0,0,0,0,0,0,0,0,1,0
im feeling sugar shocked,32747,0,0,0,0,0,0,0,0,0,0,1,0
i can certainly answer as to what is my feeling and my feeling is that most of those who have a little bit of involvement were surprised,33106,0,0,0,0,0,0,0,0,0,0,1,0
i got my own dvd and i do hope i can keep it up because i am feeling a lot stronger and im always shocked that its over so soon,33322,0,0,0,0,0,0,0,0,0,0,1,0
i should feel scared cautious or even surprised i do not feel it,33354,0,0,0,0,0,0,0,0,0,0,1,0
ive only known his diagnosis for a short time and i am still processing what ive been told and feeling unsure of what this all means but im surprised how easy it has been to handle,33586,0,0,0,0,0,0,0,0,0,0,1,0
i feel slightly surprised at myself for even considering it,33647,0,0,0,0,0,0,0,0,0,0,1,0
i still feel shocked at the speed with which he was taken away from me,33955,0,0,0,0,0,0,0,0,0,0,1,0
i said hello and pretended to be surprised to see him though id been expecting them and was starting to feel relieved that they hadnt shown up after all,34015,0,0,0,0,0,0,0,0,0,0,1,0
i have a polaroid transfer if you loved me feel like a freak change shocked a group of very shocking pict know,34047,0,0,0,0,0,0,0,0,0,0,1,0
i was in shock when they told me the news and i feel helpless because there is nothing i can do to help just pray for their health,34298,0,0,0,0,0,0,0,0,0,0,1,0
i ko na you know the feeling is talagang shocked,34383,0,0,0,0,0,0,0,0,0,0,1,0
i would let people in on what i was feeling about something and i think it kinda shocked them a bit,34665,0,0,0,0,0,0,0,0,0,0,1,0
i was sitting behind him feeling shocked and upset,34735,0,0,0,0,0,0,0,0,0,0,1,0
i feel you might be surprised at the ending,34862,0,0,0,0,0,0,0,0,0,0,1,0
i feel as though it shouldnt have shocked me like it did but it in fact terrified me,34911,0,0,0,0,0,0,0,0,0,0,1,0
im already feeling the benefits and im surprised at how quickly you see improvements,34912,0,0,0,0,0,0,0,0,0,0,1,0
i finally tried to summarize my feelings i was surprised to find i felt betrated by god,35027,0,0,0,0,0,0,0,0,0,0,1,0
i feel like i should be surprised whenever the neferet or kalona does something evil,35178,0,0,0,0,0,0,0,0,0,0,1,0
i awoke with the same resolve in my heart to be happy execution of that resolve dear old goodloets almost had some of the moss the giddy whirl the summer before when we had built the little clubhouse settlement so that we would no longer feel the limit and limitations to been duly shocked thereat,35266,0,0,0,0,0,0,0,0,0,0,1,0
i went home not feeling estatic but rather just shocked grateful and relieved,35276,0,0,0,0,0,0,0,0,0,0,1,0
i ran a lot by feel i was pleasantly surprised to see my times since these didnt feel too hard although there were only three of them,35443,0,0,0,0,0,0,0,0,0,0,1,0
i wont be surprised if restaurants dress up their stale stuff and get rid of it in a fashion that makes the guests feel delighted and privileged,35827,0,0,0,0,0,0,0,0,0,0,1,0
i lose bits of my mucous plug over the last few months of my pregnancies starting earlier each time but it regenerates so im not bothered by it besides feeling a bit yuck what surprised me was that i could feel bubs head in front of my cervix which explained the aching ligaments and heavy feeling,35931,0,0,0,0,0,0,0,0,0,0,1,0
i was extremely pleasantly surprised with this ice cream i headed in thinking that it was going to be like the tub incident all over again and left feeling satisfied at the product id bought,36040,0,0,0,0,0,0,0,0,0,0,1,0
i think of you i feel shocked a href http www,36103,0,0,0,0,0,0,0,0,0,0,1,0
i realise now that its more of wanting to have the stamina these insane people have pushing myself to the limits feeling the warmth of the muscles and being surprised at how far i can really go vanitys not gonna pull me through this,36166,0,0,0,0,0,0,0,0,0,0,1,0
i feel like most everyone reading this might be surprised to see this so much higher on the list than its a wonderful life,36169,0,0,0,0,0,0,0,0,0,0,1,0
i bought two books noting with the mild shock the rows of danielle steel books as i didn t read romances feeling superior,36384,0,0,0,0,0,0,0,0,0,0,1,0
i feel as if i should be shocked and cowed,36466,0,0,0,0,0,0,0,0,0,0,1,0
i really need to rant because i am feeling damn shocked plus disappointment because i never expect him to do this,36494,0,0,0,0,0,0,0,0,0,0,1,0
i ran off to class feeling a bit shocked and thrilled,36586,0,0,0,0,0,0,0,0,0,0,1,0
i cant believe how good i feel from that nap and im surprised to learn that its am and ive slept nearly hours,36609,0,0,0,0,0,0,0,0,0,0,1,0
i feel as though many people were shocked due to the sudden and painful happenings that have happened,36618,0,0,0,0,0,0,0,0,0,0,1,0
i go for a walk i feel humiliated annoyed rude awkward surprised and happy at some point,36735,0,0,0,0,0,0,0,0,0,0,1,0
i feel shocked and speechless and very grateful said jepsen on new music live,36762,0,0,0,0,0,0,0,0,0,0,1,0
i feel you when i step outside being pleasantly surprised to feel the morning dew sneak down into my bones,36864,0,0,0,0,0,0,0,0,0,0,1,0
i feel so surprised,36917,0,0,0,0,0,0,0,0,0,0,1,0
i was surprised that i did not feel angered or ridiculed at the good natured laughter that followed gwendolyns description,36923,0,0,0,0,0,0,0,0,0,0,1,0
i mean k how if youre lingering around your dead body feeling so shocked that you are dead and alone and then,36930,0,0,0,0,0,0,0,0,0,0,1,0
i am not feeling shocked by the culture,37027,0,0,0,0,0,0,0,0,0,0,1,0
i love noticing and then feeling slightly surprised by synchronicities like this,37055,0,0,0,0,0,0,0,0,0,0,1,0
i suppose i should not feel surprised that im going through a similar emotional journey now,37113,0,0,0,0,0,0,0,0,0,0,1,0
i want you to feel my awe and astonishment at this amazing thing that is happening,37139,0,0,0,0,0,0,0,0,0,0,1,0
i feel about that or what it could be but i m not overly surprised,37167,0,0,0,0,0,0,0,0,0,0,1,0
i feel im not even shocked anymore,37169,0,0,0,0,0,0,0,0,0,0,1,0
i feel like im always surprised when the bill comes,37240,0,0,0,0,0,0,0,0,0,0,1,0
i feel about nash but he shocked me to my core in this book,37586,0,0,0,0,0,0,0,0,0,0,1,0
i dont have any more pain in my tummy and thank goodness no gatorade although now i can feel a dull pain in my ovaries from time to time but those are healing so no surprise there,37722,0,0,0,0,0,0,0,0,0,0,1,0
i always feel surprised at how it turned out because it seems so different than the beginning fiber,37786,0,0,0,0,0,0,0,0,0,0,1,0
i feel so shocked for ridley scott tony s brother,37795,0,0,0,0,0,0,0,0,0,0,1,0
i feel like i dont do enough to call attention to her voices but also like i dont want to be all obnoxious and my character is so special at people because seriously its interdimensional zombie summer camp you cant keep being surprised at every little new and different thing,37986,0,0,0,0,0,0,0,0,0,0,1,0
i feel surprised that someone interested in science based perspective thinks that sheer quantity of references lends credibility to an authors work,38037,0,0,0,0,0,0,0,0,0,0,1,0
i feel like people don t tell me things then are surprised when things go wrong or don t get done and it is very irritating,38042,0,0,0,0,0,0,0,0,0,0,1,0
i have a feeling youll be pleasantly surprised,38195,0,0,0,0,0,0,0,0,0,0,1,0
i know that even the characters on the show see it as shocking and unfair but from a storytelling perspective i feel like they did it just to give jimmy a reason to straighten out and to bring jimmy and karen back together which is shitty,38272,0,0,0,0,0,0,0,0,0,0,1,0
i was even more surprised to learn that someone had reduced the term to a mathematically precise definition and this was being used to bludgeon those who didnt feel iraq however violent had yet risen to the level of civil war,38308,0,0,0,0,0,0,0,0,0,0,1,0
i feel to learn i am so many things i feel shocked for a while,38371,0,0,0,0,0,0,0,0,0,0,1,0
i get surprised by the emotion i feel you know what s coming next in the piece but i m often surprised that i can still cry or laugh,38606,0,0,0,0,0,0,0,0,0,0,1,0
i am sort of surprised that i am still feeling so low,38645,0,0,0,0,0,0,0,0,0,0,1,0
i was shocked at how poorly i played but started to feel my shoulder aching toward the end of the game so quit,38679,0,0,0,0,0,0,0,0,0,0,1,0
i feel a particularly naughty blogger as i was given such a nice surprise by barb of the oh so tempting i want to read everything she reads and am so a stalker a href http leavesandpages,38911,0,0,0,0,0,0,0,0,0,0,1,0
i relived those emotional times and i admit to feeling very surprised to the emotional link that is firmly nailed in my psychology,39120,0,0,0,0,0,0,0,0,0,0,1,0
i feel like anyone else said henry i suppose i was shocked afraid,39267,0,0,0,0,0,0,0,0,0,0,1,0
i feel very surprised yet happy because philippines had a very significant participation in the novel,39291,0,0,0,0,0,0,0,0,0,0,1,0
i can still hear the ring of his voice and feel the silence of the crowd almost as if shocked,39305,0,0,0,0,0,0,0,0,0,0,1,0
i sit here with so much in mind but after reading and re editing today s piece i feel quite surprised that i decided to share further moments of a time that were uncomfortable and yet i do understand why,39417,0,0,0,0,0,0,0,0,0,0,1,0
ill come back a few days later feel shocked and alarmed at my ghastly choices and start the whole business over again a href http,39489,0,0,0,0,0,0,0,0,0,0,1,0
i learned a lot things from him which were supposed to make me feel surprised but yes,39642,0,0,0,0,0,0,0,0,0,0,1,0
i keep feeling surprised when i see my face in the morning,39783,0,0,0,0,0,0,0,0,0,0,1,0
i fall in love with all over again every day and home truly feels like wherever they are surprised that all those cliche quotes they wrote arent fiction,39990,0,0,0,0,0,0,0,0,0,0,1,0
i feel like we will be shocked when we find out what really stopped us from our destiny,40093,0,0,0,0,0,0,0,0,0,0,1,0
i get the feeling he was as surprised as everybody else when people started getting sick,40231,0,0,0,0,0,0,0,0,0,0,1,0
i am pretty sore today which is wonderful and i also feel i have legitimately shocked my body throwing in a completely new routine into my typical routine,40350,0,0,0,0,0,0,0,0,0,0,1,0
i feel like im his shocked absorber everytime he doesnt feel ok,40486,0,0,0,0,0,0,0,0,0,0,1,0
i knew mercury was about to go on station in the latter part of cancer i wasn t surprised to start feeling like i was being buckshot with emotional shrapnel,40600,0,0,0,0,0,0,0,0,0,0,1,0
im awash with elation and surprised how well i still feel although my knee is aching somewhat now,40643,0,0,0,0,0,0,0,0,0,0,1,0
i always feel surprised and lucky when i discover what a particular thing wants to be,41216,0,0,0,0,0,0,0,0,0,0,1,0
i have the feeling this will be a recurring theme in some of my blog posts this month so dont be surprised if you see something titled becoming me part in the near future,41393,0,0,0,0,0,0,0,0,0,0,1,0
i was cut into feeling pain that shocked me,41515,0,0,0,0,0,0,0,0,0,0,1,0
i don t didn t eat meat so last night for dinner i had two organic sausages i m not quite sure how i feel about this i m a little shocked,41563,0,0,0,0,0,0,0,0,0,0,1,0
i spouting off in the most laughable way about how shocked he is damsgaard lambasting the afld for not testing enough the teams vs uci conflict seemingly threatening to kill off the whole bio passport plan and mcquaid refusing to see the light for the millionth time i feel rather a bit gloomy,41626,0,0,0,0,0,0,0,0,0,0,1,0
im watching in shock feeling extremely sympathetic for this rabbits loss and suffering,41686,0,0,0,0,0,0,0,0,0,0,1,0
i saw the girl well jazmine speak her feelings on homosexuality i was really shocked,41725,0,0,0,0,0,0,0,0,0,0,1,0
i feel these days i would not be surprised if in the not too distant future i look upon my departure from shiny ads in the same light,41918,0,0,0,0,0,0,0,0,0,0,1,0
i feel this services is here to remain and i am really surprised at the ease with which you can disconnect from social services to try an additional,41920,0,0,0,0,0,0,0,0,0,0,1,0
i feel that some classes were more valuable to me than others but overall there were many pleasant surprises,41966,0,0,0,0,0,0,0,0,0,0,1,0
i feel no drama but of course i am surprised that finrosforum and eva biaudet together carried out such dirty attack against me,42207,0,0,0,0,0,0,0,0,0,0,1,0
i feel surprised at myself,42461,0,0,0,0,0,0,0,0,0,0,1,0
i am surprised by the ferocity i feel against that inner pull that says now jennifer don t just say no that s rude,42569,0,0,0,0,0,0,0,0,0,0,1,0
i feel like fans will be surprised,42572,0,0,0,0,0,0,0,0,0,0,1,0
i told the psychiatrist that i hadnt had a day when i felt like i used to feel since november she seemed shocked,42577,0,0,0,0,0,0,0,0,0,0,1,0
i think it was i don t guarantee i m recollecting this accurately my interest is in the yearning feeling not the supporting details so if someone is interested in the details they should check them out themselves and i was so surprised by how he precessed his experience,42607,0,0,0,0,0,0,0,0,0,0,1,0
i don t feel surprised if there are some who have the exact opposite view,43129,0,0,0,0,0,0,0,0,0,0,1,0
i feel like everybody in the room was shocked dolphins owner stephen ross told the miami herald,43131,0,0,0,0,0,0,0,0,0,0,1,0
i feel a little surprised that it has taken the kids almost six years to break a piece of electronic equipment,43324,0,0,0,0,0,0,0,0,0,0,1,0
i feel like a naughty or undisciplined child when i m not following my mental agenda i look the other way and allow myself to just explore and be surprised by ephemera,43434,0,0,0,0,0,0,0,0,0,0,1,0
i explained that i was not trying to obscure the truth i ve never experienced symptoms and i simply have these tests done once a year to assure myself that i am in fact as healthy as i feel she said she was genuinely surprised,43562,0,0,0,0,0,0,0,0,0,0,1,0
i looked at her hair i feel a little bit surprised because we have a good long time not by sms,43570,0,0,0,0,0,0,0,0,0,0,1,0
i feel like i have gotten shocked and it echoed throughout my stomach,43690,0,0,0,0,0,0,0,0,0,0,1,0
i had a feeling that they thought i was a chomo and were pleasantly surprised that i wasn t one,44036,0,0,0,0,0,0,0,0,0,0,1,0
i was already feeling homesick and i felt this was ok because i didnt want it to hit me by surprise,44042,0,0,0,0,0,0,0,0,0,0,1,0
i patiently waited it out and i feel it was worth it because the tool was a pleasant surprise,44210,0,0,0,0,0,0,0,0,0,0,1,0
i have surprised myself by feeling a little sentimental about leaving this place that christopher and i first spent together,44408,0,0,0,0,0,0,0,0,0,0,1,0
i have know dh and his sister did not have an incestuous relationship im not at all surprised that nsils feelings towards him sometimes have a vaguely romantic feel toward them,44418,0,0,0,0,0,0,0,0,0,0,1,0
i guess what i m still getting used to is not that there s an endless series of things for me to feel badly about but that when i m feeling surprised i ve found another thing to dislike it s because i have the right to think of my body as a non binary extension of my non binary self,44607,0,0,0,0,0,0,0,0,0,0,1,0
i feel very honoured and very surprised to see so many people here,44696,0,0,0,0,0,0,0,0,0,0,1,0
i think you will always be that boy who first made me feel really special with the little surprises and all,44705,0,0,0,0,0,0,0,0,0,0,1,0
i keep feeling pleasantly surprised by how happy i am,44721,0,0,0,0,0,0,0,0,0,0,1,0
i have gotten used to the feeling what surprised me the most about this eyeliner is that it lasts amazingly well on my waterline,44733,0,0,0,0,0,0,0,0,0,0,1,0
i sit down to author this letter i feel a little surprised that an entire year has already passed us by,44767,0,0,0,0,0,0,0,0,0,0,1,0
i feel surprised because i am on top of my two sisters as they once ago didnt get as much a than me,44838,0,0,0,0,0,0,0,0,0,0,1,0
i just hellip i just wanted to be sure you re not with me because you feel like you have to be or something hellip he was surprised when s kid leaned in and kissed him pushing him gently down onto the couch and quickly lying on top of him,44846,0,0,0,0,0,0,0,0,0,0,1,0
i was appalled and he being totally shocked at my reaction engaged in a series of defensive insults that left me feeling vulnerable and worthless,44941,0,0,0,0,0,0,0,0,0,0,1,0
i feel shocked when you use the word fuck,45159,0,0,0,0,0,0,0,0,0,0,1,0
i begin each day let me put aside the feelings of being overwhelmed and be reminded that you are going ahead of me that nothing that i endure comes as a surprise to you,45259,0,0,0,0,0,0,0,0,0,0,1,0
i could feel the snow coming the air had that je ne sais quoi smell to it so i wasnt surprised when hubby told me in the morning he wouldnt cycle to work,45279,0,0,0,0,0,0,0,0,0,0,1,0
im very disappointed with the group i was withs overall general feeling about it however i am not surprised,45287,0,0,0,0,0,0,0,0,0,0,1,0
i started feeling flu ish i was pretty surprised,45290,0,0,0,0,0,0,0,0,0,0,1,0
i expect to see pockets of melting snow here in austin as i drive around town and am still feeling shocked that there isn t any here at all,45433,0,0,0,0,0,0,0,0,0,0,1,0
ive talked it out which i feel that i shocked them when i told them,45623,0,0,0,0,0,0,0,0,0,0,1,0
i do it i feel surprised that i actually finally like exercising,45702,0,0,0,0,0,0,0,0,0,0,1,0
i received a lot of positive feedback but i couldnt help but feel surprised because i doubted myself straight away,45738,0,0,0,0,0,0,0,0,0,0,1,0
i will finally know what it feels like to be surprised,45838,0,0,0,0,0,0,0,0,0,0,1,0
i will say i have been feeling rather shocked angry in disbelief,45876,0,0,0,0,0,0,0,0,0,0,1,0
i was shocked that they d harbor such feelings for him even after so many years and why couldn t they see how successful he d become,45902,0,0,0,0,0,0,0,0,0,0,1,0
i feel like im constantly surprised by how wonderful the story the writing the characters,45921,0,0,0,0,0,0,0,0,0,0,1,0
i feel like nobody would ever be as sincere as i am fate had another surprise,45947,0,0,0,0,0,0,0,0,0,0,1,0
i feel this post didn t get enough attention as i just wrote it last week but i was surprised more people didn t connect with my story of witnessing a year old s first time flying,45952,0,0,0,0,0,0,0,0,0,0,1,0
i feel shocked upset and completely uncertain about what to do next,46026,0,0,0,0,0,0,0,0,0,0,1,0
i get the feeling she wont make it far though and i wouldnt be surprised if the governor wrangled her up as the main event for next weeks zombie arena fights,46038,0,0,0,0,0,0,0,0,0,0,1,0
i have a feeling that many of you will be surprised to learn that after nearly years it s time for me to say goodbye as your guide to entertaining,46060,0,0,0,0,0,0,0,0,0,0,1,0
i stayed outside the car feeling shocked that she was so upset,46144,0,0,0,0,0,0,0,0,0,0,1,0
i feel like you knew this before you married me so dont be surprised that youre sleeping next to a wookie three quarters of the year,46594,0,0,0,0,0,0,0,0,0,0,1,0
i feel it tends more towards the shocked side of wonder,47026,0,0,0,0,0,0,0,0,0,0,1,0
i wake up feeling contented much like the luckiest girl in the world and then he surprises me even more with the kind of attention and care he gives me,47117,0,0,0,0,0,0,0,0,0,0,1,0
i feel personally insulted that a filmmaker like wan thinks that stealing ideas from some of the most influential and best loved shockers of all time while treading out a sequel under the name of a mediocre but more successful original is what counts as good multiplex horror,47132,0,0,0,0,0,0,0,0,0,0,1,0
i am not sure what i expected to see left on that beach but i remember feeling surprised there was not more compared to all the other sites,47265,0,0,0,0,0,0,0,0,0,0,1,0
i am not surprised as i for one feel that we are being beaten from every corner,47351,0,0,0,0,0,0,0,0,0,0,1,0
i think you feel deeply surprised that i could carry my torch for you all this time,47357,0,0,0,0,0,0,0,0,0,0,1,0
i find myself staring at the corner of my bed and feeling a bit surprised shes not sleeping there,47788,0,0,0,0,0,0,0,0,0,0,1,0
i liked to do so one at a time for which one of the group laughed at me for something which i still feel surprised about,47858,0,0,0,0,0,0,0,0,0,0,1,0
i feel every time they say that they say it as if they are surprised,47910,0,0,0,0,0,0,0,0,0,0,1,0
i feel not surprised that screenplay earned an academy merit as it had been very initial,47974,0,0,0,0,0,0,0,0,0,0,1,0
i was listening to it one evening after a spectacularly draining day and i was in utter shock and feeling kind of foolish,47986,0,0,0,0,0,0,0,0,0,0,1,0
i read reviews for this one myself to see if i was the only one not feeling it and i was surprised by the amount of people who loved it as much as i didn t love it,48013,0,0,0,0,0,0,0,0,0,0,1,0
i found some old friends and we had a moment of feeling shocked about the numbers where are these people coming from,48086,0,0,0,0,0,0,0,0,0,0,1,0
i thought meryl was great in julie and julia and i have the feeling that all the sandra praise comes from her stepping out of her comfort zone and people being shocked that shes actually a decent actress,48220,0,0,0,0,0,0,0,0,0,0,1,0
i feel dazed and shocked and i am not sure if i really understand the magnitude of the recent and next changes in my life,48247,0,0,0,0,0,0,0,0,0,0,1,0
i thought just the writing was where i would feel in my groove and ive been surprised to see how much i really appreciate even the marketing as long as i keep my eyes both on the lord and on the reader,48277,0,0,0,0,0,0,0,0,0,0,1,0
i feel rather surprised that you are hearing the needs i mentioned as being unmet on the contrary milla so far my needs for intellectual challenge some novelty learning meeting a variety of people and for space for connections without the emphasis on closeness are being met in this exchange,48318,0,0,0,0,0,0,0,0,0,0,1,0
i still feel as surprised by it all as i felt that day on the exam table and the words both of them,48353,0,0,0,0,0,0,0,0,0,0,1,0
i learned about taking a dip in the dating pool its that in relationships its always better to feel surprised than disappointed,48827,0,0,0,0,0,0,0,0,0,0,1,0
i got reasons for my feeling so disheartened i am shocking to myself everyday,48973,0,0,0,0,0,0,0,0,0,0,1,0
i was honestly quite surprised at the variety and it left me feeling quite satisfied,49045,0,0,0,0,0,0,0,0,0,0,1,0
i am feeling very shocked,49134,0,0,0,0,0,0,0,0,0,0,1,0
i will find a around real louis vuitton without the trench the trench slope lying down looked at the day of the clouds the clouds changing attitude makes me feel very surprised i also don what makes them look like that one,49280,0,0,0,0,0,0,0,0,0,0,1,0
i truly didnt know what i would feel going into the ivf process and im surprised by how personal it feels,49287,0,0,0,0,0,0,0,0,0,0,1,0
i allowed myself to feel when you are surprised at my age with a pregnancy it changes everything,49343,0,0,0,0,0,0,0,0,0,0,1,0
i feel surprised by the result,49349,0,0,0,0,0,0,0,0,0,0,1,0
i have only just realised it as im pondering why its such a nice card and feeling surprised really as i had no idea it would be this card that would pop out,49445,0,0,0,0,0,0,0,0,0,0,1,0
i feel that walkers will be shocked by what they see when as seems likely the path is upgraded to a bridleway so that it can be part of the national cycle network route,49478,0,0,0,0,0,0,0,0,0,0,1,0
i am still in shock and tell him i am not sure what the future holds but feel like i need answers about her suspicious behavior,49627,0,0,0,0,0,0,0,0,0,0,1,0
i had an inkling that it had been some time since i updated whisk amp whimsy but i will confess to feeling a bit shocked today to discover th,49692,0,0,0,0,0,0,0,0,0,0,1,0
i heard myself repeatedly say i am not judging you while i was feeling a bit shocked,49700,0,0,0,0,0,0,0,0,0,0,1,0
i am feeling shocked of the amount of people who have read my blog over the last months,49823,0,0,0,0,0,0,0,0,0,0,1,0
i miss feeling surprised by people,49826,0,0,0,0,0,0,0,0,0,0,1,0
i have a feeling that although andersen would have been surprised at the interpretation use of his story he would have been humbled as well and possibly have applauded quite loudly too,50158,0,0,0,0,0,0,0,0,0,0,1,0
i find myself feeling almost surprised that i cant make it go away by disliking it enough,50407,0,0,0,0,0,0,0,0,0,0,1,0
i feel like i try his patience more and more and i dont want to be shocked again,50422,0,0,0,0,0,0,0,0,0,0,1,0
i have to admit that im still not feeling but thats mainly because im up most of the night coughing so im surprised how great i felt doing this one today,51125,0,0,0,0,0,0,0,0,0,0,1,0
i was feeling kind of shocked from being arrested so i just lay there on the cot for about minutes,51175,0,0,0,0,0,0,0,0,0,0,1,0
im feeling romantic because my lovie surprised me with fresh flowers,51185,0,0,0,0,0,0,0,0,0,0,1,0
i was feeling irritable a little while ago i surprised myself by tossing in a few humorous bits into the entry,51203,0,0,0,0,0,0,0,0,0,0,1,0
i remember feeling genuinely shocked one time when ryan and i got together with another young married couple in fargo who revealed their future plans to us,51219,0,0,0,0,0,0,0,0,0,0,1,0
i cannot say that i have always been joyful about my ministry as a mother but the emotion that i was feeling surprised me jealousy,51267,0,0,0,0,0,0,0,0,0,0,1,0
i don t feel shocked,51371,0,0,0,0,0,0,0,0,0,0,1,0
i do not remember feeling anything but i think that may have been because i was shocked into submission,51489,0,0,0,0,0,0,0,0,0,0,1,0
i feel shocked dancing on screen ileana img id readpageimage style width alt ileana shocked details pics news hotspot latest title i feel shocked dancing on screen ileana class lazy displayinline block src http www,51498,0,0,0,0,0,0,0,0,0,0,1,0
i was highly shocked and surprised by the outcome cos i had a feeling i may have hated it,51820,0,0,0,0,0,0,0,0,0,0,1,0
i feel like i wont see anyone at all and then im shocked to see a lonely view of someone i thought i had known,52064,0,0,0,0,0,0,0,0,0,0,1,0
i feel surprised and astonished that i ve won twice and i do feel proud it s amazing i can t quite take it in but at the same time i feel that making music and words is very important to me and i ve always tried to make it the best it could possibly be and i hope to continue doing that,52302,0,0,0,0,0,0,0,0,0,0,1,0
i feel you might be surprised is because i do put on a bit of a front,52479,0,0,0,0,0,0,0,0,0,0,1,0
im always left a little confused unsure how to feel im usually surprised by what i find usually pleasantly so but sometimes i find myself uneasy in a way i cant quite put my finger on,52490,0,0,0,0,0,0,0,0,0,0,1,0
i see thats your call i feel shocked,52582,0,0,0,0,0,0,0,0,0,0,1,0
i feel a little more energetic although i am still getting those electrical shock feelings in my head,53171,0,0,0,0,0,0,0,0,0,0,1,0
i was going into shock at every needle stick the pain was unbearable the drugs made me feel awful and i was either sedated or unconscious most of the time,53175,0,0,0,0,0,0,0,0,0,0,1,0
i began thinking more about my donation and wondering how other donors feel years later i was surprised by how little i know and recall about my own experience,53195,0,0,0,0,0,0,0,0,0,0,1,0
im feeling really betrayed and shocked and a little helpless that i live in a world where such cruel and senseless things happen,53299,0,0,0,0,0,0,0,0,0,0,1,0
i was surprised not to feel sundays run in the legs and am delighted with a min mile average for the min interval and a min mile average for the minute interval,53356,0,0,0,0,0,0,0,0,0,0,1,0
i could ever be surprised by feelings caused by such an innocent action,53448,0,0,0,0,0,0,0,0,0,0,1,0
i actually returning her feelings was a pleasant surprise,53516,0,0,0,0,0,0,0,0,0,0,1,0
im feeling im only surprised im not lactating,53613,0,0,0,0,0,0,0,0,0,0,1,0
i quietly left his office feeling shocked and scared to death but look ive handled everything else pretty gracefully so surely i can do this too,53622,0,0,0,0,0,0,0,0,0,0,1,0
i can feel that he was shocked when i kissed him on the lips,53668,0,0,0,0,0,0,0,0,0,0,1,0
i make myself feel by katie lersch i sometimes hear from wives who are quite surprised at their reaction or lack thereof after they have found out that their husband has been cheating or having an affair,54034,0,0,0,0,0,0,0,0,0,0,1,0
i wouldn t really feel any less shocked to learn that the whole round world thing was a big fuck up and the earth was indeed flat,54192,0,0,0,0,0,0,0,0,0,0,1,0
i feel that im going to lose it or anything but i wont be at all surprised if i crash and burn,54236,0,0,0,0,0,0,0,0,0,0,1,0
i tell you i mainly started this blog as a way to get my feeling and thoughts in order and i am still shocked at the fact that people seem to like reading this,54371,0,0,0,0,0,0,0,0,0,0,1,0
i have a feeling tiffany is going to be rather surprised shocked that her dad is now doing a good job as a stylist,54557,0,0,0,0,0,0,0,0,0,0,1,0
i won t reveal my age and all you know not to ask a woman her age i can say that i certainly don t feel my age that people are all the time shocked when i tell them how old i am,54680,0,0,0,0,0,0,0,0,0,0,1,0
i feel the surprised i can play thus but the doctor tells my eyes it s very quickly completely recovered,54808,0,0,0,0,0,0,0,0,0,0,1,0
i have a feeling that most will be canceled within the year and i wouldnt be surprised if the powers that be at dc are expecting this as well and just hoping for a few breakout hits that dont begin with the word bat,54856,0,0,0,0,0,0,0,0,0,0,1,0
i have a feeling i might be even more surprised by the number of ufo socks etc buzzing around exit but why go there,54880,0,0,0,0,0,0,0,0,0,0,1,0
i was so tired and feeling drained but when i got home to my surprise i had a package and it was from a very sweet and wonderful woman i got to meet while on my trip,54903,0,0,0,0,0,0,0,0,0,0,1,0
i feel surprised out our movement towards wy,54969,0,0,0,0,0,0,0,0,0,0,1,0
i like that i feel more strongly like myself all yall who know me might be surprised that i could ever be more strongly myself than i was when i left,55094,0,0,0,0,0,0,0,0,0,0,1,0
i was so shocked that i was feeling jealousy that i quickly became outraged with myself,55326,0,0,0,0,0,0,0,0,0,0,1,0
i know right now he may feel a little shocked scared or confused what the future holds but things will fall in place for him,55501,0,0,0,0,0,0,0,0,0,0,1,0
i was surprised because id been feeling like an awkward misfit in class after class of graceful fit women,55611,0,0,0,0,0,0,0,0,0,0,1,0
i hurt you i feel shocked and worried i won t forgive my self if i hurt him once more,55801,0,0,0,0,0,0,0,0,0,0,1,0
i can feel amused sorrowful creeped out surprised satisfied and vaguely morally ambiguous all within the space of ten minutes,55818,0,0,0,0,0,0,0,0,0,0,1,0
i sometimes feel surprised that i didnt know you once,56055,0,0,0,0,0,0,0,0,0,0,1,0
i do feel that once you publish something its out there for all to see i do sympathize with folks who end up getting an unpleasant surprise to see that something they published in one medium is suddenly and unexpectedly available in another,56157,0,0,0,0,0,0,0,0,0,0,1,0
i hope women have a laugh feel a bit shocked but most importantly leave feeling proud to be a woman,56210,0,0,0,0,0,0,0,0,0,0,1,0
i feel like ma could not help but shocked could not help more hard struggle,56243,0,0,0,0,0,0,0,0,0,0,1,0
i was actually surprised by the uncomfortable feeling in my stomach when the world series most valuable player was announced,56395,0,0,0,0,0,0,0,0,0,0,1,0
i don t feel like i get surprised half as much as i d like to,56492,0,0,0,0,0,0,0,0,0,0,1,0
i hear water running from the fountain which is quite soothing and it plays well with the general murmur of the crowd as i look up at the sky every so often my mind feeling shocked like omg im outside what a weird feeling,56535,0,0,0,0,0,0,0,0,0,0,1,0
i still feel shocked and angry and ultimately heartbroken,56599,0,0,0,0,0,0,0,0,0,0,1,0
i honestly can t believe how my whole body is feeling fantastic more flexible more supple especially my neck which has been so stiff and out of kink for years and i mean years nearly y i am still in beautiful shock ha ha,56933,0,0,0,0,0,0,0,0,0,0,1,0
i have a feeling they would be shocked,57059,0,0,0,0,0,0,0,0,0,0,1,0
i woke up to my alarm at and can i mention it feels like way more than days ive been sleeping without my alarm surprisingly so i was very surprised this morning when it sounded,57134,0,0,0,0,0,0,0,0,0,0,1,0
i had a feeling that there was a person inside of the chest but i had no idea the connection she had to the ninja dudes cant remember what they were called hehe that completly caught me by surprised and i liked that bit of a twist in the episode,57145,0,0,0,0,0,0,0,0,0,0,1,0
i recognised the feeling and i was shocked to say the least,57206,0,0,0,0,0,0,0,0,0,0,1,0
i feel very surprised the now fifth grader says,57426,0,0,0,0,0,0,0,0,0,0,1,0
im not going to be surprised if i wake up one morning and feel angry in my hair,57724,0,0,0,0,0,0,0,0,0,0,1,0
im feeling sugar shocked already,57810,0,0,0,0,0,0,0,0,0,0,1,0
i swear i didnt do shit on their birthdays but to receive such surprise and present from them on my birthday makes me feel real bad and real touched real happy to have them around,57963,0,0,0,0,0,0,0,0,0,0,1,0
i feel like i get a surprise that disrupts my day he is always faithful to get me through the day unscathed,57966,0,0,0,0,0,0,0,0,0,0,1,0
i was lonely mood really it is when feeling with tears surprised don t spend more than upset bird,58000,0,0,0,0,0,0,0,0,0,0,1,0
i still feel nothing at all which im not too shocked about since im aware that those two areas are the most likely to lose feeling,58129,0,0,0,0,0,0,0,0,0,0,1,0
i don t feel so much surprised as angry because i knew something like this would happen soon,58201,0,0,0,0,0,0,0,0,0,0,1,0
i am beyond flattered but i still feel a bit shocked when i receive awards as there are so many bloggers and youtube gurus that i am in awe of,58387,0,0,0,0,0,0,0,0,0,0,1,0
i care about others and because when i know for sure someone is surprised or happy because of something i ve done it makes me feel worthwhile,58395,0,0,0,0,0,0,0,0,0,0,1,0
im not feeling any lighter in fact i wouldnt be surprised if ive put on muscle weight this week cos ive been going pretty hard at the gym this week,58397,0,0,0,0,0,0,0,0,0,0,1,0
i feeling shocked and surprised,58460,0,0,0,0,0,0,0,0,0,0,1,0
im taking a break from blogging for a while because im going through quite a heavy patch at the moment and can feel myself going through a slump at the moment so dont be surprised if you dont see me update this for a while,58692,0,0,0,0,0,0,0,0,0,0,1,0
im feeling pleasantly surprised by almost every film i see,58781,0,0,0,0,0,0,0,0,0,0,1,0
i almost feel surprised that im due any minute now like i just happened to look in the mirror in passing and said to myself hmmm thats a big belly,58984,0,0,0,0,0,0,0,0,0,0,1,0
im just too phobic whenever i see children as young as or play in flood waters i feel shocked and worried about it,59125,0,0,0,0,0,0,0,0,0,0,1,0
i feel somewhat surprised and blessed that im able to sit here today discussing such a traumatic experience as it definitely almost certainly finished me,59154,0,0,0,0,0,0,0,0,0,0,1,0
i read them i feel pleasantly surprised that they exist at all,59584,0,0,0,0,0,0,0,0,0,0,1,0
i let people know how i m actually feeling and they re so shocked always,59642,0,0,0,0,0,0,0,0,0,0,1,0
i can t imagine what the parents are feeling i m kind of shocked myself,59693,0,0,0,0,0,0,0,0,0,0,1,0
im feeling generous i may add a few surprise extras,59908,0,0,0,0,0,0,0,0,0,0,1,0
i feel like she is shocked or even maybe mad at the fact that she had an a when she didn t know anything as if saying that she didn t earn it that she was scared that once again she wouldn t learn anything,59973,0,0,0,0,0,0,0,0,0,0,1,0
i bump into the very same people in the street i feel shocked,60006,0,0,0,0,0,0,0,0,0,0,1,0
i feel more energetic after the initial shock at the beginning i stopped using my melatonin sleeping pills,60012,0,0,0,0,0,0,0,0,0,0,1,0
i could listen for hours without feeling either threatened or the slightest bit shocked,60139,0,0,0,0,0,0,0,0,0,0,1,0
i remember feeling shocked on the sixth grade playground after loudspeakers announced the president has been shot,60176,0,0,0,0,0,0,0,0,0,0,1,0
i drive feel shocked when she answered his question,60474,0,0,0,0,0,0,0,0,0,0,1,0
i not only feel more like myself i feel less culture shocked,60575,0,0,0,0,0,0,0,0,0,0,1,0
i feel shocked because ive put years of my life and all of my love into the ashtarcommand website but i have hope that we can solve this together,60732,0,0,0,0,0,0,0,0,0,0,1,0
i finally fell asleep feeling angry useless and still full of anxiety,7,0,0,0,0,0,0,0,0,0,0,0,1
i said without emotion while feeling a freaked out fearful anxiety welling up in my chest,143,0,0,0,0,0,0,0,0,0,0,0,1
i worry about all of the time ive been spending on the computer and about how i feel so distracted by the party,233,0,0,0,0,0,0,0,0,0,0,0,1
i aware and concerned for everyone will give attention not only marriages and deaths but also with equal seriousness to the elderly woman who feels helpless because she does not know which oven to buy,459,0,0,0,0,0,0,0,0,0,0,0,1
i wasnt sure if i could be concerned when there were people around me feeling incredibly apprehensive some turning back while i may as well have been dancing up the cliff face,485,0,0,0,0,0,0,0,0,0,0,0,1
heated discussion with spouse concerning new house,511,0,0,0,0,0,0,0,0,0,0,0,1
i dont feel as carefree as i used to and this worrys me a tad,702,0,0,0,0,0,0,0,0,0,0,0,1
i do like hearing about ministries that reach out to people that need it but one concern i have is that they may feel pressured to except jesus into their hearts by accepting care from the ministries,742,0,0,0,0,0,0,0,0,0,0,0,1
i do not feel reassured anxiety is on each side,863,0,0,0,0,0,0,0,0,0,0,0,1
i was feeling shaken walking along the streets and less able to concentrate on not having an accident while simultaneously worrying about having one due to not concentrating,1170,0,0,0,0,0,0,0,0,0,0,0,1
i worry that he s feeling resentful for doing woman s work,1241,0,0,0,0,0,0,0,0,0,0,0,1
i was feeling pretty bitchy and horrible but dont worry,1306,0,0,0,0,0,0,0,0,0,0,0,1
i do not worry about every nuance of my day and its presentation to others less little things to worry about and that makes me feel less neurotic overall and less likely to trigger psychotic episodes as well,1444,0,0,0,0,0,0,0,0,0,0,0,1
im not necessarily sure what but something in the education system must change or students can feel anxiety and pressure with needing to be flawless with their vast knowledge of the world,1577,0,0,0,0,0,0,0,0,0,0,0,1
i think all acts of unkindness are a result of some form of selfishness because being unkind requires a lack of concern for the another person and some distorted feeling of gain by being unkind,1691,0,0,0,0,0,0,0,0,0,0,0,1
im feeling pressured because it is crunch time with looming deadlines once i hit the airport thursday i know ill be too busy to worry with the other items for a few days,1842,0,0,0,0,0,0,0,0,0,0,0,1
i feel so fucked up most of the time because not being able to concentrate on anything amp feeling anxiety all the time about everything makes me stressed apathetic amp i cant handle stress at all,2098,0,0,0,0,0,0,0,0,0,0,0,1
i want to stop taking it one day but also feel terrified that lots of feelings of anxiety panic will come flooding back,2321,0,0,0,0,0,0,0,0,0,0,0,1
i made this i felt some relief from the fear and anxiety but i started feeling pissed again with a whole new set of memories,2449,0,0,0,0,0,0,0,0,0,0,0,1
i lost my special mind but don t worry i m still sane i just wanted you to feel what i felt while reading this book i don t know how many times it was said that sam was special but i can guarantee you it was many more times than what i used in that paragraph did i tell you she was special,2637,0,0,0,0,0,0,0,0,0,0,0,1
i aint feeling it this is where been carefree deffinately is worrying in its self,2934,0,0,0,0,0,0,0,0,0,0,0,1
i am feeling vulnerable worrying that the publishing world doesn t like my stories and won t like this next one if i write it,3053,0,0,0,0,0,0,0,0,0,0,0,1
i don t like feeling vulnerable or exposing all my worries and concerns mostly because i have felt the need to hold it together to be the strong one,3056,0,0,0,0,0,0,0,0,0,0,0,1
i love how i can feel totally distressed and hopeless but when i put on a bright eyes record or something all of a sudden i have this realization that there is more to life than the shit i worry about,3106,0,0,0,0,0,0,0,0,0,0,0,1
i feel anxious and worry just in case i dont understand the customers problems,3111,0,0,0,0,0,0,0,0,0,0,0,1
im glad that peter doesnt feel threatened or concerned by my recent interest in decidedly egalitarian almost feminist christian blogs jonalyn finchers a href http soulation,3296,0,0,0,0,0,0,0,0,0,0,0,1
i know it s kind of funny that i m feeling hesitant about making fashion from something we use to scent our clothes but it does worry me a bit,3414,0,0,0,0,0,0,0,0,0,0,0,1
i had horrible anxiety dreams every night last week and it made me feel really paranoid and of course all of that reading about conspiracy theories and unsolved crimes online didnt hugely help matters,3513,0,0,0,0,0,0,0,0,0,0,0,1
i feel weird with just his perfect day of worry free lazy junk food and video games,3766,0,0,0,0,0,0,0,0,0,0,0,1
i get the feeling that people have died it s bothered me so much that in the past i ve cried my hair must look perfect whatever the weather all of this anxiety brings me to the end of my tether,3852,0,0,0,0,0,0,0,0,0,0,0,1
i really cant count the number of times i cried feeling overwhelmed by someones expression of concern or just by the very fact that they were thinking of me,3938,0,0,0,0,0,0,0,0,0,0,0,1
i was feeling a bit shaky and a bit off centre but i think most of that was worrying about things out of my control,4066,0,0,0,0,0,0,0,0,0,0,0,1
i feel agitated she said and we continued on to the corner of main and hastings where we saw three or four cops in the middle of a take down and my friend who has an anxiety disorder insisted we get on the wrong bus just to get away,4079,0,0,0,0,0,0,0,0,0,0,0,1
i am feeling overwhelmed with excitement and anxiety as i prepare for my flight to florence in a few hours,4115,0,0,0,0,0,0,0,0,0,0,0,1
i feel that many people need to worry about their own families their own children and their own self because time is precious,4173,0,0,0,0,0,0,0,0,0,0,0,1
i also feel fearful and concerned for them both worried,4205,0,0,0,0,0,0,0,0,0,0,0,1
i know that car enthusiasts are a bit tribal and youre all starting to feel suspicious about a car journalist whos turned to the dark side but dont worry i still prefer four wheels to two,4281,0,0,0,0,0,0,0,0,0,0,0,1
i dont know what mediation means to everyone else but to me this process only has value if i freely express how i feel and as this will inevitably leave me feeling vulnerable and exposed the longer the delay the more i can feel anxiety building,4517,0,0,0,0,0,0,0,0,0,0,0,1
i notice myself worrying about him i push that feeling away and replace the thought with something positive or remind myself to let go its out of my control,4841,0,0,0,0,0,0,0,0,0,0,0,1
i was yelling to the group in front and not getting an answer and getting increasingly concerned and feeling increasingly frustrated with those lagging behind despite repeated explanations and pleas from me regarding the need to catch up with the advance group,5044,0,0,0,0,0,0,0,0,0,0,0,1
i am already feeling anxious then how is going off my anti anxiety medicine going to help me,5111,0,0,0,0,0,0,0,0,0,0,0,1
i feeling so uncertain concerned afraid of this person circumstance environment change,5304,0,0,0,0,0,0,0,0,0,0,0,1
i didnt feel threatened or concerned really but i wasnt entirely happy about the situation either perhaps instinctively because im usually quite prepared even pleased to speak to a passer by,5503,0,0,0,0,0,0,0,0,0,0,0,1
i am a kindergarten teacher and i am thoroughly weary of my job after having taken the university entrance exam i suffered from anxiety for weeks as i did not want to carry on with my work studies were the only alternative,5941,0,0,0,0,0,0,0,0,0,0,0,1
i battle back and forth feeling anxiety over not being productive yet unable to be productive,6225,0,0,0,0,0,0,0,0,0,0,0,1
i no longer have to worry about feeling left out all the time and being unhappy and feeling ugly,6449,0,0,0,0,0,0,0,0,0,0,0,1
i know that isnt true but in my anxiety based reality i feel like a mad woman,6498,0,0,0,0,0,0,0,0,0,0,0,1
im feeling neurotic and worrying myself to death over every little thing,6541,0,0,0,0,0,0,0,0,0,0,0,1
i just feel a irritable about a day and a half after the shot sometimes with a downswing of depression and or anxiety and then i swing back up,6594,0,0,0,0,0,0,0,0,0,0,0,1
i just feel anxiety about forgetting vital things like breast milk at home or not getting my drs note signed,6719,0,0,0,0,0,0,0,0,0,0,0,1
i was picked on alot and embarressed alot which lead to my anxiety i feel i dont trust groups of people i dont trust smart assess i have a hard time trusting anyone to be honest even family all because of these bad experiences,6907,0,0,0,0,0,0,0,0,0,0,0,1
im not feeling very jolly i worry about and miss rowan constantly and am reminded about this time last year when mulberry was living his last days,6983,0,0,0,0,0,0,0,0,0,0,0,1
i was in school i have been blighted with anxiety surrounded by insecurities and feelings of extremely low self esteem,7331,0,0,0,0,0,0,0,0,0,0,0,1
i feel like the selfish one saying ok enough is enough i want to think about me for a change and not always worry about your problems,7473,0,0,0,0,0,0,0,0,0,0,0,1
i cant make it to breakfast without a slip up of some sort complaining that i didnt get enough sleep remembering that thing i was mad about three weeks ago and getting angry all over again feeling envious that cassie gets to sleep in worrying about how to pay for the new tires the car needs,7609,0,0,0,0,0,0,0,0,0,0,0,1
ive voiced my concerns in the past about us dropping the old im feeling slightly reassured by our preparations for the new campaign,7742,0,0,0,0,0,0,0,0,0,0,0,1
i dont look unhappy but i do feel very unhappy i just do not want anyone to worry and ask,7902,0,0,0,0,0,0,0,0,0,0,0,1
i still worry if her feelings are as sincere as mine but i love her and love talking with her,8027,0,0,0,0,0,0,0,0,0,0,0,1
i feel agitated and concerned and worried,8192,0,0,0,0,0,0,0,0,0,0,0,1
i feel shaky from my anxiety and i m freaking out,8288,0,0,0,0,0,0,0,0,0,0,0,1
i feel so lonely even though people are around me swallowed up by a system that creates fear and anxiety,8382,0,0,0,0,0,0,0,0,0,0,0,1
i dont have to worry about real cooking until much later in the day and i dont feel like ive missed out or ive somehow neglected myself,9094,0,0,0,0,0,0,0,0,0,0,0,1
i feel like weird talking about it almost because sometimes i feel like there have been moments on my mission when ive had like almost anxiety almost even like ocd because of all the random little things that are expected of us,9442,0,0,0,0,0,0,0,0,0,0,0,1
i wish social anxiety could be funny as i d rather be laughing than be short of breath from feeling anxious,9948,0,0,0,0,0,0,0,0,0,0,0,1
i feel quite frustrated that not many people seem to be concerned or at least don t appreciate that it is serious,9995,0,0,0,0,0,0,0,0,0,0,0,1
i thought he wouldnt reply but he did at that time ive already lost feelings for him ok dont worry,10003,0,0,0,0,0,0,0,0,0,0,0,1
i could feel the pain anguish the fear the anxiety and the suffering in his voice,10100,0,0,0,0,0,0,0,0,0,0,0,1
i didnt notice a difference with my skin concerning blemishes but it did feel softer slightly more even and not as irritated,10151,0,0,0,0,0,0,0,0,0,0,0,1
i had faced were loneliness anxiety and feeling homesick comparing each penny spent here and converting same in indian currency feeling like i have spent a lot getting nervous in early days of new responsibility and last not least uk weather,10172,0,0,0,0,0,0,0,0,0,0,0,1
i profess at times it is challenging for me because i mostly feel resigned to an apathy concerning misery,10500,0,0,0,0,0,0,0,0,0,0,0,1
i know that car enthusiasts are a bit tribal and youre all starting to feel suspicious about a car journalist whos turned to the dark side but dont worry i still prefer four wheels to two,10553,0,0,0,0,0,0,0,0,0,0,0,1
i feel so relieved every single time i go in and hear that precious little heartbeat at my doctors office each month and literally one or two days later im back to worrying that things arent ok,10843,0,0,0,0,0,0,0,0,0,0,0,1
i was feeling constantly stressed about researching grad schools as preparation for my canada trip i spent a significant portion of time every day thinking and worrying about my presentation,10890,0,0,0,0,0,0,0,0,0,0,0,1
i feel horrible when i read about women whose husbands worry that their kids arent getting what they need homeschooling,11105,0,0,0,0,0,0,0,0,0,0,0,1
i laugh while i am feeling amused i wonder sometimes if it s just some weird social anxiety i have and am just not aware,11230,0,0,0,0,0,0,0,0,0,0,0,1
i think this is largely because i write for myself and because i am chiefly concerned with how i feel during the creative process and how i feel upon revisiting that work,11599,0,0,0,0,0,0,0,0,0,0,0,1
i don t regularly take anything for my anxiety i don t like how it makes me feel kind of carefree,11730,0,0,0,0,0,0,0,0,0,0,0,1
i makes this recipe completely gluten free but if that isnt a concern for you feel free to substitute soy sauce,12000,0,0,0,0,0,0,0,0,0,0,0,1
i feel like some days i am calm and others i am anxious and i need to keep myself moving forward even a little each day in order for my anxiety to really lessen,12126,0,0,0,0,0,0,0,0,0,0,0,1
i am standing in truth however vulnerable that might make me feel however foolish and fickle i worry that i might appear i am not foolish and fickle on the inside,12171,0,0,0,0,0,0,0,0,0,0,0,1
i feel foolish in my concern about the budget deficit,12183,0,0,0,0,0,0,0,0,0,0,0,1
i feel a sweet sense of optimism touched with anxiety about the coming days,12569,0,0,0,0,0,0,0,0,0,0,0,1
i feel like as long as i m going to a casual place like that i don t have to worry,12657,0,0,0,0,0,0,0,0,0,0,0,1
i worry for this degree i feel that the exams can determined,12750,0,0,0,0,0,0,0,0,0,0,0,1
i feel terrible and worry that people think i am just lazy because i cant seem to keep up with the laundry and floors,12985,0,0,0,0,0,0,0,0,0,0,0,1
i am not really concerned about looking good or about feeling as pretty as other girls,13240,0,0,0,0,0,0,0,0,0,0,0,1
i know you feel enraged by now but don t worry about this one because this hotel totally has only one guest,13271,0,0,0,0,0,0,0,0,0,0,0,1
i wonder off topic i often talk in riddles and metaphors sometimes it takes me forever to get to the point if after reading a few lines you begin to feel confused agitated annoyed dont worry youre perfectly normal,13735,0,0,0,0,0,0,0,0,0,0,0,1
im feeling low or my anxiety is particularly bad,13884,0,0,0,0,0,0,0,0,0,0,0,1
i start my week feeling strong and like a new woman and sometime during the weekend i let my anxiety get the best of me and there i am,14240,0,0,0,0,0,0,0,0,0,0,0,1
i read something along the lines of if you feel like youve been ignored dont worry,14245,0,0,0,0,0,0,0,0,0,0,0,1
ive been trying to keep my anxiety levels low but i think all ive managed to do is get used to the feeling of being constantly stressed out,14497,0,0,0,0,0,0,0,0,0,0,0,1
i nods thanking him for his concern and assuring him that they are feeling very comfortable,14648,0,0,0,0,0,0,0,0,0,0,0,1
i dont know how sl real reactions about the whole things not that i feel bothered or concerned at all i just hoped it couldve been done in my own way,14682,0,0,0,0,0,0,0,0,0,0,0,1
i woke this morning feeling relaxed and loose not much in the way of pain or worry,14778,0,0,0,0,0,0,0,0,0,0,0,1
i am still to slow do not have enough distance running that i feel comfortable about i am still overweight still living in a basement pulling myself up and out of debt slowly i still have no answers where he is concerned if anything,14789,0,0,0,0,0,0,0,0,0,0,0,1
i prepare i feel thankful that these events touch upon so many different concerns in my poetry from language issues to pacific aesthetics from the avant garde to eco poetry,14944,0,0,0,0,0,0,0,0,0,0,0,1
i love about these is that i feel they say so much more than worded ones and at least for me without the anxiety inducing text but i wonder whether im creating anxiety for other people on the roads as they wonder what im trying to say though perhaps this a useful good anxiety,15030,0,0,0,0,0,0,0,0,0,0,0,1
i didn t feel threatened physically but i was concerned he might try to pick my pocket,15656,0,0,0,0,0,0,0,0,0,0,0,1
i used to makes me worry whether im having a bad hair day after years in us my natural response is smiling anyway i feel giggly maybe it is the air or the marijuana sent in the air in the local parks,16137,0,0,0,0,0,0,0,0,0,0,0,1
i like that ive made this a tradition but i worry now that my kids will feel jaded as they get older,16151,0,0,0,0,0,0,0,0,0,0,0,1
i am laughing on the one with chinese flag because i feel free and i don t worry about anything,16483,0,0,0,0,0,0,0,0,0,0,0,1
i do and don t i do and i feel fine and don t feel anxious and that very lack of anxiety makes my brain feel so odd and almost causes anxiety due to the lack of anxiety thereof,16756,0,0,0,0,0,0,0,0,0,0,0,1
i firmly believe that the only way to go about this craft is to write the book that you feel passionate about and not to worry about finding the book that the mass audience desires,16947,0,0,0,0,0,0,0,0,0,0,0,1
i started feeling so overwhelmed and tired and getting anxiety over the changes that are soon to take place,17214,0,0,0,0,0,0,0,0,0,0,0,1
i feel like its sorta a version if irritated worry,17466,0,0,0,0,0,0,0,0,0,0,0,1
im not sure how i feel about it thrilled of course and the main concern is her health but after that im a little scared,17790,0,0,0,0,0,0,0,0,0,0,0,1
i feel ecstatic dont worry we can make love automatic come feel my body i think youre naughty http www,17849,0,0,0,0,0,0,0,0,0,0,0,1
i feel foolish worrying about it,17888,0,0,0,0,0,0,0,0,0,0,0,1
i do feel a little bit troubled and concerned,18278,0,0,0,0,0,0,0,0,0,0,0,1
im not worrying about oncoming threats i feel more peaceful up here,18279,0,0,0,0,0,0,0,0,0,0,0,1
i remember myself trying to say to my husband that i was feeling weird but i couldn t talk even tough all my body and mind was shouting anxiety attack help,18345,0,0,0,0,0,0,0,0,0,0,0,1
i am especially concerned for those of you still feeling lost still wondering,18437,0,0,0,0,0,0,0,0,0,0,0,1
i have a feeling my anxiety and irritable bowel will calm down,18531,0,0,0,0,0,0,0,0,0,0,0,1
i commit myself to place my relationship with myself as self honesty before my relationship with anxiety and fear that i will get hurt feelings if others become hostile with me,18826,0,0,0,0,0,0,0,0,0,0,0,1
i feel so glad beside worry,18847,0,0,0,0,0,0,0,0,0,0,0,1
i feel embarrassed and i worry that i really offended those moms,18897,0,0,0,0,0,0,0,0,0,0,0,1
i feel movabletype has plenty of legs left for the casual blogger i feel their focus in self hosted blogs has changed solely to business and their only concern for personal blogs are managed solutions like typepad livejournal and vox,18947,0,0,0,0,0,0,0,0,0,0,0,1
i believe if you want to feel rich just count all of the things you have that money cant buy like taking things to the centre dont pretend or lie bad tempered dont care what others think daydreamer concerned hate restrictions love attention very patient ambitious serious,19080,0,0,0,0,0,0,0,0,0,0,0,1
i dont like any of the songs ive written because as far as im concerned theyre failures because i feel like im still hated by the only person i love the person that i wrote them for,19164,0,0,0,0,0,0,0,0,0,0,0,1
i was not feeling good for the duo of anxiety and restlessness or the duo from the devil as one might say i hate most of all,19240,0,0,0,0,0,0,0,0,0,0,0,1
my father began to say incoherant things concerning my brothers and my own behaviour towards him his biased authoritarian and ridiculous point of view made us angry,19421,0,0,0,0,0,0,0,0,0,0,0,1
i have now so much that everyones concern feels fake,19549,0,0,0,0,0,0,0,0,0,0,0,1
i met from this point on where much more accommodating and shared more in my concern than making me feel dumb for being there,19653,0,0,0,0,0,0,0,0,0,0,0,1
i find that what keeps me from getting started is the anxiety that i don t know what i m going to say or even how i feel about the topic but then i remind myself that it s because i m uncertain about a topic that i want to write about it,19655,0,0,0,0,0,0,0,0,0,0,0,1
ive never listened to a talk that i felt was more personally applicable to me and to exactly what i was worrying about and feeling uncertain about what was going to happen with this baby,19665,0,0,0,0,0,0,0,0,0,0,0,1
i want four kids no not really but im concerned that if its another boy hell end up feeling left out of that special bond that daniel and alex have,19692,0,0,0,0,0,0,0,0,0,0,0,1
i struggled through my entire degree regretting my decisions feeling isolated and suffered with major bouts of anxiety and self doubt,19840,0,0,0,0,0,0,0,0,0,0,0,1
i spent so long only worrying about getting that positive result that now that that i have it i feel overwhelmed at the inevitable changes my body will go through,20026,0,0,0,0,0,0,0,0,0,0,0,1
i worry about all of the time ive been spending on the computer and about how i feel so distracted by the party,20117,0,0,0,0,0,0,0,0,0,0,0,1
im in can at times cause me tension and anxiety i also feel like i am working towards something worthwhile,20154,0,0,0,0,0,0,0,0,0,0,0,1
i have no memories of laughing and being carefree being able to safely explore my boundaries or feeling loved my memories are of worry and constantly striving to be better,20193,0,0,0,0,0,0,0,0,0,0,0,1
i could feel her anxiety and i hated that she was feeling that way,20292,0,0,0,0,0,0,0,0,0,0,0,1
i feel swami s grace in allowing me to release fear anxiety suffering and obstacles into his infinite peace,20583,0,0,0,0,0,0,0,0,0,0,0,1
i feel anxious and have trouble sleeping in addition to anxiety and excitement about the race itself,20604,0,0,0,0,0,0,0,0,0,0,0,1
i must return to work jared said trying to end the call because those irish vowels were making him feel nervous but not in the bad way and that had started to worry him a lot,20653,0,0,0,0,0,0,0,0,0,0,0,1
i feel the blood pressure and anxiety going up after a particularly unsavory email i check my pulse,20681,0,0,0,0,0,0,0,0,0,0,0,1
i also worry even for those who do not have dark pasts and this is even something i feel about the lovely h that my memories and words may taint another person s soul that they do not need their heart marred by hearing my dark memories,20805,0,0,0,0,0,0,0,0,0,0,0,1
i worry about my mom because her health isn t too well right now so i feel low various times of the day and i try to mentally pull myself out of it and get through the day without having to fake every smile,20912,0,0,0,0,0,0,0,0,0,0,0,1
i remember seeing concern in his eyes and feeling bad for putting him through it,21019,0,0,0,0,0,0,0,0,0,0,0,1
i was like oh thats awesome blah but then he was like reminding me hes interested in this other girl and i was like i know this but what concerns me more is if it makes you feel too weird to be with me like this,21208,0,0,0,0,0,0,0,0,0,0,0,1
i find myself worrying about every single detail of every single thing and find myself feeling more bitter than better,21231,0,0,0,0,0,0,0,0,0,0,0,1
i love being able to just do what i like and not worrying about maybe hurting the feelings of some romantic partner,21362,0,0,0,0,0,0,0,0,0,0,0,1
i came before the enormous rocks holding all those difficult things i d been feeling like fear and anxiety and longing and i was able to completely let them go,21477,0,0,0,0,0,0,0,0,0,0,0,1
i really cant count the number of times i cried feeling overwhelmed by someones expression of concern or just by the very fact that they were thinking of me,21583,0,0,0,0,0,0,0,0,0,0,0,1
i dont worry about length unless i have a time constraint i write until i feel ive come to the end of what i want to share and never feel offended if you dont read the whole thing,21747,0,0,0,0,0,0,0,0,0,0,0,1
i didn t experience concerns i feel self assured to meet upwards yet again in order to the lover along with we ll have happy time whenever and can maintain the lady s palms for a long time along with ever before,21868,0,0,0,0,0,0,0,0,0,0,0,1
i experience a high level of anxiety and feel inhibited in my interactions,22002,0,0,0,0,0,0,0,0,0,0,0,1
i was feeling pretty miserable and the dr seemed to be dismissing my concerns for a higher blood pressure,22039,0,0,0,0,0,0,0,0,0,0,0,1
i feel anxiety when i see hateful words fly across my twitter timeline,22061,0,0,0,0,0,0,0,0,0,0,0,1
i personally was under so much stress and worry at that time i felt the utter pressure put on me by some of the staff in scbu was completely out of order i was made to feel awful by one old school nurse as i was letting him down not trying harder,22288,0,0,0,0,0,0,0,0,0,0,0,1
i must learn to let go of these feelings of worry fear disappointment and anger when others do not seem sympathetic to my pain,22396,0,0,0,0,0,0,0,0,0,0,0,1
i just stay home and worry and fret and feel more and more helpless,22403,0,0,0,0,0,0,0,0,0,0,0,1
i do like the ingredients and feel that if you have concerns such as fine lines and wrinkles dark circles or large pores then this is a great serum to add into your regimen,22767,0,0,0,0,0,0,0,0,0,0,0,1
i was most concerned with and as i started playing around with nesting of futures to compose my calculation i started to feel pretty clever and imagined i was onto something good,22798,0,0,0,0,0,0,0,0,0,0,0,1
im also feeling very petty about something at the moment but its not weighing too heavily on my mind because there really are much more important things to worry about,23383,0,0,0,0,0,0,0,0,0,0,0,1
i feel accepted as the big one in the family i worry that i am going to ruin the expensive wedding pics,23618,0,0,0,0,0,0,0,0,0,0,0,1
i do get stressed and i have many things to worry about im happy because ive begun to feel greedy about my work,23638,0,0,0,0,0,0,0,0,0,0,0,1
i do not worry about every nuance of my day and its presentation to others less little things to worry about and that makes me feel less neurotic overall and less likely to trigger psychotic episodes as well,24192,0,0,0,0,0,0,0,0,0,0,0,1
i have found myself with less anxiety feeling less rushed and more relaxed this past two weeks,24249,0,0,0,0,0,0,0,0,0,0,0,1
i worry about getting older i love my silver hairs and i feel lucky to be in one of the few professions that actually values the wisdom of age,24290,0,0,0,0,0,0,0,0,0,0,0,1
i feel peaceful about this decision and glad i wont have to be at home worrying if im going to have another emergency transfer again,24984,0,0,0,0,0,0,0,0,0,0,0,1
i guessed my feeling was just my super worrying,25643,0,0,0,0,0,0,0,0,0,0,0,1
i feel embarrassed about my anxiety,25750,0,0,0,0,0,0,0,0,0,0,0,1
i was failing to perform my expected duties and worrying about things i may have forgotten yesterday when i was starting to feel rather crappy,25756,0,0,0,0,0,0,0,0,0,0,0,1
i still feel uncertain about how i feel about nick after im officially over the fight then well id have reason to worry,25798,0,0,0,0,0,0,0,0,0,0,0,1
i dont appreciate all the words or concern and protectiveness towards me cos i really really do feel very lucky and loved to have such nice readers,25969,0,0,0,0,0,0,0,0,0,0,0,1
ive been able to scour concerning feeling worthless a href http,26048,0,0,0,0,0,0,0,0,0,0,0,1
im out of danger but i have this abiding feeling that my very self was threatened this is anxiety,26737,0,0,0,0,0,0,0,0,0,0,0,1
i learned years ago was to say yes to opportunities that made me feel nervous because the anxiety was a sign that i d learn something useful,26749,0,0,0,0,0,0,0,0,0,0,0,1
i hate feeling anxiety especially when it makes me feel inadequate,26856,0,0,0,0,0,0,0,0,0,0,0,1
i feel so stressed out over the little things that use to not bother me but then again everything is causing me to be stressed and feel the anxiety overwhelming with work and bills and everyone,27217,0,0,0,0,0,0,0,0,0,0,0,1
im happy i got up to the studio but feeling like a slug as of all the wonderful anxiety of the holiday fest has me wiped,27354,0,0,0,0,0,0,0,0,0,0,0,1
i feel weird with just his perfect day of worry free lazy junk food and video games,27446,0,0,0,0,0,0,0,0,0,0,0,1
i have become more and more concerned not only for my own future daughters but for all the girls who are out there currently trying to feel accepted by the worlds standards,27485,0,0,0,0,0,0,0,0,0,0,0,1
i restrain all emotion asked asked her su wen is a laugh said see us smiling at the side maybe the feeling that i am sincere concern for su wen is right,27699,0,0,0,0,0,0,0,0,0,0,0,1
ive always maintained that this is harder than me going to work everyday i think she was feeling kind of listless but we talked about it a lot to make sure we understood each others concerns and expectations for the next few years,28229,0,0,0,0,0,0,0,0,0,0,0,1
i do not believe that the way to go as you suggest is to put up structures to make people feel comfortable to preclude that anxiety,28350,0,0,0,0,0,0,0,0,0,0,0,1
i am not concerned with whether or not this person likes me or if they feel offended by the fact that i relayed the information they gave me,28668,0,0,0,0,0,0,0,0,0,0,0,1
i was friends with girls who made me feel like an ugly troll because i was more concerned with having fun than what i looked like,28753,0,0,0,0,0,0,0,0,0,0,0,1
i feel like weird talking about it almost because sometimes i feel like there have been moments on my mission when ive had like almost anxiety almost even like ocd because of all the random little things that are expected of us,29395,0,0,0,0,0,0,0,0,0,0,0,1
i am writing this article because of the ever growing concern i feel burdened with over the increasing distance the church is drifting deeper into apostasy,29587,0,0,0,0,0,0,0,0,0,0,0,1
i am left clammy handed anxiety riddles feeling immensely intimidated,29596,0,0,0,0,0,0,0,0,0,0,0,1
i plan to check a couple of places out because i just feel the need to punch and kick at things without having to worry that i am being violent,29640,0,0,0,0,0,0,0,0,0,0,0,1
i can be such a foodie that i thought the act of physically giving away food might be good for me and remind me how grateful i am to have any food but the feeling post participation was much more friendly and less self concerned,29641,0,0,0,0,0,0,0,0,0,0,0,1
i feel terrible for making him worry,30052,0,0,0,0,0,0,0,0,0,0,0,1
i feel that though xampp seems to be more popular vertrigoserv is underrated and is a better choice as far as simplicity of usage is concerned,30350,0,0,0,0,0,0,0,0,0,0,0,1
i feel extremely fond of comes an avalanche of anxiety,30429,0,0,0,0,0,0,0,0,0,0,0,1
i decided to write my feelings thoughts dreams concerns all on a blog instead of my facebook since everyone says i have an amazing attitude about my situation,30703,0,0,0,0,0,0,0,0,0,0,0,1
i havent given myself a goal weight because i hate the scale and im more concerned with how i look and feel than a stupid number,31259,0,0,0,0,0,0,0,0,0,0,0,1
im finding myself feeling fairly agitated and a little stressed with revision which is leading to emotional eating so having one less thing to worry about will not only help me to relax a little but also free up some well needed energy to keep my head in the books,31313,0,0,0,0,0,0,0,0,0,0,0,1
i can t help but feel it s god s way of trying to calm me down and the only parts of the song i actually hear repeating over and over is don t worry about a thing,31534,0,0,0,0,0,0,0,0,0,0,0,1
i feel impressed that we have made the best decisions given our circumstances but that doesnt keep me from worrying and second guessing myself at the time,31694,0,0,0,0,0,0,0,0,0,0,0,1
i think the turning point for me was when i started to lose sleep and started feeling stressed about wanting to do the right thing and not letting others down worrying about failing worrying about stepping out of my comfort zone or thinking i somehow wasn t as good as other people,31712,0,0,0,0,0,0,0,0,0,0,0,1
i start to be concerned regarding the future start off to believe that i m a failure start off to turn out to be paranoid about what other folks feel of me and essentially turn into frightened to leave my own property,31957,0,0,0,0,0,0,0,0,0,0,0,1
i feel a tender concern that the work of reformation so prosperously carried on in this land within a few ages past may go forward and spread among the nations and may not go backward through dust gathering on our garments who have been called to a work so great and so precious,32091,0,0,0,0,0,0,0,0,0,0,0,1
i took away most from this is that when i feel alarmed or concerned about the way someone is interacting with me or my child i shouldnt just disregard it and assume the best,32251,0,0,0,0,0,0,0,0,0,0,0,1
i feel that pretenders is a far more rebellious and troublesome album for all concerned and a lot of the songs still aren t radio friendly,32464,0,0,0,0,0,0,0,0,0,0,0,1
i did great as far as eating is concerned and spent hours seriously scrubbing and vacuuming the apartment next door and this morning im feeling that in my triceps which is amazing to feel again and potentially addicting which is a good thing,32696,0,0,0,0,0,0,0,0,0,0,0,1
i eat when my baby lets me i sleep when my baby lets me i care for my baby all day i feel horrible when i am away from him i worry about his well being i revel in his smiles and plan my activities based on things that he will enjoy,32855,0,0,0,0,0,0,0,0,0,0,0,1
i found an article that i like to see in print from time to time because it allows me to feel less foolish concerning my thoughts on the subject,32941,0,0,0,0,0,0,0,0,0,0,0,1
i feel more relaxed because i have nothing to worry about especially since ive done nothing wrong,32978,0,0,0,0,0,0,0,0,0,0,0,1
i also vomited up blood this is slightly worrying but it wasn t much blood maybe a teaspoon at the most although my stomach feels tender today and has started hurting again like it did a while back,33066,0,0,0,0,0,0,0,0,0,0,0,1
i find myself feeling this way i remind myself that questions about why i have anxiety usually don t lead anywhere useful,33097,0,0,0,0,0,0,0,0,0,0,0,1
i dont like that i worry about everything and that no matter how many people i have to talk to i feel like i am pretty alone in this,33147,0,0,0,0,0,0,0,0,0,0,0,1
i feel more relaxed now towards the delivery which takes away a big concern,33226,0,0,0,0,0,0,0,0,0,0,0,1
i have been feeling like this worry uncertain for weeks now,33434,0,0,0,0,0,0,0,0,0,0,0,1
i tried not to feel ashamed about big emotions are pretty appropriate where end of life narratives and choices are concerned,33468,0,0,0,0,0,0,0,0,0,0,0,1
i always break up with people when i m feeling overwhelmed i will hate you for a period after we break up we will break up because that s what i do i have horrible anxiety problems most of our conversations will consist of me sobbing nothing i do is good enough,33500,0,0,0,0,0,0,0,0,0,0,0,1
i know these concerns are totally stupid and conceited but i can t help feeling stressed about the beauty aspects of the big day,33612,0,0,0,0,0,0,0,0,0,0,0,1
im still feeling a bit shy about sharing it i worry about peoples bad reactions to it its a name that me and coyote really like and the people we have told have liked it too,33819,0,0,0,0,0,0,0,0,0,0,0,1
i cant read books without feeling like a terrible author without thinking every book is better than mine without having significant anxiety attacks about how insufficient i am,33820,0,0,0,0,0,0,0,0,0,0,0,1
i coulda seen some of my p nam lovers but all that darn snow held me up dont worry i have a feeling the month of february will bring some fab times,33869,0,0,0,0,0,0,0,0,0,0,0,1
i feel ignored its just this knife through my heart and i cant help but start getting insecure all over again and start worrying over the tiniest of things,33905,0,0,0,0,0,0,0,0,0,0,0,1
i don t like feeling vulnerable or exposing all my worries and concerns mostly because i have felt the need to hold it together to be the strong one,34013,0,0,0,0,0,0,0,0,0,0,0,1
i feel we must walk with our patients through suffering explaining the process as we journey together and in order to do this we must practice basking in suffering anxiety and other worse emotions our self,34045,0,0,0,0,0,0,0,0,0,0,0,1
i think too much about every single thing which leads me to worrying and feeling stressed out easily,34160,0,0,0,0,0,0,0,0,0,0,0,1
i worry so much about every necessary detail of our lives that at the end of the day i feel like i missed out on the most important part enjoying it,34162,0,0,0,0,0,0,0,0,0,0,0,1
i find myself feeling very envious of the other mothers that are just going to swing on by and drop their children off without a concern of what blood sugars will be doing carb counting insulin on board being checked over night dropping numbers etc,34535,0,0,0,0,0,0,0,0,0,0,0,1
i normally try to stick to topics related to art photography travel and technology in my blog posts however i m going to veer off and address some things that have me feeling very frustrated concerned and even helpless in this blog essay,34578,0,0,0,0,0,0,0,0,0,0,0,1
i figured a hot shower would rinse away any doubt loss or anxiety i was feeling but my thoughts became suffocated and i felt doomed in fear,34600,0,0,0,0,0,0,0,0,0,0,0,1
i feel that im in your heart and you know im worry and caring about you wherever you go unless im following you beside p i really like it when baby text me in sometime that i never thought u will,34814,0,0,0,0,0,0,0,0,0,0,0,1
i dont want to be that annoying girl that always needs someone but times like this thats exactly what i end up being and it makes me feel that much more pathetic than i already do for being this anxiety ridden girl that anyone has to deal with,35225,0,0,0,0,0,0,0,0,0,0,0,1
i just need to stop feeling bad and worrying too much about finding my niche in life,35232,0,0,0,0,0,0,0,0,0,0,0,1
i took for complaining about money on this blog i feel hesitant to share concerns that i have when our expenditures exceed our cash flow,35508,0,0,0,0,0,0,0,0,0,0,0,1
i wasn t concerned with feeling uncomfortable or out of place but immediately i realized that i was wrong,35720,0,0,0,0,0,0,0,0,0,0,0,1
i can spend endless hours in the sun feeling glamorous in my coolibar stuff and i don t have to worry about sunburn skin cancer or wrinkles,35793,0,0,0,0,0,0,0,0,0,0,0,1
i feel petty worrying about time changes and feeling overwhelmed,35822,0,0,0,0,0,0,0,0,0,0,0,1
im afraid im going to spend the first few days of my trip a nervous wreck worrying about him and feeling completely useless and powerless because i will be so far away,35911,0,0,0,0,0,0,0,0,0,0,0,1
i feel my accent messes up my spelling abilities not going to worry about it just going to mellow out,36073,0,0,0,0,0,0,0,0,0,0,0,1
i can feel my anxiety kick in i become irritable i start doing busy work to occupy my thoughts and then i get angry that night has to come at all,36332,0,0,0,0,0,0,0,0,0,0,0,1
i was surprised to still be pregnant and although no concerns were expressed i got the feeling he was a little surprised too,36394,0,0,0,0,0,0,0,0,0,0,0,1
i can t help but feel so embarrassed at how obnoxious you are when you re trying too hard yes i can feel embarrassed for you too don t worry though i m not embarrassed of you yet,36691,0,0,0,0,0,0,0,0,0,0,0,1
i first don t understand the anxiety i feel or when the voices chatter out of control and i become agitated and bothered by their loud uncontrollable noise filling my head,36743,0,0,0,0,0,0,0,0,0,0,0,1
i think more people could benefit from feeling confident in their own tastes and their own choices without worrying about what other people think,36830,0,0,0,0,0,0,0,0,0,0,0,1
i have a strong feeling that my family and friends would be shocked and i am currently worried about them feeling like they owe me something or having regrets concerning me and our relationship,37121,0,0,0,0,0,0,0,0,0,0,0,1
i feel anger anxiety disturbed,37220,0,0,0,0,0,0,0,0,0,0,0,1
my mother carried on using mental pressure concerning something which was serious and a real burden to me,37228,0,0,0,0,0,0,0,0,0,0,0,1
i have a worrying feeling her cleaner has resigned too,37268,0,0,0,0,0,0,0,0,0,0,0,1
i government had damn well better get on the ball and do what they need to do to reach out to the minority groups that feel wronged by them and actually work towards a fair government or they are on their fucking own far as im concerned,37448,0,0,0,0,0,0,0,0,0,0,0,1
i also remember feeling embarrassed and worrying about what people would say since i had only recently recovered from another bad fall while rushing down the hard wet marble steps of our local subway,37469,0,0,0,0,0,0,0,0,0,0,0,1
i try not to let my anxiety show and make him feel unwelcome,37572,0,0,0,0,0,0,0,0,0,0,0,1
i no longer feel like i need to own every gorgeous pair of shoes i see but i am starting to worry,37685,0,0,0,0,0,0,0,0,0,0,0,1
i started the panic puzzle program to help me with my anxiety and panic attacks that caused me to feel so terrified and isolated,37999,0,0,0,0,0,0,0,0,0,0,0,1
i would tackle these challenges without worrying too much this time im feeling paranoid is my knee hurting more than usual,38058,0,0,0,0,0,0,0,0,0,0,0,1
i was a little concerned that scott would feel inhibited physically with a straight man in the room next to ours,38221,0,0,0,0,0,0,0,0,0,0,0,1
i start worrying or feeling jealous about something that doesnt concern me,38249,0,0,0,0,0,0,0,0,0,0,0,1
i can feel my low blood pressure and im filled with fear and anxiety,38300,0,0,0,0,0,0,0,0,0,0,0,1
i feel relaxed concerning xbox one fifa coins,38390,0,0,0,0,0,0,0,0,0,0,0,1
i definitely have moments more that id like to admitt where i feel overwhelmed and out of sorts just like everyone else i also try to pay attention to what triggers my anxiety and consider why i am reacting that way,38539,0,0,0,0,0,0,0,0,0,0,0,1
im most honest anxiety and worry and it feels so terrible to say disappointment,38746,0,0,0,0,0,0,0,0,0,0,0,1
i have to be very careful about what i eat for my health so a naturopathic doctor i recently saw was concerned when i told her that wendy s is my go to place when i am feeling stressed out,39038,0,0,0,0,0,0,0,0,0,0,0,1
i started to feel more energetic after only a few days my stomach started to tone my boobs became more pert and to my delight after worrying about recent butt sagginess my butt actually lifted,39169,0,0,0,0,0,0,0,0,0,0,0,1
i decided to write my feelings thoughts dreams concerns all on a blog instead of my facebook since everyone says i have an amazing attitude about my situation,39545,0,0,0,0,0,0,0,0,0,0,0,1
ive always had a fear of energy dynamics in sex tonight with a man who was far too talkative as it feels many ive been attracting have been but he had a cat he was fond of talking to narrating our sexual exploits playfully saying dont worry we didnt break him,39559,0,0,0,0,0,0,0,0,0,0,0,1
ive seen a few posts from bloggers on facebook recently worrying that theyre not getting enough views and feeling disheartened,39774,0,0,0,0,0,0,0,0,0,0,0,1
ive been worrying about whos happy when where how i can make the situation lighter for whomever is feeling distressed etc,39790,0,0,0,0,0,0,0,0,0,0,0,1
im tired of feeling intimidated or shamed for having valid concerns about the escalating problems in this nation with the use abuse of weapons and i want to see something done about it,39928,0,0,0,0,0,0,0,0,0,0,0,1
i leave it alone i feel irritated that i m letting such comments go by unchecked and if i challenge it i worry that i ve overstepped a line,40428,0,0,0,0,0,0,0,0,0,0,0,1
im still very concerned about skin cancer but when i have my sunscreen on it feels fantastic to be in the sun for short periods of time,40760,0,0,0,0,0,0,0,0,0,0,0,1
i went to bed i started having all kinds of anxiety that slugs would start crawling up the walls of my bedroom and there would be an infestation of something and i feel like i am only being mildly paranoid,40771,0,0,0,0,0,0,0,0,0,0,0,1
i feel troubled worrying that the idealism which is still in me might leave soon due to the gloomy employment condition that the country is facing,40999,0,0,0,0,0,0,0,0,0,0,0,1
i spent considerable time building a case that when were feeling vulnerable and defensive we tend to offer arguments that are just a little bit removed from the real issue that concerns us,41239,0,0,0,0,0,0,0,0,0,0,0,1
im in that place where you feel so bothered by something that the concern of offending people has temporarily left my brain and its been replaced with the question who on earth is offended by an anti war song,41887,0,0,0,0,0,0,0,0,0,0,0,1
i feel shocked that the anxiety that used to plague me is still absent as though i ve been pardoned for a certain time as grace but it s not going to last,41986,0,0,0,0,0,0,0,0,0,0,0,1
i worry any less but i feel a little reassured that this should pass fairly quickly,42118,0,0,0,0,0,0,0,0,0,0,0,1
i don t think it s any concern i just feel like once we get it clicking i think it s going to be a dangerous offensive unit,42317,0,0,0,0,0,0,0,0,0,0,0,1
i feel triumphant in my successful hiding spot i feel anxiety and panic,42465,0,0,0,0,0,0,0,0,0,0,0,1
i am concerned peddie gives me that feeling of loving someone and being loved back,42475,0,0,0,0,0,0,0,0,0,0,0,1
i am anemic i am sooo tired and lightheaded and get the spaced out feeling but when i am out with it i have anxiety attacks because i am terrified of passing out,42593,0,0,0,0,0,0,0,0,0,0,0,1
i feel no other language in the world is as rich as bengali as far as rhythm is concerned though there has been several controversies about rhythm,42642,0,0,0,0,0,0,0,0,0,0,0,1
i feel awkward not feeling like i should be stressin this or worrying about that,42852,0,0,0,0,0,0,0,0,0,0,0,1
i am concerned that my gut feeling about not dropping aol that quickly about not trusting verizon was not just paranoia,43134,0,0,0,0,0,0,0,0,0,0,0,1
i feel like on the internet i can be this fearless person that doesnt have to worry about anything im able to not be nervous and talk to anyone that i want to,43515,0,0,0,0,0,0,0,0,0,0,0,1
i feel compassionate concern regarding what they are thinking and feeling,43620,0,0,0,0,0,0,0,0,0,0,0,1
i feel a little shocked that i hadn t heard of this service before as it definitely feels like a pretty powerful cms hosted in such a way that users will never have to worry about upgrading their software or worrying about their own bandwidth and storage space,43748,0,0,0,0,0,0,0,0,0,0,0,1
i worry when i feel miserable amp oppressed,43856,0,0,0,0,0,0,0,0,0,0,0,1
i would like to feel rather in a beaten way with a dash of anxiety thrown it,44091,0,0,0,0,0,0,0,0,0,0,0,1
i am a little overwhelmed with this sudden self confidence and how amazing i feel and it makes me worry that im being vain and almost makes me feel guilty for feeling so damn good about myself,44382,0,0,0,0,0,0,0,0,0,0,0,1
i am extremely horrified and anxiety injury like splitting heads and stabs and amputations i experience like i stated i get frightened and i really feel apprehensive and poor like its actually transpired to me,44391,0,0,0,0,0,0,0,0,0,0,0,1
i feel that if some do get offended then it doesn t worry me,44396,0,0,0,0,0,0,0,0,0,0,0,1
i was feeling extremely apprehensive id heard all the horror stories about the side effects and dr google was not alleviating my anxiety either,44934,0,0,0,0,0,0,0,0,0,0,0,1
i aint feeling it this is where been carefree deffinately is worrying in its self,45257,0,0,0,0,0,0,0,0,0,0,0,1
i don t remember feeling terrified as the storm blew through but i think i would be lying if i didn t say there was some fear and anxiety there,45319,0,0,0,0,0,0,0,0,0,0,0,1
i could do my strut walking to nsync and not have to worry about feeling inadequate,45482,0,0,0,0,0,0,0,0,0,0,0,1
ive long since stopped worrying people will find out or feeling shy about saying something where it really should be said,45682,0,0,0,0,0,0,0,0,0,0,0,1
i feel as if i need something playful and adventurous to wake myself up like ive been stuck in the dredges of trying to grow up and then not grow up and then take care of and worry about things i shouldnt be taking care of or worrying about to begin with,45734,0,0,0,0,0,0,0,0,0,0,0,1
i liked it when u called me when u tot i was stressed at work i liked it when u showed me the least hint of concern i liked it when u made me feel u bothered i dont like it when u made me feel im being stupid to wait for ur replies on the phone without a call msg to tell me to wait,45774,0,0,0,0,0,0,0,0,0,0,0,1
i was concerned i would run back to the flat screen the second i began to feel neglect from that beloved someone,45886,0,0,0,0,0,0,0,0,0,0,0,1
i worry and wonder and laugh about there s a world of others out there who have been waiting to hear someone else admit to what you re admitting and they are so overjoyed to find that little connection with another person especially if it s something they ve been feeling strange or insecure about,46053,0,0,0,0,0,0,0,0,0,0,0,1
i start to detach myself from the thought of no longer feelings and caring and wanting to be with him my anxiety immediately increases i then begin to think of life outside of him,46271,0,0,0,0,0,0,0,0,0,0,0,1
i did remember to breathe in the anxiety i was feeling and to breathe out calm for myself and all others who might be feeling the same way,46320,0,0,0,0,0,0,0,0,0,0,0,1
i feel confident in my ability to provide a starting point regarding human sexuality questions or concerns for people of all ages its more important for these people to also be confident in my abilities,46487,0,0,0,0,0,0,0,0,0,0,0,1
i feel optimistic about the progress in brain science and its potential to provide real help for people with depression anxiety and other mental problems,46512,0,0,0,0,0,0,0,0,0,0,0,1
i need to act cool act unconcern to him so that he wont feel he is special he is appreciated so that i feel safe that he couldnt see the truth sides of me im so tired of covering all the real feelings,46676,0,0,0,0,0,0,0,0,0,0,0,1
i cant understand although i can feel hes very loving and concern about my welfare always,46867,0,0,0,0,0,0,0,0,0,0,0,1
i worry that if i feel better itll mean im used to not having my dad around and that doesnt sit comfortably with me at all,46956,0,0,0,0,0,0,0,0,0,0,0,1
i found that i like not having my breast move so much when i walk and i like the look as i can were a low shirt with out feeling slutty or worrying people are going to think im trying to display them,46968,0,0,0,0,0,0,0,0,0,0,0,1
im stuck and have too much earth energy i can usually tell because i start to worry or feel resentful then i push my earth energy forward in the cycle to metal,46981,0,0,0,0,0,0,0,0,0,0,0,1
i worry when people use currency that i don t have like fame or words or knowledge and i feel apprehensive,47015,0,0,0,0,0,0,0,0,0,0,0,1
i had a third round or public speaking but leading up to today i was feeling pretty unsure and concerned about how i would use the,47250,0,0,0,0,0,0,0,0,0,0,0,1
i remember myself trying to say to my husband that i was feeling weird but i couldn t talk even tough all my body and mind was shouting anxiety attack help,47252,0,0,0,0,0,0,0,0,0,0,0,1
i think in a normal pregnancy theres enough to worry about and im feeling put upon and victimized that short of week i get to worry about extra shit too,47280,0,0,0,0,0,0,0,0,0,0,0,1
i am feeling the most horrible mix of anticipation and anxiety and apprehension,47364,0,0,0,0,0,0,0,0,0,0,0,1
i feel ungrateful because im in some wonderful place looking at some wonderful scenery and all i can do is worry,47430,0,0,0,0,0,0,0,0,0,0,0,1
i sort of want to feel shocked and ashamed that i really really want to read slashfic about real people but ive already done that so im not too concerned about it and also its not quite the same if the real people are portrayed by actors and who wouldnt want to read about obsessive,47493,0,0,0,0,0,0,0,0,0,0,0,1
ive had a few dreams where they move away and i feel distraught but maybe this was linked to my deep worry that well lose their friendship when we move so far away from them,47683,0,0,0,0,0,0,0,0,0,0,0,1
i fail to please someone i feel i need to be punished often punishing myself with lots of worry and self loathing,47794,0,0,0,0,0,0,0,0,0,0,0,1
i feel a bit selfish in not wanting my son to be one of those people and while i have cried tears of worry on my quiet rides to and from work i am proud of him,47926,0,0,0,0,0,0,0,0,0,0,0,1
i feel the spirit supporting me in this and i dont worry as much as i might,48145,0,0,0,0,0,0,0,0,0,0,0,1
i had only returned his feelings but seeing him this way mournful for craig and worrying for his lover even when his own life is in danger david realizes that orli was never his,48164,0,0,0,0,0,0,0,0,0,0,0,1
i was in the ultra cheap section i have a feeling my efforts may have been in vain as far as the tv cameras were concerned,48237,0,0,0,0,0,0,0,0,0,0,0,1
i need it without feeling guilty or concerned with losing my pride seems to somehow blend in with all the lessons,48373,0,0,0,0,0,0,0,0,0,0,0,1
i do feel a bit apprehensive with starting it as its technically my first although its slightly imperfect so im going to try not to worry about messing it up,48622,0,0,0,0,0,0,0,0,0,0,0,1
i feel my heart becoming restless anxiety trying to get a hold of me every now and then i feel the tension taking over i m so distracted by everything but you say it s gonna be ok you are with me every step of the way i don t need to know where i m gonna go just as long as you lead the way,48754,0,0,0,0,0,0,0,0,0,0,0,1
i constantly worry about their fight against nature as they push the limits of their inner bodies for the determination of their outer existence but i somehow feel reassured,49066,0,0,0,0,0,0,0,0,0,0,0,1
i know that what i put in the blog is there for all to see but somehow this spooked me now i feel a bit foolish for letting it worry me,49085,0,0,0,0,0,0,0,0,0,0,0,1
i am sharing this is because i feel like a lot of people take my anxiety as me being rude or being a snob when that is not the case at all,49213,0,0,0,0,0,0,0,0,0,0,0,1
i goes on to say that islamophobia has left many muslims around the world feeling aggravated and misunderstood concerned about the erosion of their rights and even fearing for their physical safety,49219,0,0,0,0,0,0,0,0,0,0,0,1
i often think about when i am feeling distressed or discouraged and tempted to worry or fear god is worthy of my brain space,49393,0,0,0,0,0,0,0,0,0,0,0,1
i feel like at the moment with all the things to do and worry about and organise and because he is so supportive i have let myself forget to give him the attention he deserves,49577,0,0,0,0,0,0,0,0,0,0,0,1
i force myself to be in denial about my longing and not to think about it because i worry that having these feelings of longing will somehow cause god to turn his face away,49849,0,0,0,0,0,0,0,0,0,0,0,1
i can t help but smile at her concern and her burning curiosity but suddenly i feel shy,49954,0,0,0,0,0,0,0,0,0,0,0,1
i feel it s vital to engage with patients at every opportunity on what good nutrition looks like and dispel some of the myths good examples are in consultations where patients present with cancer anxiety or ibs,50044,0,0,0,0,0,0,0,0,0,0,0,1
i feel discipline is vital and that we suffer the lack of it but as concerned citizens we can t allow people with authority the right to abuse that authority by abusing others who can t defend themselves,50118,0,0,0,0,0,0,0,0,0,0,0,1
i feel suspicious about social networking and concerned about internet anonymity,50589,0,0,0,0,0,0,0,0,0,0,0,1
i do not see or feel the need to respond to any of your ludicrous questions concerning anything,50940,0,0,0,0,0,0,0,0,0,0,0,1
i look forward to living with less worry and less concern for what the world says about who i am what i think or how i feel i am so in love with today and relieved i feel the way i do,50945,0,0,0,0,0,0,0,0,0,0,0,1
i ended up at the methadone clinic doing some anti drugs meeting which i didnt really feel up to as i had been feeling too uptight and anxious over nothing and the only way to get out of that anxiety is to move or pace around which makes me hyper and higher,51048,0,0,0,0,0,0,0,0,0,0,0,1
i really like this person feel that the question was really asked out of a sincere place of love and concern about how to move forward in light of what the sexuality study recently a href http www,51406,0,0,0,0,0,0,0,0,0,0,0,1
i dont know i get anxiety i think when tensions are high and im feeling just a bit overwhelmed with my lifes situation right now,51641,0,0,0,0,0,0,0,0,0,0,0,1
i hadnt seen her in a few weeks and she asked how i was feeling in that sincere concerned tone ive grown so familiar with these last several months,51657,0,0,0,0,0,0,0,0,0,0,0,1
i feel so low that i worry that its out of the ordinary but i have to remind myself that i was probably blocking some of it with alcohol over the past few years,51710,0,0,0,0,0,0,0,0,0,0,0,1
i feel this way because she was very tranquil and settled by the time i came along and her only real worry before she got sick was me,51856,0,0,0,0,0,0,0,0,0,0,0,1
i was making jokes with the surgeon laughing off my anxiety and i was feeling brave,53116,0,0,0,0,0,0,0,0,0,0,0,1
i know it shouldnt matter and that there are more serious things to worry about in the world but i cant help feeling annoyed and chested in some way but maybe its indication of a much bigger issue,53346,0,0,0,0,0,0,0,0,0,0,0,1
i am already feeling anxious then how is going off my anti anxiety medicine going to help me,53371,0,0,0,0,0,0,0,0,0,0,0,1
i feel relaxed concerning xbox one fifa coins class text required,53718,0,0,0,0,0,0,0,0,0,0,0,1
i shared with her how i was feeling fearful about my ability to make wise decisions concerning the ministry because im keenly aware of some bad ones i have made,53747,0,0,0,0,0,0,0,0,0,0,0,1
im feeling so thankful that all my worry and concerns seem to be for naught,53804,0,0,0,0,0,0,0,0,0,0,0,1
i am certain is it mainly because my previous sir was more gentle and sensual this scene touched feelings of anxiety and fearful loyalty,54012,0,0,0,0,0,0,0,0,0,0,0,1
i have found that if i am too energetically connected to my computer amp my phones my life becomes full of worries and concerns instead of feeling the undercurrent stillness and divine grace that actually makes work much better perceptions much clearer,54336,0,0,0,0,0,0,0,0,0,0,0,1
i get self conscious i feel embarrassed about blemishes i worry about how other people will perceive me,54367,0,0,0,0,0,0,0,0,0,0,0,1
i had gained from being on neurontin a medication which was successful in curbing anxiety i used to pop it when i d feel myself getting agitated but which i felt was making me fat,54430,0,0,0,0,0,0,0,0,0,0,0,1
i really feel appalled and frustrated that up to now you haven t been messaging me back concerning this,54489,0,0,0,0,0,0,0,0,0,0,0,1
i feel that im quite burdened with a number of stuffs and some doesnt really concerned me but i have to do it because its a kin,54893,0,0,0,0,0,0,0,0,0,0,0,1
i feel time is sooooo precious i worry incessantly about wasting it,54926,0,0,0,0,0,0,0,0,0,0,0,1
i feeling insecure in my motherhood that day with concerns that minor local celebrities were about to abduct my son i was also feeling generally worried as i had woken up that morning with a face all red and puffed up,54932,0,0,0,0,0,0,0,0,0,0,0,1
i have been feeling a lot of stress through work as they are not being very supportive and i am concerned that the further on in pregnancy i get it is going to get harder to do my job so a little bit of support wouldnt go a miss and its not as if i ask for it all the time,55230,0,0,0,0,0,0,0,0,0,0,0,1
i also believe buddha was on to something where the hopelessness of all earthly endeavours is concerned because i feel hopeless i stole from the grocery store have age b,55395,0,0,0,0,0,0,0,0,0,0,0,1
i believe the negatives recede over time until the point where we will no longer worry feel jealous or be afraid,55490,0,0,0,0,0,0,0,0,0,0,0,1
i was made to feel at ease and assured that me medical treatment would be taking seriously and all of my concerns would be addressed,55731,0,0,0,0,0,0,0,0,0,0,0,1
i don t know how to say yeah thanks waaaay ahead of you on that without feeling like an ungrateful asshole like if i d only been more forthcoming i needn t have caused you to waste your concern,56577,0,0,0,0,0,0,0,0,0,0,0,1
i am feeling i still should be caring and concerned,57004,0,0,0,0,0,0,0,0,0,0,0,1
i feel all hot and bothered and most of all i worry and worry some more and boy do i worry,57036,0,0,0,0,0,0,0,0,0,0,0,1
i never feel unwelcome in that house and never have to worry about anything,57800,0,0,0,0,0,0,0,0,0,0,0,1
i feel angered and i feel tons of anxiety,57820,0,0,0,0,0,0,0,0,0,0,0,1
i wake up from a nap and feel weepy angry embarrassed humiliated and worrying about what to do about being covered for pain until dec,57875,0,0,0,0,0,0,0,0,0,0,0,1
i always feel assured that my concerns are not just those of a college student with no job but the concerns of a young resident worried about the path that our local economy seems to be leading,57940,0,0,0,0,0,0,0,0,0,0,0,1
i have become more and more concerned not only for my own future daughters but for all the girls who are out there currently trying to feel accepted by the worlds standards,58617,0,0,0,0,0,0,0,0,0,0,0,1
i feel almost hesitant to acknowledge my anxiety or else i d be claiming to dread life itself,58674,0,0,0,0,0,0,0,0,0,0,0,1
i feel the shortage of the feeling of concern and caring leading me to the bottom of valley,58712,0,0,0,0,0,0,0,0,0,0,0,1
i could barely get a little bit of concern or sympathy out of my husband so that might explain why im feeling less than sympathetic to his plight right now,58740,0,0,0,0,0,0,0,0,0,0,0,1
i can t tell you what i keep dreaming of because it s very personal and because it is so personal that i feel so tortured by my own fear shame dread and worry,58813,0,0,0,0,0,0,0,0,0,0,0,1
i am the type of guy who never votes but rather i sometimes have the feeling that my concerns are very often ignored by the politicians,59214,0,0,0,0,0,0,0,0,0,0,0,1
i feel reasonably assured that i can eat jiaozi without having to worry about it,59396,0,0,0,0,0,0,0,0,0,0,0,1
i feel that i ovulate every month even when i miss my period im so confused please help me because this is just another thing to worry about and it adds more stress and anxiety on my mind,59441,0,0,0,0,0,0,0,0,0,0,0,1
i worry that im feeling overly impressed with my own work,59498,0,0,0,0,0,0,0,0,0,0,0,1
ive been feeling the way that i have over the last months and reassured me that it is nothing to worry about,59615,0,0,0,0,0,0,0,0,0,0,0,1
im feeling generous dont worry it wont last i thought wed dash straight from one draw to another,59641,0,0,0,0,0,0,0,0,0,0,0,1
i awoke this morning feeling particularly gloomy not least i suspect because i refuse to turn my heating on and was slightly concerned that my nose had snapped off during the night so i think a cheery post is in order today,59678,0,0,0,0,0,0,0,0,0,0,0,1
i needed the warm apple pie feeling yesterday to calm my anxiety about the hurricane which was and still is a nightmare for many of my friends families neighbors their pets too businesses transportation and structures,59700,0,0,0,0,0,0,0,0,0,0,0,1
i have to actually stick to it feel free to give me a nudge if you haven t heard anything for a few days and don t worry i ll still be doing my music posts as well,60027,0,0,0,0,0,0,0,0,0,0,0,1
i feel all of my anxiety stems from the fact that im terrified of dying,60568,0,0,0,0,0,0,0,0,0,0,0,1
i started worrying because it felt so out of integrity to be promoting the love your life class when i m feeling all cranky,60697,0,0,0,0,0,0,0,0,0,0,0,1
i feel that i m where i should be but i m suffering from a very serious doubt about my artistic abilities and worry about the many technical inadequacies that i have,60789,0,0,0,0,0,0,0,0,0,0,0,1
i feel like when talk people think i only care about unimportant things in life and that nothing concerns me unless its my own small issues,60910,0,0,0,0,0,0,0,0,0,0,0,1
i us feel even more charming very suitable for the use of girls like a good friend concern under,61222,0,0,0,0,0,0,0,0,0,0,0,1
im not entirely unsympathetic to the feelings of disappointment and im entirely sympathetic to the serious concerns about practical realities that tend to drive them,61371,0,0,0,0,0,0,0,0,0,0,0,1
i sat in the lounge last friday lunchtime feeling all smug because now i am working from home the chickens can be out most of every day doing what they want and i dont have to worry about them escaping,61586,0,0,0,0,0,0,0,0,0,0,0,1
i feel lighter i worry less and i am so unbelievably surprised,61663,0,0,0,0,0,0,0,0,0,0,0,1
i thought would work well when feeling this would be meditation however i find it actually doesn t do all that much i am not saying that meditation is not useful however it was a key factor in reducing my anxiety levels,61847,0,0,0,0,0,0,0,0,0,0,0,1
i was all sweetness and love most of the day feeling mellow because this bug has me down and i have no energy for worrying or fretting or wondering,62091,0,0,0,0,0,0,0,0,0,0,0,1
i didn t feel that strong for this run and decided early that i should keep the pace mellow and just concentrate on finishing without worrying about the time,62288,0,0,0,0,0,0,0,0,0,0,0,1
i was really concerned that i d run for or minutes feel like death get all discouraged and not want to run any more,62621,0,0,0,0,0,0,0,0,0,0,0,1
i do feel more relaxed and have been relieved of unwanted anxiety,62787,0,0,0,0,0,0,0,0,0,0,0,1
im feeling rather resigned about it all and my only real concern is that it not impede my immigration,62898,0,0,0,0,0,0,0,0,0,0,0,1
i sit here in awe because i was feeling really frustrated that i had slid back some back into my anxiety over the last week but then i read those posts and realized how far i have come in the last month and i cant help praising god for his goodness and faithfulness,63122,0,0,0,0,0,0,0,0,0,0,0,1
i wanted to get good grades too their concern about my work has never made me feel rebellious,63299,0,0,0,0,0,0,0,0,0,0,0,1
i miss marching and saluting more than anything but i feel like in order to be successful i need to get my grades together first and then worry about other things,63638,0,0,0,0,0,0,0,0,0,0,0,1
i love that this is very hard for me right now to being saying this b c part of me feels that i am not being considerate and worrying about what everyone else is gonna say or think about it,63644,0,0,0,0,0,0,0,0,0,0,0,1
i am falling in love and feeling guilty for enjoying this space that otherwise would have me in a constant state of anxiety,63697,0,0,0,0,0,0,0,0,0,0,0,1
i am also surprised that the feeling of depression and anxiety and other unpleasant physical sensations are always learning in any form,63700,0,0,0,0,0,0,0,0,0,0,0,1
i feel worry for someone without caring about how it effects me,63757,0,0,0,0,0,0,0,0,0,0,0,1
i almost felt sorry for him because writers seemed to spend so much time calling guys like rickey henderson a hot dog that i was worried that leonard the real deal when it came to attitude and cockiness as far as i was concerned would feel slighted for not being hated as much,63871,0,0,0,0,0,0,0,0,0,0,0,1
i feel it in your tender touch each time you take my hand i know how much you love me i see it in your eyes the look that reassures me more than you realize i sense your real concern for me in everything you do no one could ever love someone more than i love you,64245,0,0,0,0,0,0,0,0,0,0,0,1
i hate worrying about money it feels petty,64264,0,0,0,0,0,0,0,0,0,0,0,1
i handle it this time around should i be very concerned or feel carefree knowing she ll eventually come back to me,64424,0,0,0,0,0,0,0,0,0,0,0,1
i feel like i am being selfish in my stewing in anxiety and overwhelming feelings,65006,0,0,0,0,0,0,0,0,0,0,0,1
i kinda worry pa nga that i wouldn t be able to answer anything kasi i didn t feel nervous at all and my head felt so light,65051,0,0,0,0,0,0,0,0,0,0,0,1
i feel humiliated by what i see i touch el coraz n de las personas que sufren conmigo i worry about pride and prejudice i cry por la inacci n de los humanos i am strong and optimistic,65142,0,0,0,0,0,0,0,0,0,0,0,1
i have never been accused of being dishonest like that before and it just makes me so angry i said feeling how his gentle caress slowly calmed down the anger which his words about fatherly concern had awakened in me leaving behind only my anger towards joe,65199,0,0,0,0,0,0,0,0,0,0,0,1
ive struggled my whole life with feeling rejected worrying that people dont like me,65331,0,0,0,0,0,0,0,0,0,0,0,1
i wish that people who have those feelings of anxiety depression and discontent could feel better not necessarily through medication either,65497,0,0,0,0,0,0,0,0,0,0,0,1
i feel super connected to social concerns,65760,0,0,0,0,0,0,0,0,0,0,0,1
i wouldn t be concerned at all just wondering what it is that s making my tummy feel so tender and sore,65823,0,0,0,0,0,0,0,0,0,0,0,1
i could have an issue or some form of beef with any of my friends and i wouldnt feel as troubled and as afflicted as i do when it concerns you,66113,0,0,0,0,0,0,0,0,0,0,0,1
i was again feeling a little overwhelmed and concerned and mount dora and my dreams felt very far away,66210,0,0,0,0,0,0,0,0,0,0,0,1
im thinking as my feeling husband expresses concern that he might have offended someone with a decision hes made,66245,0,0,0,0,0,0,0,0,0,0,0,1
i feel like crap and i m amazed that i didn t recognize them years ago i guess i was too busy being in my head worrying about how crappy i felt,66541,0,0,0,0,0,0,0,0,0,0,0,1
i need god s peace when i worry about my son s safety and i need his companionship when i feel isolated at home,66879,0,0,0,0,0,0,0,0,0,0,0,1
i feel so blank inside and then it switches to an intense state of anxiety and other emotions,66919,0,0,0,0,0,0,0,0,0,0,0,1
i always welcome them and love taking on new exciting adventures but it s the anxiety right before it the timid and scared feelings before that get me all fucked in the head,67049,0,0,0,0,0,0,0,0,0,0,0,1
i came home feeling quite festive which is worrying as its only september,67188,0,0,0,0,0,0,0,0,0,0,0,1
i didnt have to worry about forgetting to post them and them dying because that makes me feel rather morose,67241,0,0,0,0,0,0,0,0,0,0,0,1
i feel terrible for the children and even worse for feeling slightly relieved that there is one less thing to worry about,67425,0,0,0,0,0,0,0,0,0,0,0,1
i had horrible anxiety dreams every night last week and it made me feel really paranoid and of course all of that reading about conspiracy theories and unsolved crimes online didnt hugely help matters,67534,0,0,0,0,0,0,0,0,0,0,0,1
im feeling doubtful or scared or when i worry i made the wrong decision i can trust that whatever god has started in me no matter what he will see it out to completion,67582,0,0,0,0,0,0,0,0,0,0,0,1
im going completely insane and even though my anxiety has really backed off during pregnancy im seriously feeling violent its gotten so bad,67856,0,0,0,0,0,0,0,0,0,0,0,1
i try not to worry about being accepted by the other players because i feel like to be accepted you have to win,68028,0,0,0,0,0,0,0,0,0,0,0,1
i came home feeling almost overwhelmed with concern and affirmation,68039,0,0,0,0,0,0,0,0,0,0,0,1
i feel so blessed to have these at my fingertips and that i never have to worry about where im going to sleep or where my next meal will come from,68680,0,0,0,0,0,0,0,0,0,0,0,1
i was concerned about the fragrance because i m very sensitive to scents which can leave me feeling irritated with a headache,69169,0,0,0,0,0,0,0,0,0,0,0,1
i spend at work are merely a period of anxiety that i wish to end only to arrive home and feel dull and uninteresting and stupid,69328,0,0,0,0,0,0,0,0,0,0,0,1
i have painful anxiety and sometimes when i talk to people and i feel like i have convayed myself in a less than truthful way i get upset with myself,69556,0,0,0,0,0,0,0,0,0,0,0,1
i have had since birth are compounded by anxiety and depression brought on partly from genetics and partly from a lifetime of feeling rejected and weird by people who either didn t understand or didn t care to understand my differences,69787,0,0,0,0,0,0,0,0,0,0,0,1
i have never put my mind to it like this before and quite honestly i have just never put my personal well being that high on the priority list before and eventhough it feels weird to worry about what i want and need i really do know it is healthier than putting it all off and not caring,69915,0,0,0,0,0,0,0,0,0,0,0,1
i try to wage war against this feeling i try not to let this rob me of what a wonderful thing my body is doing and how beautiful the experience is but i dont feel wonderful i feel grateful for max growing strong and i feel guilty that i am worrying about something so vain and worthless,70188,0,0,0,0,0,0,0,0,0,0,0,1
i voiced concerns about people feeling strange about that about their bodies rejecting the artificial heart on the basis that the heartbeat would no longer be present,70427,0,0,0,0,0,0,0,0,0,0,0,1
i still have classes to worry about which make me feel more disturbed,70729,0,0,0,0,0,0,0,0,0,0,0,1
i dont need to worry about the divorce i dont need to see my dad run off for some alone time because hes feeling weepy i dont need to be told by my dad that he doesnt know where hell be tonight because things fell apart a little more with my mom,71128,0,0,0,0,0,0,0,0,0,0,0,1
i feel benevolent concern for the well being of both,71342,0,0,0,0,0,0,0,0,0,0,0,1
im feeling wimpy because i think i should just be stronger and not worry so much,71487,0,0,0,0,0,0,0,0,0,0,0,1
im not really concerned about where i stand in this valentines day business but this year im feeling apprehensive,71677,0,0,0,0,0,0,0,0,0,0,0,1
i don t want to be that angry person anymore i don t want to be feeling stressed i want to get rid of my anxiety and lately i been doing it,71955,0,0,0,0,0,0,0,0,0,0,0,1
i feel would be vital in this examination that reveal the deep flaw of islamic thoughts area ehrmans beliefs concerning jesus christ,72072,0,0,0,0,0,0,0,0,0,0,0,1
i pray look next to my phone what time i feel my anxiety levels getting too superior,72635,0,0,0,0,0,0,0,0,0,0,0,1
i know that this is most likely one of those phases that i go through once in a while but still i m a little concerned that i continue to feel this distressed,72771,0,0,0,0,0,0,0,0,0,0,0,1
i do dave sometimes i feel like a really ungrateful cow when i start worrying about potential reviews or sales figures,72851,0,0,0,0,0,0,0,0,0,0,0,1
i know these concerns are totally stupid and conceited but i can t help feeling stressed about the beauty aspects of the big day,72866,0,0,0,0,0,0,0,0,0,0,0,1
i feel pleased with where i think we are with our food consumption this challenge is giving me a chance to peer more deeply into the places where i could do better where our nutrition is concerned,72991,0,0,0,0,0,0,0,0,0,0,0,1
i feel like a lame mom for not worrying about my kids possible horrifying future because i didnt think through the worst case scenario when i had a chance,73155,0,0,0,0,0,0,0,0,0,0,0,1
i have spoken with my doctor twice today about my feelings and concerns and have been reassured that he we are ok,73462,0,0,0,0,0,0,0,0,0,0,0,1
i feel accepted as the big one in the family i worry that i am going to ruin the expensive wedding pics,73468,0,0,0,0,0,0,0,0,0,0,0,1
i fell back to sleep feeling surprised ive never known him to worry about anything,73525,0,0,0,0,0,0,0,0,0,0,0,1
i actually dont have a very good support system at home zo is months old and has no idea what its like to worry about weight problems and my husband who definitely knows what its like to be fat doesnt care about how he looks his health and sometimes i feel like he resents me for caring,73692,0,0,0,0,0,0,0,0,0,0,0,1
i worry and feel stressed out about schoolwork and not having money i find it almost impossible to fall asleep which affects my health on a daily basis as i feel lethargic and have headaches,73892,0,0,0,0,0,0,0,0,0,0,0,1
i feel something really weird about anything that concerns you,73949,0,0,0,0,0,0,0,0,0,0,0,1
ive confessed all my wrongdoings to her yesterday night i feel blamed i feel worry i feel everything,73979,0,0,0,0,0,0,0,0,0,0,0,1
i don t feel deprived either i snack all the time and don t worry about counting calories,74337,0,0,0,0,0,0,0,0,0,0,0,1
i have been feeling some anxiety over the prospect of actually caring for two children but i am trying to let go of that and let it happen as it may,74387,0,0,0,0,0,0,0,0,0,0,0,1
i feel foolish about some of the things that worry me,75365,0,0,0,0,0,0,0,0,0,0,0,1
i didnt have to worry about who was looking at me or feeling uncomfortable and out of place,75565,0,0,0,0,0,0,0,0,0,0,0,1
i am not but sometimes well especially today i feel very ungrateful and i worry alot,75658,0,0,0,0,0,0,0,0,0,0,0,1
i asked my daughter what anxiety was over the weekend and she said it was not feeling anxious,75798,0,0,0,0,0,0,0,0,0,0,0,1
i didn t want you feeling inhibited in a house full of family so now you won t have to worry about trying to keep quiet,75942,0,0,0,0,0,0,0,0,0,0,0,1
i shoved away from him feeling the cold sweat of anxiety break out on my skin,75954,0,0,0,0,0,0,0,0,0,0,0,1
i should feel ecstatic i m plagued with anxiety thinking about the odds and remembering my pregnancy with maya and how challenging it was from day one how i never got to enjoy it,76167,0,0,0,0,0,0,0,0,0,0,0,1
i still do worry about that episode i had on friday i feel reassured more,76293,0,0,0,0,0,0,0,0,0,0,0,1
i worry for my sister in law and the pain she still feels every day for being without her beloved husband and now our grandma jean,76534,0,0,0,0,0,0,0,0,0,0,0,1
i can only imagine how their families must feel they must have that feeling of anxiety and worry everyday hoping and praying that their beloved ones come home safe and sound and at the same time they are so so proud of them,76731,0,0,0,0,0,0,0,0,0,0,0,1
i feel like i have to take the job since i said i would and my other concerns are so petty,77409,0,0,0,0,0,0,0,0,0,0,0,1
i only have a limited amount of time to devote to creating and the feeling of frustration the worry and the procrastination really took its toll on my creative output,77434,0,0,0,0,0,0,0,0,0,0,0,1
i am feeling nervous is now worrying me i have picked up lots of little niggles and injuries along the way this year while training for and undertaking the challenges,77635,0,0,0,0,0,0,0,0,0,0,0,1
i feel like they should put those less popular color in the palette so more people can buy them without worrying about having the same color,77689,0,0,0,0,0,0,0,0,0,0,0,1
i feel calm and serene nothing to worry and no person is mean it feels like an illusion when compared to the crowded busy scenario everything here is beautiful be it flowers sparrow or crow for once i felt i was in heaven with the noise and frustration none,77777,0,0,0,0,0,0,0,0,0,0,0,1
i am overwhelmed with the response that i got on my last post and it feels wonderful to know that people who i have never met and who dont even know my real name are so concerned about my safety,78104,0,0,0,0,0,0,0,0,0,0,0,1
i can just check out for a while until i feel less agitated with worry,78330,0,0,0,0,0,0,0,0,0,0,0,1
i don t think you should worry about whether people feel they are countering some kind of conspiracy or suspicious that the full extent of the truth is being withheld from them,78384,0,0,0,0,0,0,0,0,0,0,0,1
i worry or feel uncertain or fear the unknown life goes on,78449,0,0,0,0,0,0,0,0,0,0,0,1
i am not surprised by this aspect of the evaluation because although i feel anxious at times in communication situations i also endeavor to calm any feelings of anxiety as quickly as possible for the sake of effective communication therefore others are less likely to sense anxiety on my part,78512,0,0,0,0,0,0,0,0,0,0,0,1
i do want something with a little more of a holiday feel dont worry i wont go all ugly sweater ish on the blog but something different,78673,0,0,0,0,0,0,0,0,0,0,0,1
i don t feel so frantic when i cook because i am not worrying about chopping and stirring and measuring all at the same time,78879,0,0,0,0,0,0,0,0,0,0,0,1
i worry when skip doesnt feel well,78885,0,0,0,0,0,0,0,0,0,0,0,1
i feel so useless lying in my bed worrying about my weight and homework actually,78925,0,0,0,0,0,0,0,0,0,0,0,1
i feel very reluctant to hang out sometimes still and i worry i may become something i don t like,79056,0,0,0,0,0,0,0,0,0,0,0,1
i feel relaxed not picking up any sense of tension or anxiety in the air,79160,0,0,0,0,0,0,0,0,0,0,0,1
ive been trying to fill my spare time with some of my ways that i like to de stress and cheer myself up with to keep me from letting the anxiety of feeling rejected and worrying about how im going to earn my money ive been doing some of the following,79351,0,0,0,0,0,0,0,0,0,0,0,1
i remembered that yes i did feel a little anxious and wondered if anybody was staring at me though they most likely were feeling the same anxiety that i felt,79382,0,0,0,0,0,0,0,0,0,0,0,1
i can feel like i am talking to the casual reader rather than a paranoid worry as to who can use this against me,79417,0,0,0,0,0,0,0,0,0,0,0,1
i asked feeling something between curious and concern,79785,0,0,0,0,0,0,0,0,0,0,0,1
i don t know maybe it s just me but when i cram i feel more stressed and i don t perform as well in the exam because i m too busy worrying about what i ve just learnt,79788,0,0,0,0,0,0,0,0,0,0,0,1
i saw alex worrying over ryan so much and feeling so helpless because he couldn t erase the wrong,79789,0,0,0,0,0,0,0,0,0,0,0,1
i feel like i have some fantastic ideas but still so often worry i ruin their meaning as i attempt to put them into words,79825,0,0,0,0,0,0,0,0,0,0,0,1
i know is that my anxiety is under control i feel calm and more importantly i dont feel medicated,80249,0,0,0,0,0,0,0,0,0,0,0,1
i feel like that frightened and anxiety stricken third grader all over again,80317,0,0,0,0,0,0,0,0,0,0,0,1
i don t worry that i will feel irritated commuting due to the hot weather,80382,0,0,0,0,0,0,0,0,0,0,0,1
i feel jubilant about this perhaps the worlds and concerns of kenyans matter to our authorities,80637,0,0,0,0,0,0,0,0,0,0,0,1
i worry that this is the comfort zone people speak of and that i have fallen into it as every time i think of leaving the company for other opportunities i feel slightly reluctant,80757,0,0,0,0,0,0,0,0,0,0,0,1
i love having the feeling of people genuinely caring and concerning for me,81205,0,0,0,0,0,0,0,0,0,0,0,1
im feeling somewhat generous as concerns preserving the integrity of these poor saps and their wooden to overblown acting choices,81728,0,0,0,0,0,0,0,0,0,0,0,1
i have been a little concerned about feeling submissive to my thoughts,81942,0,0,0,0,0,0,0,0,0,0,0,1
im tired of it consuming my every waking hour i am constantly worrying about the garden and having to keep it damp and shaded from the sun but despite my efforts we are starting to lose plants and im feeling a little disillusioned by it all,82448,0,0,0,0,0,0,0,0,0,0,0,1
i spent most of thursday feeling slightly anxious if you all havent caught on my now i can do some worrying,82469,0,0,0,0,0,0,0,0,0,0,0,1
i find that when i m feeling most vulnerable to things like anxiety is when i m stressed sommo said,82699,0,0,0,0,0,0,0,0,0,0,0,1
i do not feel reassured anxiety is on each side,82924,0,0,0,0,0,0,0,0,0,0,0,1
im feeling quite stressed as well as concern over my some students because i dont know if theyll able to make it to the next semester,83088,0,0,0,0,0,0,0,0,0,0,0,1
i have thought about ordering or conjuring a pair for you but i feel ordering would be too suspicious and i worry about using magic so close to your eyes without any formal training snape explained,83537,0,0,0,0,0,0,0,0,0,0,0,1
i feel their pain because i ve had friends or family do things that i questioned and you have that struggle between wanting to be supportive or feeling like you are honor bound to speak up and express the concern,84156,0,0,0,0,0,0,0,0,0,0,0,1
i feel timid scared and full of anxiety,84415,0,0,0,0,0,0,0,0,0,0,0,1
